file_double_trailing_newline.csv	3350f7f13fae1696698384acaf990d9a283588580c20f4908a6db3fda4645730
file_escape_char_0x00.csv	d8044df4ee6d5837948bd64e75f26e1d56a7d35a0e387467a0ad18f0fae0825c
file_escape_char_0x5C.csv	dbd3c39e20bcd26807b9e83eac92d3adde9c4bc1f5617e3d5994fb00c271c67f
file_field_delimiter_0x20.csv	4b11470f9461dd4d7984292df805993556d9e941b3bad39597a59057d48977e8
file_field_delimiter_0x2C_0x20.csv	3350f7f13fae1696698384acaf990d9a283588580c20f4908a6db3fda4645730
file_field_delimiter_0x3B.csv	3350f7f13fae1696698384acaf990d9a283588580c20f4908a6db3fda4645730
file_field_delimiter_0x9.csv	3350f7f13fae1696698384acaf990d9a283588580c20f4908a6db3fda4645730
file_header_multirow_2.csv	f5f914a46a454264e8127a6d0e3fb8bd1f2787bbd503c471f0574b28589bf1f1
file_header_multirow_3.csv	70145a2ab2c3414cc4597d0c59ae0f1a46d9e1313ffee71fd0f9fafda1c773d8
file_header_only.csv	3de47ebc5b11f4e87e26a02fe63ca8ee7bfb1e1e568160d960488aabdf3159fd
file_multitable_less.csv	3350f7f13fae1696698384acaf990d9a283588580c20f4908a6db3fda4645730
file_multitable_more.csv	3350f7f13fae1696698384acaf990d9a283588580c20f4908a6db3fda4645730
file_multitable_same.csv	3350f7f13fae1696698384acaf990d9a283588580c20f4908a6db3fda4645730
file_no_header.csv	7832040540cbaf0b07cf7eea24ef75103d0f5d2eb3e0e0acafd26373bf71e6b2
file_no_payload.csv	e3b0c44298fc1c149afbf4c8996fb92427ae41e4649b934ca495991b7852b855
file_no_trailing_newline.csv	3350f7f13fae1696698384acaf990d9a283588580c20f4908a6db3fda4645730
file_one_data_row.csv	75d7309417009c934bb24992dc4218ae27521a7aa4996e83a36b7f5d987bfff1
file_preamble.csv	3350f7f13fae1696698384acaf990d9a283588580c20f4908a6db3fda4645730
file_quotation_char_0x27.csv	a2693ac07339d1fc295b9c0f36854423c154cf493f089f57ee68272566220025
file_record_delimiter_0xA.csv	3350f7f13fae1696698384acaf990d9a283588580c20f4908a6db3fda4645730
file_record_delimiter_0xD.csv	3350f7f13fae1696698384acaf990d9a283588580c20f4908a6db3fda4645730
row_extra_quote0_col0.csv	36bead23029efda92f7fa592878e942bfce155972fa0816e8352201f0463f74c
row_extra_quote0_col1.csv	6231f6eb1c740c6d60820b9338e3833850751a20f1d5847a077509be661cce9f
row_extra_quote0_col2.csv	0a87da17d9f9fdc62b6bd9963aca8b4de20a3368fba909faacf5fbcdff87cf49
row_extra_quote0_col3.csv	f1964aa917a5087b75368d6090adb34735e108ecbea5c074c176c9ee986c3786
row_extra_quote0_col4.csv	905eb287ae21dcdad6a52aa5d29d587a48ee15d0324d298d6e3eee5fe9352380
row_extra_quote0_col5.csv	f7cb52a4f6d3f72b84c38ecc78690df18e59de518a3dfd16a5134bf57fc4d32e
row_extra_quote0_col6.csv	839a01ee2163dd19ffcc1cc40de7d0b9c5f247fa263525636f777e931a09f60b
row_extra_quote0_col7.csv	369ad1deecf7d87c832b41443030b4f904f2bad578c23732aadbb9c5d8398c43
row_extra_quote0_col8.csv	3d571d1b08e71ef4dd0eae6bd079bdc28859d10855f53f94ae785de08595cac2
row_extra_quote10_col0.csv	4285938cbd992c2b943f06e76b50ebc599e34c340800114df12fcda5deedf474
row_extra_quote10_col1.csv	fa7445f8ce581d615c6da2f359a80ddb1365ffd704672fa57633bc2fae57495a
row_extra_quote10_col2.csv	1a20d39d4edaac75edf04473a255981c2d1e77fb8a2adfc9a6885f588ba756c6
row_extra_quote10_col3.csv	d50ce032eb13b393c2b90c71e4f86b1377b068566f94ec88cec62f5c08c5d318
row_extra_quote10_col4.csv	70e33f1db03aa385c6c1e357bee903a63f467cebd2a5b142122f5320bc0fa277
row_extra_quote10_col5.csv	15c18c168106bcf4abc0b6ed38b9c5ad76992dfadfb31e4075871d6638b85753
row_extra_quote10_col6.csv	19493b70426c76ad234109b0a7f65ea800ca1143416730694c3987d91ff2796f
row_extra_quote10_col7.csv	e153bbec5a3b400e5c929c966dac32613aee720293b0ea7ef6d86b2e35deb2c9
row_extra_quote10_col8.csv	51536b82316ce5f0a89dd6980ce6310da5f8be8a32a847aa5188c1b0cdbdc3c8
row_extra_quote11_col0.csv	da8cad75c518e16f39a8221eeab97320fd4f3d3ad49ab15ef8be0b72ff99deb4
row_extra_quote11_col1.csv	b175ffc558c14c1265b7c70b680e4150383f791db7c79dd05f5f6cef2d4f151c
row_extra_quote11_col2.csv	741563438b8bad8595616c38582b02add7f30562fced1601c1f6a3757390d3a2
row_extra_quote11_col3.csv	71d9ac0e5c8919315715e618b0858fd6bc2c74ce28037af73252e59d2c12f6cf
row_extra_quote11_col4.csv	dd4b59daf06a9af36accba39cad5f24460b24b741d653b8c0d6098df413c26ef
row_extra_quote11_col5.csv	4c1268482e4ef0d3c5e32050a3a53ed155b493f0c17c7fea284351c8d692e975
row_extra_quote11_col6.csv	15a452c3543f3f91133eca2431f72af9e68be79c7eb89ba416a18c375a91e4ef
row_extra_quote11_col7.csv	e27b39eb500689cb63e2227d4937064ba8e1b5cc17beb455c92dd87a9e7cf71c
row_extra_quote11_col8.csv	16e1c6851be03b3bdd0f50eec586afbefec6cd6f39ff99b53ceff7d7e694db47
row_extra_quote12_col0.csv	5ffe9297afa05b60dd5fc39341db5f4b9d446c06e689c94a43cd57641a615955
row_extra_quote12_col1.csv	c761c9aa94dd96e5f44d14815df2597c94e016414245586894c0f24098ad7088
row_extra_quote12_col2.csv	a0631d5f58c0fbea8b40c253ebe48c1ab41fd2452e606e1e848a88782e3d9394
row_extra_quote12_col3.csv	da88fd22504ea76fc1aa32947916870800fd4071c649f21c918092c17ce563d1
row_extra_quote12_col4.csv	5ba34094b62204c41683cdb234a5a8afdbc43b8db49c660af843fbd49c324860
row_extra_quote12_col5.csv	5ab805afe2353b8ca209fc8f5bde8c2266ed36510a2d6ae11f71e9f1d629fff8
row_extra_quote12_col6.csv	718b7d770d9096ad15ffad08eb9cd832d473d80ccf639e44e616944f8c29aced
row_extra_quote12_col7.csv	da85fd92ac80baaf392881c06a5df2e0475ef30da552159a161ea67e910990c1
row_extra_quote12_col8.csv	99ce168c59b3cb41654a1691b6f67aadc42588fd8466968c4d17ded78354dfb3
row_extra_quote13_col0.csv	f689c6e579357bc69cec6109161ee32088d0b0f2faf4f0c82225cfb45bbcdefa
row_extra_quote13_col1.csv	331e938e87e7f1bc87a42da2c9ec6b904b54d0c8db278c08ab260a24fc20c3e1
row_extra_quote13_col2.csv	6782b93235c8742efe084b659964dd7943c9aa0159c9a585e7eea05aa71e8dbc
row_extra_quote13_col3.csv	c812525b4ed6d5e1e2a596f9691b26bc165a1e689d80a2349c53bd8bce9e76bd
row_extra_quote13_col4.csv	df43b5e51c17b75fc4c760d50bbf4f025f029d1a7583a93789ee49e413629bd4
row_extra_quote13_col5.csv	c93be1bbd0beeacf57d34d1f7024eb749b9c794a19ee801d149847c5113d7f1b
row_extra_quote13_col6.csv	67bd6aa887bd8f5a6183776fac0ee6bafd688084e86e0c8ae74e482d16f7b077
row_extra_quote13_col7.csv	fbdd6204a19e9a3363a9fab5e262363c51a8437904ef5ce8f6d4c6c7eedc0707
row_extra_quote13_col8.csv	1665a730db070b2fdfeca3a8beacb40342424a36324e63d443e3a10c1ce2e4e7
row_extra_quote14_col0.csv	f87397fa9befe5b6827f65ffee6388b4f5fe93c2d14eb6f4ba957c0681fa1fce
row_extra_quote14_col1.csv	d1ee0cb78c40a4c1b63aaf0fc686b4bb118895e23db64ac00b61eb46e744be16
row_extra_quote14_col2.csv	d3596fd6c425f00054c3cf84fe885ba220599bfe7122c6eb4f9be5d6202e4e0e
row_extra_quote14_col3.csv	d750c7cd7d7ecc19c09b1a739e456173fc5b246fcbcdc618f707097ea0ebf707
row_extra_quote14_col4.csv	bb0ff8885050f0c858a07058d344efe30bb7cc2bb17e234d7fde11f7c29a1cff
row_extra_quote14_col5.csv	e6aaa93f5b2385c18e843e7a5e7d099b6aa56543d98b050b99b5d292946eaa0e
row_extra_quote14_col6.csv	0ab2ea0fb0108765f8898647385fa05be82812f209559141e13db15d0d2dc878
row_extra_quote14_col7.csv	28024a3f305057155024efff0d20f89f5c042d747d5cdbd2faed548b79c79bd7
row_extra_quote14_col8.csv	cb0b994d459263ed66b15d0282803095f1f89269a6881ceddf28e3444b4b6a39
row_extra_quote15_col0.csv	f0ab53f29557f6795a405d641c510af0f7235b2f495940df840da3ad07cdc708
row_extra_quote15_col1.csv	edec74ad3f64f058d07998d9359751b3a2b828e2aaf609f98d016b78332c5976
row_extra_quote15_col2.csv	70f8d32d668dd7f30244a7571538303a406b9ff0d6cc763691d55a4b6132908e
row_extra_quote15_col3.csv	59bffbcecb4fcefadc5214d091505f98e99d2f8c535f58b419bdb14ed43f4431
row_extra_quote15_col4.csv	e9739c96333a3231f02fda19bab89ad48faa8b8bb4c65b422cb68e8ab00b1971
row_extra_quote15_col5.csv	438286984514467b7e840ffb0b6e28cce7adc3b84fd129dd69d0cc86adc21bdc
row_extra_quote15_col6.csv	524f87ae86e531da180d8e6bcb7788d98057aaada2a143616bac86fef98726f4
row_extra_quote15_col7.csv	33fe4d704bebe32fffd35b542abc9d7275a94d795048920cedf7bfca1ba532ce
row_extra_quote15_col8.csv	0e7920f309353df040fbadac6facb1010a19337971e15eddaf1ddd9261d9c1c0
row_extra_quote16_col0.csv	8e042777010ee56b7ed9bb28c47ad62c237431d06ac8854862f15a5a65fe494d
row_extra_quote16_col1.csv	4d67ccdbcfc9483b208b9738d2454ceb5fa666996f6e7a51c025ab76946048ce
row_extra_quote16_col2.csv	76c8ce42a69a4df9bad76ce39597394b0b45e12f097ebdd3945387ce21c644c1
row_extra_quote16_col3.csv	d5867aab3ebe55ae597b8c944b6c52276f88f50714c8c58a14b28e531c9007b7
row_extra_quote16_col4.csv	c1e93290ee5dff5ed8fbb666bca1194c5ccc9defd91c17219591aadcbccb2bea
row_extra_quote16_col5.csv	c4f0657199fde0e03e405fbcbd6182d4ae0d6bff0a2287bac7db690a33e33892
row_extra_quote16_col6.csv	790ccf230e5a0217d5e039ae7c7f23c36e7a6b6359b9e5c03f66313276ef01cd
row_extra_quote16_col7.csv	8c498a2233270ea1f623a15870de127927042e0b538f766d304bc8d11c594cbb
row_extra_quote16_col8.csv	283d65555fd3fd2537235154a3834005dc358cbb4e58a53311be23df2b4ee62b
row_extra_quote17_col0.csv	bc5308de305ef2d8f7c4c5d857bef7148f03313a4f725556ada59d9c5452cf45
row_extra_quote17_col1.csv	9cce4e8121d559d9f361ec187134ac0c77dd51305a1422699a4455dff075a07b
row_extra_quote17_col2.csv	690021cdfeb2d25d1a5c357a313ffa0e70a9db421954346e2c4b523863a60ac6
row_extra_quote17_col3.csv	e4a19931234e42f457703b79a42b63e6a8dbaa5f515ae5144ca96ab01c8d8665
row_extra_quote17_col4.csv	728748fdc7c1e8051465997d4d8e68b97b6cc217f54730347bd393e81b7febf4
row_extra_quote17_col5.csv	ca01161adff3e19e57ddeba6babb510970aa6c7d925f543d1e45debc3055c4b1
row_extra_quote17_col6.csv	becfd83e0ab0da31046c7cd41b33de3c6bf9ac1672a463ed5569fc44ddcabb34
row_extra_quote17_col7.csv	0583bbdb0f729875c50de90c62e56e385970a8c0befcd1a207590f444ed6f159
row_extra_quote17_col8.csv	e4ce832977d686e6f3b63432d7d1c70454d39055a17237c6ac9b7a606edcb192
row_extra_quote18_col0.csv	046772c30741dc46ecfb1effd12540644d75e74f1a5902e77c986c49aec9cfd9
row_extra_quote18_col1.csv	19e7d0b646f7aeee0f89e54a60dcd85f9a8f5c1683064dfb86a08ae8b70d0485
row_extra_quote18_col2.csv	c6a7a97cacf06bd01e6bb31f1c9586e26e5096c7996af96c0b355f57b7c3dc97
row_extra_quote18_col3.csv	ba3af37e18c13e2586b09be0f9a21efe76d8d190e1a212d7fd123aec3ea38b2c
row_extra_quote18_col4.csv	dfc63248497c16be1aa705874bafe329b449668e3bf421adc464a9214dcb245f
row_extra_quote18_col5.csv	6db255572da0c0c540c158a7c3a76599005eb2afb6337e321c7fbc2c2e12fc6f
row_extra_quote18_col6.csv	ee8b9599eb69ee770f98da2029e8be44b7651eafedb7f640f5b70ab0a6808b97
row_extra_quote18_col7.csv	4736cbf1e894556fb90150956687b861b0fa0b14dc9cd981dc8c4f564231e962
row_extra_quote18_col8.csv	92e984d20fb971b43525df8b2029cb72bad5a859d9bf48e842dbb529e0a13ba4
row_extra_quote19_col0.csv	0935922dc84fc9edf2d49ad9656149a5b3793a2e41dbf9d6ed82fac455ac3f76
row_extra_quote19_col1.csv	ae30625bcdf54c72e45071a4846d54373e4f447b0481703db76be6105daa0973
row_extra_quote19_col2.csv	08f2403411e0eda9296b941f1b3f138cfb309d0db20a237ec01125caec32a544
row_extra_quote19_col3.csv	94ee5e4817fbd8b4fad695e33143b0b1291b391e421392f1a9b305f1b169e343
row_extra_quote19_col4.csv	7694f1437d523c7231f9599ecdb8779f23c94c175877996b962b5a9a41d6ac1b
row_extra_quote19_col5.csv	d22c1f31a10942124dea77e2df7e4c4096416d1efbf809691c22d0752892998b
row_extra_quote19_col6.csv	7f6aad62ad62744aaa4d1b6f251fa4f3283b84cad87f11570835cad1b0833e8b
row_extra_quote19_col7.csv	1c963c3b42ed690ef54b820e8a6e1bd2b20dcf7994c39157236e907cf0da1c19
row_extra_quote19_col8.csv	b7200b77d35a62c8588240e4b31e52665579ba105bc4909e40b6b170bdcdc942
row_extra_quote1_col0.csv	247803ec485dd572ba2ba9787c4c5ffb68a6eb6c3819461aeec66a6b0e585ae5
row_extra_quote1_col1.csv	b0dab4a4a4136c5ffe2e703a0f44be5208e0227d478ff2e6a09b55aecae5e946
row_extra_quote1_col2.csv	6ef02e8f40d4025c09b5895de81ad097cfcc9ae81bb8f83dc7ad2400b4e2c50e
row_extra_quote1_col3.csv	b25c6c7b111671affa461f61110c22b0b1b28870978746753c885995ae5d44ab
row_extra_quote1_col4.csv	c50c7960b2fc75668fba29bde87d191fafa863a08cebe17a96c08831465e9110
row_extra_quote1_col5.csv	563914f2b1b3da9b82ecee8e4211260aba83bd87b7af273e30b59a0a05a2996b
row_extra_quote1_col6.csv	e264d4bc6aa4ca9563004c7901c82e808b316137a95fca29a8836fc730644fa8
row_extra_quote1_col7.csv	8d622a438457451460bdba5f8d24581e122410090646aaf9dd2e0123b7a71281
row_extra_quote1_col8.csv	a8cfc9fb258341003de6435501ca704f1a73f6147418f7f95c47b64eba7ce936
row_extra_quote20_col0.csv	33f1cdf09211224941955dfe3a5f4fb9c5b0e61527775d2836fe2a68859a7cab
row_extra_quote20_col1.csv	f89a1a6a7bf798a901a85c4860c157370836f7497059a8ecaa19b70d566c6143
row_extra_quote20_col2.csv	cd2585abdc07024a4e95e33ec2c9dc184c3d57a3ebf9f195a665d352ed2816a3
row_extra_quote20_col3.csv	2c8f1dca00f7f041d529047c7258f910090b581ba2d4069001c3604a7aa08708
row_extra_quote20_col4.csv	eee9fdd0aa4c4a16012006733486e0616286208281e2f3590f8d33607258e8d9
row_extra_quote20_col5.csv	ee0b53d65a2ef13010a03cd0e0e03cfd8e43f052c8fcbdfd21e4c91418da29db
row_extra_quote20_col6.csv	86504595cd827ce7090043be6e57e39c10597d49ee235acade8f27b288557c11
row_extra_quote20_col7.csv	8e7268420a0adb45739386eb29f49cf246519f0fd1282a027bf8028a3da62ae3
row_extra_quote20_col8.csv	4d209fc52224081ccef19320c4cc6c40bb4f54a58d152a5551493803884f6283
row_extra_quote21_col0.csv	4f95d313c84d4bed7ada350d6bec5b623d16bc09f5d693a337ca31d53f9125a1
row_extra_quote21_col1.csv	a337e59992866ebbbd369224a9c20e75fd3a75f481ad3c1cc7557a0381a51002
row_extra_quote21_col2.csv	27daae16d714ee2465cd288d62fccc5fd3aec44c53370faeeaca6a1c817c9425
row_extra_quote21_col3.csv	5bbb042e4af92ff28182a716aa7d85234796898c5db734ea9cb8b2aed2742da5
row_extra_quote21_col4.csv	232a382e3ecf11c3326e67b22d106c4d7114bd64cd807623935ea6db58e4f27b
row_extra_quote21_col5.csv	bdc655e868b3bfb10f0e4ba0468b3dcf27d66a83b3a101957716357a0ca4c37f
row_extra_quote21_col6.csv	f5ff071354b859832a50f14011fc6c5203ef813c0f634cb51dae53b221a422ca
row_extra_quote21_col7.csv	5ddd2b315add0c3b97d45d0553198a8421261c5f65400abe885abec5412caa81
row_extra_quote21_col8.csv	9a2db615048d5eee369cecb6461cd05f784acf71dc3aba32fb55c23c0b0b0ba1
row_extra_quote22_col0.csv	62e10b3656a673316639a3ad7e5e12597c7d49902ecc46b4811144f3a5118915
row_extra_quote22_col1.csv	423228c45f0e934b36abd0b9119b39d3d9af345cf39f6d81d29edf30d357620a
row_extra_quote22_col2.csv	d08246934ffbe6e8fb9f3839acd50aadf393bab51966ac5ebcb903c447dbc48a
row_extra_quote22_col3.csv	475b7c31ce523f4772c5ed9c6cc51aa0e6aa35b36b937857f6052756a9ad56c0
row_extra_quote22_col4.csv	e946d57f779f155bc3c3dad153debcdceb8d8e0e8a1e0b3612cc101b20c9fcb5
row_extra_quote22_col5.csv	ee0ec4dcc1226d47316c3ffa869d2ba84d9f610ff7d7c023c99246ed567b943a
row_extra_quote22_col6.csv	7124b2a8c5ceefa483746200a07a2cfbd66d1d9919cd25491519bb168842ce7b
row_extra_quote22_col7.csv	ffa6e0dc5897eafda9997d45c6dd90bc03ee51d786259a602dc93a5276d0de7d
row_extra_quote22_col8.csv	1bf584d78969741eaa609306d5f2fb096ff963e7763adca83a0df78b1d033b5b
row_extra_quote23_col0.csv	2149411077e4a850744979bc965befba66e21f63e7d56d2c4ac8328ea32a7b92
row_extra_quote23_col1.csv	7d23198f1c590b3f35e206438e1ac962707ce6002b197ff70dd21949e9ab110c
row_extra_quote23_col2.csv	f89a5dd1c82514d3569c6ec7480260c6ba6c02c3520ff6a3041e3b1bf33c608b
row_extra_quote23_col3.csv	2098edbae6551d793c90cccf33fe51b7e0e99fb2160cacaa8c63b4d358aa5786
row_extra_quote23_col4.csv	1333d7398eac92f20900bc9e16d5e8545dde624ca50493979043855ae40ada9c
row_extra_quote23_col5.csv	f2a414c008c4ccee0ef6473004d421341fdedb6621318bd8a4b5d4c5d57d873b
row_extra_quote23_col6.csv	f8f7e9f8fbcb9ec16613c1ee68d319efd069a9c2c074d7c6798e9de7cfa1a334
row_extra_quote23_col7.csv	653eb56fb3c8946a3e386ce485cba3d738d5422590fd207b12380193f1d2bd80
row_extra_quote23_col8.csv	0f8322f74b183499a6cdb1fa66091506cfa1521c8fb2338f226e72157748d926
row_extra_quote24_col0.csv	12680610fc242efe50d1aac19e34be4ed9c1f809f10df0997734ec2d777ae1e5
row_extra_quote24_col1.csv	84c640a7dcfa68f6b5d667c286cff8d39e76c111b9a5271a63d4d80412187a95
row_extra_quote24_col2.csv	e442751b6bf2286c3fbcc5c9539740f84128804d608aec98a0d770ef9dc567a9
row_extra_quote24_col3.csv	7d0d9fff6f54597bd39337e8a2c57319c371ddf0b8738c962266355afa43308a
row_extra_quote24_col4.csv	7cf5df6e7bd2ef7b02c4e3c6e243737ebeca4fa0e507ae0de199e9c88e65465d
row_extra_quote24_col5.csv	157725f7a44a7fb017b9b3402190fc8577f6448d16534128bab0acbe3466d529
row_extra_quote24_col6.csv	21194eb032ca2afb6c7f83e934779455135e28d9ab0b4b763070b11daa7a88bb
row_extra_quote24_col7.csv	a91cd23599cca1880bf4e6faa3d3e414c205d6fb7a6bd5af0b6b4e9b5b0ae892
row_extra_quote24_col8.csv	b743a13e1835643e294665164173c9333c0843162560c8369e3046183969f5a4
row_extra_quote25_col0.csv	d5aa6978b8975e26f3a006e1631bc87b1ed4b22935794a61935bc959e11d5a50
row_extra_quote25_col1.csv	5632e7ee3bb9427d49e705ad5b247ff0d1a018343a73286687cfa2cc59bec16a
row_extra_quote25_col2.csv	f667e7e28ac6ae69fb4aaf7cbc15581dc3da3355ea761ade3acfe17b251bebab
row_extra_quote25_col3.csv	5f9b999ce0a6f14794fe0ae708a964ab500fae3ae277ef1825d9432623776a9e
row_extra_quote25_col4.csv	334eb037bf6b7263217aaa01954b78e72a0350b0e75c4438f48b582a3901b0b4
row_extra_quote25_col5.csv	29ec8d94eddb86e7b56fdc86d9936375daecf9fb267c429b6c84fc32e274a860
row_extra_quote25_col6.csv	3eeeff3f1d1cf16486182bd765438413d3626b487717e660f21cdf09659fb5b7
row_extra_quote25_col7.csv	a2e4fc542c1d02c730b798574aa41097d4320f16ef26fbf0c38d6f7a917f55cd
row_extra_quote25_col8.csv	22575b13c1268d4cb820e96976440f63c41976d7e1d5cb29f911686ca46072e8
row_extra_quote26_col0.csv	8ba56f593bb62df0fb1ee1032fe713dd9869aa5fb4593955c340227b39b25eb0
row_extra_quote26_col1.csv	853ae2b7da85569f31d747829f9267712e28b6b909f1f5bcf1d9a15c7f6582d5
row_extra_quote26_col2.csv	557622222e780cd4c1963015a7e9ffb35a911af6c7039e2b0f75205ebf45b9de
row_extra_quote26_col3.csv	b059a47d4267a0391883e47de3329001b19320c410121a9e79f0ea65d5f3f36f
row_extra_quote26_col4.csv	9eb5ff2135bb4d410391235c281c73185c48e99dba88072c2107923b66de07e1
row_extra_quote26_col5.csv	790e8bc181fcfa7f58bac3da26f3ebf02f8be3a9a76e363cc1800d9311207fc4
row_extra_quote26_col6.csv	ee957967e4b6fcd9b8fc35310b5c30b2c0b4c94cf450bc67363e6b7ac903804b
row_extra_quote26_col7.csv	4550dc8dcd05a098bd4f997fa682d0213a7e04edab6082fffff78fa3b8d0f279
row_extra_quote26_col8.csv	73db10a05f23e50262eb5d4a3f9c801cc4602490535a560de5d1bdfc11a27ff3
row_extra_quote27_col0.csv	9a896d9925f1c729471ff6e629061b91ec8f43278bd7c5e67dd51452651b2fe1
row_extra_quote27_col1.csv	bc2cd4e8569d0256f9f245c56faaf3b3c448d5625507079e3cb56cecde953cfc
row_extra_quote27_col2.csv	086f344cb09979cfc4b08a56bcc7384fcbac005e5c04a90be91f8fab52c234e4
row_extra_quote27_col3.csv	bf6b0f9ab0bd53cc50db769e0ed8238729e21f0f80c21886766f1889943c872a
row_extra_quote27_col4.csv	3ef9edc9d6917ca15e2f66bb8da7181fffbfe52c39f5d7fca89e108a4413e10f
row_extra_quote27_col5.csv	811b07e7da81360a7f915b7c8e888fe843df130ba336511a1e2d9cbc7130a7fe
row_extra_quote27_col6.csv	24d58c6f34bd5588cda34c033dab2f15069c8e3ccaaab3e1ec64947e41677ec0
row_extra_quote27_col7.csv	99ceb3bedbbf3a6bb598d87001b3350cea9bc852cce72cb8da85272669f4fc9c
row_extra_quote27_col8.csv	5f8402255b6c2bfa19378f4b42ad3652646f56678bf7df59a4ce189756482575
row_extra_quote28_col0.csv	a6da8e8258e6246a78699a75169ef3207f0f1e97ebd4a8e10fa1b1080c6bd30f
row_extra_quote28_col1.csv	5a916985ea9d017bd8de3f4b35af588698b7df83bcf4387f6fd3eb5d0d5b49be
row_extra_quote28_col2.csv	723c9a0e2f5ac37c3b447628e399ce1e1c19618bf2494060b9dd9f60cae336b1
row_extra_quote28_col3.csv	19208b2d5ad853eb5c010e0d7d4e21d8242701c0927fc142df1f1ff4a9bd0918
row_extra_quote28_col4.csv	061bb255fc2b39ffaa372b24bfcc6fc52fd310cc4ba4f3d9fbb17379675f6287
row_extra_quote28_col5.csv	3680b60b6c58e3be2934323644cfc011eb04bb8ba6bf4657e340409eacc9ec0c
row_extra_quote28_col6.csv	f5afc158c52001ee6322d2ee92199ed72ab1a3fc4434816c2362167e176234f5
row_extra_quote28_col7.csv	bc37026e0a21d6fc0a4fd06da650f7292a28826f5e45b214558090f591f92fcd
row_extra_quote28_col8.csv	7df3566fbea806d7afe93649410bfb73fd0fff3ce860a312ba4c9a1a84014fa0
row_extra_quote29_col0.csv	b8a37d179016d37bd225ba2892764fbb35e9c954c03c80f3f50e64e545308915
row_extra_quote29_col1.csv	80d9c8c7da84d81847ae3b817dc24f719d91f7c9970cede14f2f30bfb70f62a6
row_extra_quote29_col2.csv	d0635efa6627b68738e85afcd21efd58c12589a7dae550c35f2cde6bb7d8b9ca
row_extra_quote29_col3.csv	3c0dbc1fc4e19b7913db9bda6f865066f80af55fbe145eefd49d15d2f9a01f2a
row_extra_quote29_col4.csv	b7d6af9ad6e2909e56a5372c6c37181ea6c1bcaa151235be8c21687e37fe1dc4
row_extra_quote29_col5.csv	eb31535524e417aebe9356ff66b6e2d7122b72fdc2bd1dee6367fe7c94c78e55
row_extra_quote29_col6.csv	26ff9d67926b528ca1ad6f6aa44e6f558316b2eac36cd1858ced88250e4d2121
row_extra_quote29_col7.csv	3a9dd4d62c3ea53d4162300622eb6fd89101b674d87e037fb667612ac10b8888
row_extra_quote29_col8.csv	8be5012365ab0c3f579793a9bf5b5973441c296b11ef9e77129b945b21f3ce25
row_extra_quote2_col0.csv	1f408d51771db8ac644c1730067057d0278e224d61daeba44021663dc752643f
row_extra_quote2_col1.csv	e30b93b8b27875a0cd89dac3743ba22c6d50c561027497d364d7f704bfd38b6c
row_extra_quote2_col2.csv	d7cfba2cdffbed8ab7134839b1b8fffaa4d856f5f4adfad54df57b2b4fafca54
row_extra_quote2_col3.csv	78ef474a483eea13017c4d5840ffea5534943dfb342298e3039750f7e3e41b7d
row_extra_quote2_col4.csv	812711e907a38956bc4278e668da0a11f29b916de8720e774fce0e3f822b8259
row_extra_quote2_col5.csv	7bd7748aaaf425fb4bb70604ac782f4595a405251f25c43e6d7843db8f78d508
row_extra_quote2_col6.csv	2149723b5ae62b35bff1aed04aa93fd8266a096ecd16e625fe124ad3e7eae7bd
row_extra_quote2_col7.csv	6563190ea3838d55cba785123c9b6059fa8368b87e1622c6319cdd7e802aa5e2
row_extra_quote2_col8.csv	a523e15174e4ec9486eb9767ef9f110ac98ccf17b438ab63a97c7c7d1f3f2675
row_extra_quote30_col0.csv	37872eb29a8b1e12f65ef77a8d9618cf678805d9be6f61c0ce750df8e2e615c6
row_extra_quote30_col1.csv	f12bc405368bf6da197fa8a8ab6e21d6dc53ae3b358382efc7823ae0f98ce035
row_extra_quote30_col2.csv	1f8761263f8685896a9eac4e3b300f4a60f452cc5b556a7a08df21ab0f6c88b4
row_extra_quote30_col3.csv	49c73e1217898b5831f3d14c1e230af6f222e89e91d2172f31e59edd36910eb5
row_extra_quote30_col4.csv	c5ce566c0d93071da74bc2f4caee618e8d9ff135b78f054bd780eeabba98696c
row_extra_quote30_col5.csv	d5912783c3d42aae2785a0ce3d0bd326ae463d1656fc7be9f52c9c17426439c8
row_extra_quote30_col6.csv	95ed48a1d03c678b46d237e4885a70875784e436b75cf4260d39b1ba7d474ace
row_extra_quote30_col7.csv	163312cbf92d7cc7a8a378af8d3ad5f815a23a4777ca6227e88fb31c74fc8920
row_extra_quote30_col8.csv	6bd4b23a39afd4739f393c8b80fdf7177c79be3243cf1632003c68a6633e898d
row_extra_quote31_col0.csv	027e8a179e7b19768e394725c7c4ef774960d926defa29b03f039571b9994e66
row_extra_quote31_col1.csv	0e3ea22826a4b4f0dc64bc9bbb2dae1a9ec1b065670b2e941645785bba31ace1
row_extra_quote31_col2.csv	46a9a0edd85fa0f2efc5ed8e9ecc218a5ff956eee97a92d854d7cac956320c3f
row_extra_quote31_col3.csv	067ca35e8407faf3644099b941205fa1ff2a9f5997dcb69dc84a846852f3b56c
row_extra_quote31_col4.csv	091210fc0ad93a0f9e5a337d7c2dc9aa4d14d7e5bff3b7f7554f2dcc9f307f66
row_extra_quote31_col5.csv	d0c7b2e701fd8652b26337e932c81d8f336b41e4e293b858c84c30cf050d93e7
row_extra_quote31_col6.csv	03ae323185f693bbb553360e8c16aa21fdd8da2c8335dfc250c1c1c8a06ceead
row_extra_quote31_col7.csv	8df0704573b27cc7fc2c8282c020cdc1e497bb20ff89b4b8c0473e733ace896e
row_extra_quote31_col8.csv	23170ae8687c00433f671b399100b25d8c7bb0803e1758b7f39382ba492aedc2
row_extra_quote32_col0.csv	b118c1b39dccd693f3f0845efcdafa5821a23171ab944c919312dced7d5210bc
row_extra_quote32_col1.csv	f9cc09ba5d28633f2c66a9018dbbb0bd9055592cc9e7b54da379acb3a51f7e5b
row_extra_quote32_col2.csv	5935710efe81322f5c4ddfd9dc712d3af8a719af60a841d567fcbf5d7259e6b6
row_extra_quote32_col3.csv	6dc08804c26d62332dd1e76e5d0b79defa2986e7052d262b54a24d03bdbf120d
row_extra_quote32_col4.csv	41f0d222b8eedbce4e0d79e431ab692122cbb4047e445ef691cd7a1a9cc5afc0
row_extra_quote32_col5.csv	55d896691ebaecd0afb29253dfed43831fa4a8d63729e004d1b2dd8b1ae8145d
row_extra_quote32_col6.csv	d72cffb0b841c45dc7a07a8d57fcea2a5ca714e38a77e47dc9330d84e1842ddb
row_extra_quote32_col7.csv	18827b50332f176fd3cc562447a9bd58241fa44960154b5b0d775fc4e0f2e0fb
row_extra_quote32_col8.csv	12b8b666cd3a2791cf71ac42c36391d2094896f1e8134f268ca2c57e752beb25
row_extra_quote33_col0.csv	b8f15b1570ff32b5e828989c036a8b656f0c6da184119e2ae11850df41b41327
row_extra_quote33_col1.csv	e62e7bcadc7bd65fd9cc214e9fc1e4e0120126b8d7452c22f645d3697a21288a
row_extra_quote33_col2.csv	54ce00078bc4214eb01aea53f5cfe3e5d9e214fa95bdb35091ecaa4e65eebce8
row_extra_quote33_col3.csv	2dde8ca92eb4975f01b5231bc5ca7d997b15d663e13d3b4ccfac6b59e8bc42a2
row_extra_quote33_col4.csv	d747fddd5a212b7de8caada7ca01c474358b545a004874a735d0a3307af73ed3
row_extra_quote33_col5.csv	ee6b41541d9f458bc29d4851a951cb04741fd18b1d519d88c5abc6c48225400c
row_extra_quote33_col6.csv	40c5dff3eb21bb97e5bf8d4fb467aaaf8697795f392414e71362dae823e92273
row_extra_quote33_col7.csv	3801bbb765965ed91dc92969eb13a388f486c8fe46b9eef667bbe60aef40b359
row_extra_quote33_col8.csv	51c4d847b60cc87065eb865b5e3832b2227244e5ee7457ac63f6d5f0505ad74c
row_extra_quote34_col0.csv	f23658e2bb1cccc84025cd429b63165eae52d13b1aa0c18c48c714f06aad3d38
row_extra_quote34_col1.csv	9c003ec3b835a76220ecd2fd0ca6be8dbca5446b470d6168ed20b369bc9578bf
row_extra_quote34_col2.csv	347c2ee9116590ff1800339533ce118d96ee85d0f002b6f0feae55396a6e11a9
row_extra_quote34_col3.csv	8f6b964d5a03d32a75d68dcf7af8bce64cfddf58c1a3e3de47cec019608f1a88
row_extra_quote34_col4.csv	845df6ec490e3b207083d1cd220f846b87895a1ff6726e587093911ec231178d
row_extra_quote34_col5.csv	27b55cfc33bf88138072a39fd423f046c73f7c1e4ec544bafa8da532776e7acb
row_extra_quote34_col6.csv	5c88b6f718f579b21d3b2b3466d9a1e46c15b88f0e74eadc77c6512b5d9f2bf9
row_extra_quote34_col7.csv	ab4519bab348f5ebe0ca54951f3a5c52b853c908087fcb646e93312f55bc09da
row_extra_quote34_col8.csv	723873eccbeb22b6fbddc13d56125c54409889d557b57b1e55dbbf4570ce0ffd
row_extra_quote35_col0.csv	44882a573cc1fd1c7956d2ad64964ccafff9e693c1c49b9a2c3c7efc7dd77016
row_extra_quote35_col1.csv	3559d6eaf686d7b4d8a8ff24ab3f239b2324f32e292a24e23a440e39f25469a4
row_extra_quote35_col2.csv	08d0455f2a9bdbd89c6005483a16bbc5bc7a1296a10b881575e6180cccd747a2
row_extra_quote35_col3.csv	b62c4bc64b1d1080d9f7279821aa3fb86550f7501af9c808af7eddc38fae1114
row_extra_quote35_col4.csv	a3007be8f27be51f3f4a26c53b0de6dfc6a802f073178bede7ebd1ff358d1861
row_extra_quote35_col5.csv	6893669151d00563f0ee1f5fdb0a7ab5b3bcbce43a086d2a9f3300f35c3c187c
row_extra_quote35_col6.csv	7cc7ac99305126857e8c05c62cbf8fb636473b9fe78c465099257609089130d8
row_extra_quote35_col7.csv	a2ce8cf443d5ba1243f949db137e91d3d4dccd218e4e5fafae344fa20e3d7557
row_extra_quote35_col8.csv	6918e79f46d4f2898d916add66fea42794fea386a165da2a036e241fff0dc435
row_extra_quote36_col0.csv	c93b5efdbd4131e78a463db431aea43aa25718e8413aa487b87ec38bb62492df
row_extra_quote36_col1.csv	8b2fc1accb5c5360b7c57b1c1e13100b3ad43c005420e3a36eb5a275624c9ffb
row_extra_quote36_col2.csv	48c514230856c86b2466814b68da4e91ef9def3a4f97c054bb3328145c80f3bf
row_extra_quote36_col3.csv	e4da60da426b103e493dd1476b481f8dab63c2f031d36fe922749c12c4ce9868
row_extra_quote36_col4.csv	f882dbc76122c0ef1283bd9c9600e72662642e351c71b8cb305fbf3052adec28
row_extra_quote36_col5.csv	03de67666f905e5a31ac2d7d6aa564649101972281106099235e4b899b0b489e
row_extra_quote36_col6.csv	1987ea2b15cad9760a9ef8067a104b96a679f55584525979214ec8bd4e512cdf
row_extra_quote36_col7.csv	5e48aee45d5788fc102d7abda98b4a7d8751d46f00edca11e4064c804e144ebb
row_extra_quote36_col8.csv	08708c823bb97e7bbc9f87ccb94add687232f0acc3a11fe6a94a1d9032ff4b5d
row_extra_quote37_col0.csv	950171609a360e35224ceb01f7dd60f13bafa04ba071b6d9f4e57531245b7c97
row_extra_quote37_col1.csv	25b4336901c5790d21892c31891422ead3fba5761f7260cb962b44a45c113c54
row_extra_quote37_col2.csv	98f312e00c9b5bd3ff6e692680610b93eb3b8690230216ea1044d464ffd03200
row_extra_quote37_col3.csv	1cc98b922d5ecec46b6dc5d53dacdc594eab0ef5314785661dade4b00d1623c1
row_extra_quote37_col4.csv	9d7e58e5d3033a4e889ceb3591ca0226f834202bdb82e97ac09600971d2eb5f0
row_extra_quote37_col5.csv	e632f2c097a2921015c9f223e6278e250c6b90451bb3bbbc0b892eb97b6439f3
row_extra_quote37_col6.csv	a911f2eb2bac64f6003eaf90f4161a594d120cfb4bd8357fc9ba9631e5164ba3
row_extra_quote37_col7.csv	bd08f179997f17874e695f6cca74dcd58565c55d4b40fb1f97dbe31c28b15c5c
row_extra_quote37_col8.csv	2209e7aa4f09e67ce4c978b72ff1ea34bec574830d54c35bef50419f3219f75a
row_extra_quote38_col0.csv	6ca38413a3858b7980ba205eea587f5dd34a6666250a7e7656c2897fa0d37e05
row_extra_quote38_col1.csv	d458efd1af2921dfb0ca8cb77e76131c61c5fac963b93d044329f05aba0c64d1
row_extra_quote38_col2.csv	b7b9dbf9dbe38b85e4125ff537b7f16978d810fb948e91d26749938d810e917e
row_extra_quote38_col3.csv	b9bcae4bd2968935b84bc29fe93595e85ee7164bbe8884b09fe67be8a7d67beb
row_extra_quote38_col4.csv	27da03f0d53096d315e34a65948e4a68c257a8103a4460df4de2a90354ae05d7
row_extra_quote38_col5.csv	6b11b6528710256c35a7f3784cb5ed5c9287f1b5dcd38c0e93ad03b54d6ec04b
row_extra_quote38_col6.csv	9a0a8e5b2e0a401f16206ac8114756253759e712dc3ad3fc5560b0c7e1e04ecb
row_extra_quote38_col7.csv	6d4575b018e6d377e22ad9deabcd4f206c6aaf9939ae6b1fb164ff6d4d760d02
row_extra_quote38_col8.csv	bd3b0307c929bdc86d0346a12a26183b3a46841c53da2c6879b09dda85bde176
row_extra_quote39_col0.csv	61f69111c4ee5e16bdf6bbdebf1507fcdbf5a61aeb8371c22a784a87d4dedff1
row_extra_quote39_col1.csv	1b5f985dba0fd25d61179b30a168119ffb1dc24c1599c226808b1282f90b07ec
row_extra_quote39_col2.csv	59fafcdb8132fea71458712a688de5c1cd74aeb8774ef4ec998e3f761b9b3b21
row_extra_quote39_col3.csv	5a227a2c2a4727786250e285f5d78ce1371193395772aa4394f12c45dd1c6428
row_extra_quote39_col4.csv	16b733a8d4481dc56e6e4ffc0c3e68570fbcd7b4d50aecf573c33940eb014e8f
row_extra_quote39_col5.csv	9978489920d48a690c72b9e0a5a248f9febc2f739a991c4879fdb4a472071a45
row_extra_quote39_col6.csv	abfeade7fb3260b6a4d25db8b99f11a7f5d2debfa8a06996103a8f2354963fee
row_extra_quote39_col7.csv	03fd0ba648d044d2ac21e5c763f97d78803278a5be6975f61991b81bb7be20fa
row_extra_quote39_col8.csv	aea58a1338dc0cb901e9e999d56aaadc5b45c4e3f35cab18fcc10c22425b8c49
row_extra_quote3_col0.csv	3a722d5d88b5c8c7bdc43af73473c36729ca66253c45425f4cca67dba737b22f
row_extra_quote3_col1.csv	356c1dad5bfdc9af1b9b5c8aad43bc3e19988d3dd1864d77e4ef4f3fe5376b12
row_extra_quote3_col2.csv	511cb37b833f34213b9b058c4475110cfbbef6eb14cf84ad96687c0837620ef2
row_extra_quote3_col3.csv	0514fbd34cb2c844bed5314409c7eae6e7a2b09f3d484af6ed2b04a22ff66e69
row_extra_quote3_col4.csv	d2c14c364dab1627cfe665e701a976f0ceead93b089349f3953113c6a04c1f9b
row_extra_quote3_col5.csv	f0e25c3553ba562179d9fd84a223cb61ff647a66e36a17f52adb34dd4a748c4d
row_extra_quote3_col6.csv	e514678948bbd31d122a15e9ceb0b17a46c67f8bd1cf069b533cf565a2f89d7d
row_extra_quote3_col7.csv	4de447ed9da4fbc9e62be39d7f82a7df6f93ad30bc3f2801ba855404da5024e5
row_extra_quote3_col8.csv	119fa1ab2e2e1d032a51d5eb63b86900a0bbb1c6cd49781186b499323406eaa6
row_extra_quote40_col0.csv	2776a3ce90839051e7a5a904bebb16d6fca6c45441d95c71657961e7d889fa96
row_extra_quote40_col1.csv	859b1bba5864da2308145b76fd6da577598a1f0da47c222dc2b7a628d98a9168
row_extra_quote40_col2.csv	1064d26520c3ef41a7f2837c9578e70eaafddaea30b7e37ba0a3568a54135fac
row_extra_quote40_col3.csv	e5187f5583df3c338d761c90b29e2c6b4b5d066e2cbefa50d033f1c219573fe8
row_extra_quote40_col4.csv	88b249f0d1b8103c60062d704723e510153f300e3b7d7eda0d3a452729e7a9db
row_extra_quote40_col5.csv	d2e8c4c29823a8535c27192a2751ac5c19b75d660a810735dd1aa5aff43dbcdd
row_extra_quote40_col6.csv	c9af77c86d9de5849154ad27f358b31555132d7fba2521a17d8ba4f3753e0bcd
row_extra_quote40_col7.csv	7beddd0912602dfddedb06ef79c08fbf4de30e6fcb37f35c69903345420424b8
row_extra_quote40_col8.csv	5efea7cbb98497c0ea3e5057a1196d429a53edcfce6f729903fdada1c00e90c2
row_extra_quote41_col0.csv	5409157c501b7f9431ff4acbac1794adcf67f82e8a36ef71ee1933b29919c4f3
row_extra_quote41_col1.csv	81a2088f88e27a3962035f780002018283c745923225698c5e068a15ed029e56
row_extra_quote41_col2.csv	5d6f53d1650c2b40b635b89115dd89545328976bc029fd827750337c320803d0
row_extra_quote41_col3.csv	e4fb9579b7a641b9b7b91ccff3b2eab9bbe04181e6ff472950b1c6292c609f01
row_extra_quote41_col4.csv	6a4c6687f8c77821bcfa28a822f7d622aa4df3dc5b95948d033338e826c0989f
row_extra_quote41_col5.csv	cb2ab62cedce1e7b34cca0f1916889e8cab26dd609d9f7e510d02e5c800ecd87
row_extra_quote41_col6.csv	8a42bc50e4a0284a97f95ead2e0bc5084213f174cec7aacb423df5b4d1a23bf8
row_extra_quote41_col7.csv	770dacae346f9fa1d720a81a8b2bf69b1d5f7ca2fbee3d623d6b58a0d55a2bfe
row_extra_quote41_col8.csv	596bd396878af02ee90132614f7da5f61eda200d41fe16bba7cafe54a1cbfacb
row_extra_quote42_col0.csv	848c9c5470d69faf08cf48f312e42a24d7754600cc7d28426b1f53404fe398df
row_extra_quote42_col1.csv	be2375d20d0997bbc8dae23fbdcf24edb1e1feb8651b35fb94af85e5fb081ec3
row_extra_quote42_col2.csv	d47d4970f6d0dd50382be7c21bc943ae9bfc53806ca92e29560dadaf0aafc500
row_extra_quote42_col3.csv	595b991ca099d8fa3b1f0fee13db7d02831b13f8a794d9b5a8a0423938505c3a
row_extra_quote42_col4.csv	5de6e3b84b2f941be07e10102db796f85e6ecf634267e219cae609fd226b2021
row_extra_quote42_col5.csv	f55bb934811fbbf89adb5bca532f5a791fe1d6948abb3cf92b143e86a661c382
row_extra_quote42_col6.csv	358c3c845031bc21585ca8d3022c22233d0f60f37ae00b0d4052b8284103b147
row_extra_quote42_col7.csv	6940ae2425e7ccf9ba3b2a1f929a878b9a8e111c643abe7c178b55983db23d34
row_extra_quote42_col8.csv	4055eb0229e951d56190b0f4423a39a95968141717352e04d57c52a633ebd112
row_extra_quote43_col0.csv	46c930ab0c5d9a069158e921e325df973c6ad8ad9f5ccf12d7a572d0a88b24b3
row_extra_quote43_col1.csv	ac6fc5a18d65ecb23fc3837ba7201328c9edb60a5eea072df41d540644a126e0
row_extra_quote43_col2.csv	da7dcf1f803bb442845cf41004ab31300241f8b2cbeb8f99c9aa3d1b62a1be6e
row_extra_quote43_col3.csv	96278bfbec71c4b4621e48fa58e125878e0640bd2b31a4dc3da6e7bb2e660709
row_extra_quote43_col4.csv	ca9c99d8492277a228fc817e1d94336fb824a5cd1b13cb9d91de130a5bda2b05
row_extra_quote43_col5.csv	759d60ade6987cd2f26ebe50c21e6d2371094596dc92a13fe04f155f2414c60c
row_extra_quote43_col6.csv	643c2cd71e6277e70b36e246e460096478b3637852e00a6c701bb0207fd7f867
row_extra_quote43_col7.csv	d7a8bbd63bfa1c5503366d3466badecdfeda1be2fb81aebce920259f12b02681
row_extra_quote43_col8.csv	e1f08982976d488a84c87edd4e4937813a7a7d17ec3a3879f353f7636c4f0825
row_extra_quote44_col0.csv	8a5c2d9e1b5da8b29b9a3554ec68d04d73e690f89fe2fc05c9990d29a5cf8078
row_extra_quote44_col1.csv	697c40a39fc99ccb5fb41315ff97604393a4e2c4677b4826503c456facb09e4c
row_extra_quote44_col2.csv	789541bab5a69804a47adf4984d7681c9c639fee4b44c81070b68ed4fa64fee1
row_extra_quote44_col3.csv	0f573d3d1fec959760f4d2cbacbdccdc83c20487c0fb156f8365abd785ca7ca8
row_extra_quote44_col4.csv	654bccc0213f9d2f983b666b6dfadddee392fa503e13b0b1fd92ceffb60e192e
row_extra_quote44_col5.csv	9bff658455175ab90bbedbb4875de2639db6cb67831b894019a6fd84e6869956
row_extra_quote44_col6.csv	d4183e7e384391b96e7cd327a91307dade86e62e618ae1e0991f659ea62bcbcf
row_extra_quote44_col7.csv	6516ab0004b2f68a579e70dafc311f4c6ec6fffa25b20e7a1c455854d3bbe13f
row_extra_quote44_col8.csv	e12f5f65545a3f6604bebb9be1afe8a14856c81c51e1bb59f7fb781e2bc67356
row_extra_quote45_col0.csv	4c84ad4edd68fe5eb9ba1624b73203b42358611a40702a9dd46cda2ca11355bf
row_extra_quote45_col1.csv	4405ef56383bfe748c6cc1cbd2f2de594167ed7443fd1f1daa83e4e5ea6443d8
row_extra_quote45_col2.csv	4d43f404ea09c2881d41c3a706fcc228ef49859a09cd876496c3b8afa657423c
row_extra_quote45_col3.csv	00d12afacc0a035a0d9ca106de3d4a4101e8115a63ab322c5e4ee4b3ee9bfad8
row_extra_quote45_col4.csv	9c82896b42b7f4231f02d6cbbc4a5d758455045ea35fa4ada6a311e4b897370e
row_extra_quote45_col5.csv	731ecb2496eb79dc5b0bc3d7827494440b07e482e019b900424b271bdd6ca320
row_extra_quote45_col6.csv	3a86d7120673c244ef07d25b3912ed18788a10401deb041a655a4d9d6bfc64b8
row_extra_quote45_col7.csv	99bb83fe26d1d774f183e94e9eee81ca6f86ff362a43d6adb2b9b42107820758
row_extra_quote45_col8.csv	850c1a892a6957b8db3cf732dbe5fbde9e596b7506d54f7dcbd97b84ab1086d6
row_extra_quote46_col0.csv	0ad8f41147de44d247a238259b8dead53c8dc0d2c1b5ed976de307d755e50df9
row_extra_quote46_col1.csv	81ff311733fc6fcaa19511b462ca4ddf2ee4d748043b652a9a4990595d7700bc
row_extra_quote46_col2.csv	70069b91a9e9f519469e577d4b095298101cd0672ce5745ae014818c7106a1d4
row_extra_quote46_col3.csv	f4061a47c9e82bc828332312bafecfd5ec23d8577dcb291158594a7db16fa361
row_extra_quote46_col4.csv	63d645195ec00153872413154f32f2e4878e5b3ad40afa948d429fa21fd68d28
row_extra_quote46_col5.csv	1f08932cdfc7f90c3840b9d8935404920fc690ff1698e8d236d97d9906740525
row_extra_quote46_col6.csv	b285605f7b0ba07636b28402d6ac8ee0075b3c383c900a580524072796911fe5
row_extra_quote46_col7.csv	95a516e751bdb6e61c9d462e65350ce289f11eb9b7d0d08634c1230915d02342
row_extra_quote46_col8.csv	7acd16b30c929c7722155021ad958f16fd6d36e2a8f7702338a50d17df50cb9a
row_extra_quote47_col0.csv	000334403d1b73b20918c1e880da3b25221e45cc1309331a77809b14754bdb17
row_extra_quote47_col1.csv	463c16cce78064606674686c6c5845c303bdb7023731f9702d8a4b332e2cd368
row_extra_quote47_col2.csv	01f88b948840d0c31c6dd8b0471d14e454026ae2626bce4aeab9984bfa7a9d4b
row_extra_quote47_col3.csv	8f089bac164f0f15486c765b6dcef1d6db707ae89af4f21c50120978d795d3dd
row_extra_quote47_col4.csv	df855b01c490c5ce2e17fc7c86229d91a04d3fc21802a2e2dd74df6db38f83d4
row_extra_quote47_col5.csv	f348ac7a5dc5e15584661ab857cd5c5e217c92297a5c9310587632cf5170f1cb
row_extra_quote47_col6.csv	72e972ec851652560ad8a71199e2989958f251b26c66a17428b061f4c053b79c
row_extra_quote47_col7.csv	0e489129589f61f21a378d1b42239d648105f7656265b2f8c86d2677bc78583e
row_extra_quote47_col8.csv	68fb278da63979c949c56ac902dd0ffab27f50f5305d8889ee2354d743bf42c2
row_extra_quote48_col0.csv	d70391b96c5e75758a787d00876c66bf0f69b3d53713af2d2437b1cacf1caaaa
row_extra_quote48_col1.csv	50f93b7ee7bc6df72e73cd85ba9b00860c55851a57360ec7da364d403cae97f9
row_extra_quote48_col2.csv	e1704e36e34b42fe5838c0dae32684258c46826424dbdbfba32f106ba3feb90e
row_extra_quote48_col3.csv	8ef5f76343e185cf7ee254b1bd2a4c04d4f491af252d6e0f088cbcdf21765245
row_extra_quote48_col4.csv	5d0d8a2d7c5ed44eb8a86e5b822afcfa53f9d7c5af1bdd9ebf4c688e41dcfb74
row_extra_quote48_col5.csv	ca7517ec03e9894943fcce7e7ee972d3588fa6968d8b1c1b612dd65e6c77d398
row_extra_quote48_col6.csv	43f4e67388163ad972724a2dd4f3e0ea96fc17f632db3228e0383aff8eecfcce
row_extra_quote48_col7.csv	87e289d8cf133eea2be3c690828158b568809629a97c481444b0cd1f7dd05376
row_extra_quote48_col8.csv	7832176516034e1b951d77b117edd6a5a42e523b6598542afacd10a4a9d30597
row_extra_quote49_col0.csv	9ffebb44909908713f5023f634fc319534acb56ffc0a63d6959ed2d69cc0fc4a
row_extra_quote49_col1.csv	00091663b699515f4a5f9cab9319c8ff1aa0135ea7b51aa37450dfacf2024031
row_extra_quote49_col2.csv	5ef57d2bd9a65148619dfe9a9eac58c5507c28e91a59243b2c68a82e9f477f2e
row_extra_quote49_col3.csv	5583a94e0a584972b88af7748539d9bc9941b0af1e643dca6a85df17313439c7
row_extra_quote49_col4.csv	9b70c9576957c211085be07a4a75d59b34230b32b376167decc9870f69861b4c
row_extra_quote49_col5.csv	0902dd7e52db1fb94b92d2334c79e2a87c05a8d59a92778bd2ccf53ed525c7f7
row_extra_quote49_col6.csv	530f41e523d0fa9637643e885f589ff2b48a3ea9bbe6be285c410177a9f05248
row_extra_quote49_col7.csv	e6ae21af659ac687ec7861e46c303417fdab0128632498bc10f4362f6219f504
row_extra_quote49_col8.csv	0be5190f7c0caf8c2e0bf1477e3c5f27400fb5bde34659037ccdea3480272850
row_extra_quote4_col0.csv	c52af12dff587573ad73263842cf9438b1031f43801163fc26e7ef84fb0f23ca
row_extra_quote4_col1.csv	107f4f3038159ccbc71504be82ceb31ccd2354d2caa38d08edd7f686bc9e87dc
row_extra_quote4_col2.csv	5ea8be205c44101d01397a3894b241a7e7189bae48e2abd22d823a3b72a27a20
row_extra_quote4_col3.csv	6300aeb76d5094b58fc366f4b99ede5a0b57b3a438b352a1516ca193bba85ca6
row_extra_quote4_col4.csv	370eb77dc9b3f3ff63572e5ecc37ec62e807cd0b9c1b928fb98e647d4d1ba980
row_extra_quote4_col5.csv	75ba18e294f66eaf935268084c269f023dec454b98df698ae46a714e3fce6e7e
row_extra_quote4_col6.csv	dad7716a05b79699f404b202092c437ecfd697cdcb1f6f7fb1697341a2c88486
row_extra_quote4_col7.csv	c828827ac1d9ebff2a3acb2c3f1277093594fa025f2f7a65431a2ef2b5156557
row_extra_quote4_col8.csv	cb7a39a96a31ff96b82005fd407ffb3d56d88dc11dc2a87bc30375ac56ab2891
row_extra_quote50_col0.csv	3e334923a026b2df052a39408b262e860ba4d43ccfeb6f99b3e57574fccfe6a2
row_extra_quote50_col1.csv	61a8fed045110724f9e0a3946f6a28aaefe21126fec50bee150fb920ea9b8167
row_extra_quote50_col2.csv	04da7f8f46c317cd4953c1910a89a649cdb28b49f0c69e84eb1a2ea7c92c819e
row_extra_quote50_col3.csv	cf0518b424c84d5545814dae5bdca3dcfb708128e6d5ce22e4a85a161d980e21
row_extra_quote50_col4.csv	a87d0f618c9c735aee8fc6931210ed4b07c88764d8fa23a532b4eface95356eb
row_extra_quote50_col5.csv	13fc066a3c3bbba26b86a2c071d431c0f5175117e1f4b85a8d60fbad175267d6
row_extra_quote50_col6.csv	ef96b3218bd2cb1319e17886bc40b80f2ed189c427752eb15544fa51566a417c
row_extra_quote50_col7.csv	206138d995611c6c68b01d0b1a9203297ca9c8f6dfde644e9633daf0bc61f053
row_extra_quote50_col8.csv	f815655112ebf1f02f1079de0fbf535f45b9637feebff93ca4d9b35add35d7bf
row_extra_quote51_col0.csv	c32b6a263f78a060ec3127028f8fba42733a15d27f899a5109b39710643b53c9
row_extra_quote51_col1.csv	e6391f9750a4de9cd986bbeef368159427bb448d3d418d6638548f025fc26594
row_extra_quote51_col2.csv	9367899272003ad02c840098804459663cf2043a0f4e657e279b341ce7a8f5d7
row_extra_quote51_col3.csv	3028a12452d14d10ff31989c1a36824b1ff707ba4bf1e9c2c125b81e6052849b
row_extra_quote51_col4.csv	af5141e7673e47a37b3aa46df8615e1a5e5241ba9ad74c7cb6c49464db4ab329
row_extra_quote51_col5.csv	c981e45f3ac791771de463d8f9ed629a70642f256f158e67fedd78df134a401e
row_extra_quote51_col6.csv	d8fa7e7543135cf4236d5f68dc910003e372472cccf37253dc63b842070d7b5d
row_extra_quote51_col7.csv	4ff94f7ae950b4c271f224cf26ba894c531bdeee2a31e4b63e709df15c6fa65c
row_extra_quote51_col8.csv	13a9fd352c7040877515eabe94964b54ec4eb2d0db891a9a64fa9dcb63817bad
row_extra_quote52_col0.csv	8c9c8b8982fb64d6ac91239797ac71bc9c0cb1cf423cd43a1a54c284e80cc27d
row_extra_quote52_col1.csv	42c15c00faae931467c1a1b340e4af98651554b36b04c615358506d94ba187ef
row_extra_quote52_col2.csv	998965ba0da936c1c3f7eebe234c50b1849edda1ea0d74d46ba8ca165ca20fb7
row_extra_quote52_col3.csv	d2e7b231855d3e7b0c66a9e7e980eb19511e9f202ff9aeb9a2cff52a5f555f2e
row_extra_quote52_col4.csv	6cd084420c87d8bf938ce88f273e7fd411febea42164b91fd1cd142e9f0dd0ce
row_extra_quote52_col5.csv	d8f9307c269168356a308c18637a90eb52c27c357abb0c23beda2fb5d6efa28a
row_extra_quote52_col6.csv	a841b77cb2cec70b24fa0c8d5f817117c18b47e43bc48b7a14d406bfc441f8b5
row_extra_quote52_col7.csv	33601855e907b7bba46f4c83fe7721f5dde47472acd518c61c225f7928a10c9f
row_extra_quote52_col8.csv	5ba16d6a07a214c122992445dfc4b60702c1eb32bdc4a356df05040faf8da8f9
row_extra_quote53_col0.csv	40f457b10f53d95a618c67cac7e4b2072ffbd12e973b9d14ee7bee6ad28fe3c4
row_extra_quote53_col1.csv	622e5e1baf7b2c486a6bf44854a68b14d7c16f99dc76d31efbff0807deae568d
row_extra_quote53_col2.csv	3eee7ea48f107bb138d23a95f105055c948b0ba3cbb844d4efcc6d2f750d46b1
row_extra_quote53_col3.csv	fcae08e9e7a9dd4b5c4147b80b1813c954a6a0d1e53a501a52560c037c44d5c6
row_extra_quote53_col4.csv	2e4338a20c036dd862e66daa3ff7bbe3d5c3b895a495fa55e7d8dff74bb8fa01
row_extra_quote53_col5.csv	457d437657e3a690728b31eda50234beede0347ff63a5762b8737ced9e7aa910
row_extra_quote53_col6.csv	5faeaceeee4f1dba9a8b7f5322c06072518a6b87ebeb4ec7128110faa2c2bee9
row_extra_quote53_col7.csv	dd9e4f79338f91c65e0dbfe10a5c246b9c9b3ebddbb7436e3942bcba7217bb5a
row_extra_quote53_col8.csv	8b3c5b28b2e8a741b140f7f57834580504ee21c8e4e1407356927caffc82141b
row_extra_quote54_col0.csv	fbf5ce58a2fdc3d851c27cf1347f364c0bcda1e0fc2eab3cea4cd3b18790d829
row_extra_quote54_col1.csv	8ca2b41b359738e5a47a53901ce8e2278a43bb73d812caae8f69dbf6fb11f055
row_extra_quote54_col2.csv	8e40de54c7c7a1841fdb3920d4d7e90ffca405a9fae1e64dd3bbf639163e2fb5
row_extra_quote54_col3.csv	7e284197485b7e93925d85024e5de0692c111cffcbd2beb43568663c7b1c8ac1
row_extra_quote54_col4.csv	422e0edbac5c48416254690a5181cff8bd4e02436529eac987c1076fb29c3697
row_extra_quote54_col5.csv	8cdff863eb14c4c60f58184962ba701d183fd6a3e093c65dc6fab1787b9ffa90
row_extra_quote54_col6.csv	cbcc65ad99ce880b7c803c7920778a266f65a60d3ed210fca52c7421f7069429
row_extra_quote54_col7.csv	8c153ea7621aeffc4058e65a93baa19110ea345aacb00342607ad1afc8acb138
row_extra_quote54_col8.csv	bb48a1a7c35a5e590fab25673b54b6ee57da4685b85c93a7c28bcf1f6bd0fa5d
row_extra_quote55_col0.csv	8de3f7b40cf3b73aaeac23f08286368c16c22c206e76a1df991cec09259c397c
row_extra_quote55_col1.csv	ee927d6420d4a0b2a2e263b5c3192d493b7af4b580feccac04ecaaf70249e6fb
row_extra_quote55_col2.csv	c5e826e6e54316df32199c03a4280c2c9e558adb870fc7b057c9e163ea6a2d95
row_extra_quote55_col3.csv	b24f93f650b471b4a67632d29ec5ae6f218bf726b3d05bc09da75dace524708c
row_extra_quote55_col4.csv	060c3a3d06a4e645315c7c2286b1d5dac71c67f62afed3b5be2ab2b6a0827535
row_extra_quote55_col5.csv	977136b3bf3d3f0433f5b3314ae7fb22af3e5b6ca5c8359dbb6c0b0b2a6a5306
row_extra_quote55_col6.csv	910a2b46e0bf712eb84b2e57d8124ce090a42b5bc335357bf04a3cff4f0c507a
row_extra_quote55_col7.csv	fa8f291f1b795542e1331c600b6fcbf5ea76dd85dda015ae816d4db11191ec33
row_extra_quote55_col8.csv	f6c7ba999f8c69de5fb335235d94dec635fccfcd36f29691912cae378bf72afa
row_extra_quote56_col0.csv	00341ff54f84aae845dd97eeba28472b04d94fdaa421e4acf731407260f20494
row_extra_quote56_col1.csv	8100d870546a070b1fca0db674face1dfb2948bc5d7aec1f947d4121f312a264
row_extra_quote56_col2.csv	07982b0b54ee4739719ff9bcf596d582ff455b790232b79029da2b6893a6f725
row_extra_quote56_col3.csv	8f27d4eb83404dcd611ba5047de7ae80c8df7d24b2ab5184da140311e496fb01
row_extra_quote56_col4.csv	cd9acd3361252e06ef78ae7e56f038e2919460196dba32e52e43d9b2f8770e2e
row_extra_quote56_col5.csv	459517bff8e1a52366fc46a14f4e3828a3a8bb7d0286395e62f66e1b18953e56
row_extra_quote56_col6.csv	625cd5e15adf8bb0a7b6f6ae8283b061ca99e6ad2c7d8bbbc4638635df9ac4cb
row_extra_quote56_col7.csv	f2b5057c86d427477d72fe2068e4e269586fb2de725d69787aab35b8a0b6b865
row_extra_quote56_col8.csv	ef1ffa642e2691b6d2b051a4137e31ae198349a3d45f5a8165e018ff55e01917
row_extra_quote57_col0.csv	8f39ed34e0f5513ca3e24d2a7ddcf2db6340d08eab10bc38a52386473a0cee9e
row_extra_quote57_col1.csv	dace9e6898e8b753bdea6ae53c8766a93a42caf4deda7be7c576901fdbb3485a
row_extra_quote57_col2.csv	8a2bd94c36e9979a79defb0f429a5be5954eccdfe68b454c852fc78f392c9cfd
row_extra_quote57_col3.csv	cf434f1f798a236726e8888c5d248d7e940c6f8d0fb1ff43b28e010614d6ee55
row_extra_quote57_col4.csv	5568a819350ceb40368be3834e81131194ab2c8d9c90844b3057a11b5332d3d2
row_extra_quote57_col5.csv	6abfbe903dfadf76d3de8b77778654095c1cd4bcded20a45c3a565ea51c6e923
row_extra_quote57_col6.csv	9367dde7f0a595fb985f5175a8451ca24bdacc7437c72f2970ce3c27283bc15f
row_extra_quote57_col7.csv	37d5bf937b502fe9d1418a5a017c98aab786b8c9d6a4f7fea42cff3c53fab0b3
row_extra_quote57_col8.csv	8f438649aa8907b31eb6a5ef6f6aa1e123f9df7215b100247190469dbaf1cd23
row_extra_quote58_col0.csv	4af106c760bf0d33db255d96a4d2488ac77097f0795af48e7351f7c17ce6c0fb
row_extra_quote58_col1.csv	b61fef3ace1433449b0a5a60a34146ac97a31666b4a0a9b8500bd618e469c9f9
row_extra_quote58_col2.csv	a218a1a7629945444ded4e10362e8341a284b153d8039e97f25d21f667b92201
row_extra_quote58_col3.csv	ae9d7d69ff47b03f7d95eb1f94b8d35e240ce457a2d2e3a0eee2f15c57780812
row_extra_quote58_col4.csv	337392451867ebf72652d7b0b42a59314597f451913d5934007b662ed46f6878
row_extra_quote58_col5.csv	7f1f0407efb436dd163186d30dce0b4d163f81d17fff5e38c15376f660b9b21a
row_extra_quote58_col6.csv	c9a832b47fd7710131cbfa0b33130b1d6650a5dbd57c518afe7c03e347dd5506
row_extra_quote58_col7.csv	11db4f5373a7b652cb1906a8aa58a4cb9edabd530eb350fda2285476cc839a89
row_extra_quote58_col8.csv	c7985d8314a8ba5796a8679fd64dd22f7bda729dd63559a0f7c040b71c9177e7
row_extra_quote59_col0.csv	05a33d2dea00151b91e19054a254518ecea7ec0b4c305f819bf01f919f05de5d
row_extra_quote59_col1.csv	b1eccf7870233acd43433f76d5288fa1da1f919c83d024b2ae7c3df4024ac144
row_extra_quote59_col2.csv	8b8b729c6556b83acd45db4bdb6eeb48ec68b616b44ad0b9ea6e7a878aebacd3
row_extra_quote59_col3.csv	02ba2ca984f0adeeed8956d3b7aa55fd8c2091cfe1fbf323afc9a6a9f723c09c
row_extra_quote59_col4.csv	92efbe13c3d3045ccbfd3bcd6c2786d2dd630451249ce7662007bedbf7183821
row_extra_quote59_col5.csv	7e9b9e94263b989bc8b88ed97de4ced5f0f58506fc69a140b65d15deca75e889
row_extra_quote59_col6.csv	8acbc1a6b92f01844cf50c839d827e9cab189d726b9aa9ff61f9dcb08342baf2
row_extra_quote59_col7.csv	f7a125c6ee92c669262b2e292e65795c228b3029c5526611bbdb773a749c51db
row_extra_quote59_col8.csv	3c7629e32aa9f6c8f97d84ce20ab658db57e8d38d3cb86db6af3be4470689306
row_extra_quote5_col0.csv	c60a30f83d3603e0512c2ad2707308a30e325b2f490982630a6564f6fe8192d6
row_extra_quote5_col1.csv	328c927ba83fc77fbf856bb9112a5f91fab9f1560faf6cdd8790f9a699a674fd
row_extra_quote5_col2.csv	3ce6bc805c65d5a75e3e459f04b370f943e4d4bb711c7e6603d0d1eb47e14000
row_extra_quote5_col3.csv	ba123c3a97124048db0ef3851cf2a6a9eee9224aebee30aee55d8ab520ed0ae8
row_extra_quote5_col4.csv	4d0fd72393846a14fcee557919a8faf63ee484fe2d29e355b26a2b31c35261a9
row_extra_quote5_col5.csv	77be153a4140135e38c42a3f40642e2272ee79293b9e39ed987b376e94d4d713
row_extra_quote5_col6.csv	3f478a99bfb96c18ead0d7cca58eb468d09cb8e82551d1372e29924170eb4e59
row_extra_quote5_col7.csv	6995d45c280f157744ddbf6b33fe476072292c1bc432a949c7f491097871d470
row_extra_quote5_col8.csv	1a55fd8847b3498417b8449cf7ec8c79537b3dfb8f1e6cef0e938a06a3b7ef50
row_extra_quote60_col0.csv	48f3cf948c5bad14f98c55a64bbf000b64be9e767546b1028130e9beb662bfee
row_extra_quote60_col1.csv	73f9cdc4e725ad2f14ebda7e6d941490b47cf705c1e3a14485a28cbc3fdd1c8c
row_extra_quote60_col2.csv	37a99b1a2530dae4b00b9b6c50a18c45f26912d0adb4229a833bb8b9c49948c5
row_extra_quote60_col3.csv	9ffd95fcc7dc3147d1e58614a8013269523e665c258e8c5828a221fc7f9fcdbf
row_extra_quote60_col4.csv	5990ce6b5f9b32376ad96c36f2273f5024517c64e6a570b4abacb4cfbe2ba840
row_extra_quote60_col5.csv	b69c9edd3620ddcef6690ffbec8bed4e4d7bdde0b3d51815ab4b257ca2d4dfc8
row_extra_quote60_col6.csv	69bb9e49eac726da36a3c06e52f4992df5ecb7764081fe79b065feaf5fcb1da3
row_extra_quote60_col7.csv	889ca03371ec8c3b4514edc173715c1d9eeeb6c7e121a01129df7d733b38c282
row_extra_quote60_col8.csv	3a2ce02ed43de4f488c28fd30155b2e039c985f5c63aa63d4cd78c54f10ef67e
row_extra_quote61_col0.csv	e4b43e99cf2d7d3418383437cdc2f7e4a9e7f063ab7e7b9dc0d9c70b12d07545
row_extra_quote61_col1.csv	3bbfc633b23d1f1984b4fa88fa25111c57685603293986631a51b60a16c8ed7e
row_extra_quote61_col2.csv	4d068fa85281880b2cc9ef450ace1d5416fb91d8651587134a8e5458eb0e1a8d
row_extra_quote61_col3.csv	3543a10603a31b6da04d511b445e2fbed497e11053c062f2be2ff52337221090
row_extra_quote61_col4.csv	79cce436f8e41f8cb96ade1a8a6ea3e75b0eb0669ce15370179ad6d92f9a19d6
row_extra_quote61_col5.csv	7ec2bc0873a42e93cc31e198f0b425b6f6f10962c8e1c19a3c6936a3311497e3
row_extra_quote61_col6.csv	560da98273659d16ac09e2f725998e8b2df712f9626d45958917bb7c1c566f44
row_extra_quote61_col7.csv	f95811134d056855cdb4ac625c37020823cf71a4e7a147e3f27252396b9f5b88
row_extra_quote61_col8.csv	09172dbd3c5e5eb7fd7236043af453e093caefe87e88bab6efbf6251f48f80a4
row_extra_quote62_col0.csv	4dc5a474d008adbed03df891b93dae6050f387c46777ab06c08f4beef9fe6e48
row_extra_quote62_col1.csv	dcddb72e6f62b17650734ae250b2486963f4f47f4a60952a0026cf3bbb3ba793
row_extra_quote62_col2.csv	d87fdd7cc27537980976366ed2a805b881e62b28e5f06d519ddd31bfbd8dc97f
row_extra_quote62_col3.csv	c927ac7b17fa327f6b97f7c5bbda62f84c97a3f321334c5305f50485ee5f4035
row_extra_quote62_col4.csv	d45920758bd1fca5d831c1a603078cc303e5faa9c322ff8747d24472231a0aab
row_extra_quote62_col5.csv	323a54a48ad33b833b48f71f223205a8adb90c9286fcbfd6847e5a325dbb99de
row_extra_quote62_col6.csv	47949f81766a35ef6c91f8664fb8042fc16d9205b0f8f6e9e4e64ef6adc09af7
row_extra_quote62_col7.csv	7f936a97dfe5ece358f0aa59d946083e2b8f59a54a01603b63e024679fe95b8a
row_extra_quote62_col8.csv	85822f8368a7e931e1bb90d6074d12453097e9fba7b65d986f8cf241b1b14ad6
row_extra_quote63_col0.csv	aff860bebc7cb619bcc97e73eb406441b2a8ea28514e5a48fbc301dda99cfea2
row_extra_quote63_col1.csv	8a24ea415b884fa07bc65cb4988e50936ae5df6d925ef49e7b8c721a212024d7
row_extra_quote63_col2.csv	91f405bc07ca3d674fa583dd7341a828ebf8ba01d0cf980c6c751e102538de5f
row_extra_quote63_col3.csv	57f3e8ccd5769c8dd486c55966d3fe0735849fc0a36ce524e1abf33787c5c258
row_extra_quote63_col4.csv	f296208c8c24e083b11eca0b990edb6183514d72f9175230d0f9184e8149e30e
row_extra_quote63_col5.csv	6a63fb54e7154524a5d4fa1da55bf54928b486a71eea7bd3867e8cbc9092534b
row_extra_quote63_col6.csv	fd7cd2ba4427f96fee35c7c25c53ba866493bb4746a34e68648b0d47a27a860a
row_extra_quote63_col7.csv	348dd72ab2d50fdea7e3bb1ceb53e001ce55f40d41e6663a7b3944ae1ea3c9de
row_extra_quote63_col8.csv	aa0e390cb11b5f878a83ff68c24313d34e243119a98681dee3a1c62fde28cbbb
row_extra_quote64_col0.csv	94c05d2c059d8f79b4c90f39e98c1fa13d7f78df6a86bda51a25f4b8fa4afc62
row_extra_quote64_col1.csv	a9f9973a32c7447fabbf46c140f79234cd0643c0e68fb2e7de5c65ab4b86d8be
row_extra_quote64_col2.csv	c7af62ec7fb6e6862bba8ef060926b2ddb03b5d830cdbf8beaec561b1e0435f3
row_extra_quote64_col3.csv	050472a95ab74e8c490fc733be5f055cc9327cc66ea6f544bfc9976076ec1092
row_extra_quote64_col4.csv	175b3bf4408c7c640da3fbc4ae0bce5ff370e7bdc4854f227ba7cc6c244b98b0
row_extra_quote64_col5.csv	cd53ca62a4728536b5a0e94a35b6e834e3d431af589bd558971f58b6461e954b
row_extra_quote64_col6.csv	6ee77cf23dae6a6554c4c30c31eb80e199cce4bf63e8022a664e660508f77ae2
row_extra_quote64_col7.csv	ecca5956517179dd41ba7794cddb054f0936546ba712818a7bc114c32881b2d9
row_extra_quote64_col8.csv	13d0f662635378d4d2bbf8b718eb673d1cb63ec20ebfaac193d132791a9097a9
row_extra_quote65_col0.csv	3841c83c3e305e7e3c8afb3ea6e6d51120c7c567f78f446401b6e1b0178db26c
row_extra_quote65_col1.csv	754db1c20ad8eb5e7b2703ca135cb897f10aa60f91e539e5b5d49db4062490e1
row_extra_quote65_col2.csv	811d9bf2176d740817344cc39cc3a040358dabbdd8b93e0413c4bc0a00d314c8
row_extra_quote65_col3.csv	df11305864987c0d8cb5c33277738c3e406ff22b6b63cb5b3df809b40e95cb99
row_extra_quote65_col4.csv	c2551de739a69641f3e936013c01af76b6417d731868b23744862263db90fa3f
row_extra_quote65_col5.csv	6f2a42c100bf37b0fc9efb3c140b3c6f0e4edd447b0d7a27cd042dad94b94444
row_extra_quote65_col6.csv	5e4708e86046daab9c4fcfb487bdd531efad3d1b83df41f23360f4775c913628
row_extra_quote65_col7.csv	ff7145777fd5f7eb266837f3f56a80f3b456651a974cf124cc5f1fcf5ecac7ab
row_extra_quote65_col8.csv	d387c585faf0e1c158e925e6f7a1bbbc1e0969bef9c1f3290bf5155bb427588b
row_extra_quote66_col0.csv	fb9edacb5a2dc22d5712a1ed13d6847b668f5db9e727f37626bb2d873ed3f2bd
row_extra_quote66_col1.csv	f58d23a98439647b92c588334794a05eeda3a4f8cbf60bb3ac282c15966f3455
row_extra_quote66_col2.csv	f162b0a7c0fa6f82ddce6742df90d7fbe80f60cbc6ed77e517846176e3445c6e
row_extra_quote66_col3.csv	0fcb29b8cb35beb4d920f8d85982065f1593fdd3cd568c3e968eae9e088054d6
row_extra_quote66_col4.csv	afdd1b0e260448bb9d0fea5995e8a88af9e3f820e8cf0d539672ef9b02569cde
row_extra_quote66_col5.csv	e71488d13addc68eb410d1bf3e36d216cbff39db9f8cb63fbdce5c781840f3cb
row_extra_quote66_col6.csv	3098b0e6c672efa87d4bf534d688df1e34a0178cddcd9d2413a90aabf3a8dfdf
row_extra_quote66_col7.csv	f4061b8d6503dfbab960685f07d9a0d4d92632c2dafc18da3d24c60b034fae1c
row_extra_quote66_col8.csv	7e53110fce863947c789fbc2201d6637a679496795298025e3b9aa14cdcafba8
row_extra_quote67_col0.csv	58653c64965ec4790c96d532e6b8df416ebe567f40605a167020efa88f1abd39
row_extra_quote67_col1.csv	6f166bd910cedd1f8f20c2b63ecef784bee63bea34094f1e6243eb429ffb2bcf
row_extra_quote67_col2.csv	9651499c1d0aba67dd06d792e8ee758fbe9439a521d727d784be2ab091d52926
row_extra_quote67_col3.csv	b0ef106141c61f6fd29110f1bbfd34e9dd24d5c4e8db211716dbc552fd68bbec
row_extra_quote67_col4.csv	2b9226e1bde2c7f1ff85ff172452c234092d37896c891ff96362ce3f843aebc9
row_extra_quote67_col5.csv	b9468545b0d48f079eecc281a4aea75e2874e7b696efcfb29bc42813e2a01692
row_extra_quote67_col6.csv	bb89a62d9ead479fc19fbdd2ba9fc42a3c0690a5fe67ccb6035778cf0a45f267
row_extra_quote67_col7.csv	c5e3a4bd87df04dc449c68062bd7a2281901c3fde0b81ef1c2b151e1134ebde6
row_extra_quote67_col8.csv	daf7002ce2210f6dd0dda4ee0306e7f3e7c65c0413bf64f87aa36d576d403eae
row_extra_quote68_col0.csv	07967cd741dbcf3b867c7c711b28eec26637e42a7a710d295c94a87803aecbdf
row_extra_quote68_col1.csv	bf1df090998ed6e4a10850ab78338ae1deebc8808d82e27caed1cba7e5bd45f4
row_extra_quote68_col2.csv	c9322bdc5b0125fa9d3c90a10cac64487ea49054c0545ea33a1b7c29a56ae711
row_extra_quote68_col3.csv	778e26f02e9ac7cb499d75a7c69eb22dc5a11d4285a7f2d2d9827719d682cad0
row_extra_quote68_col4.csv	41a8cd65a1a00b02043356d4057c08670896af9c7c1c3d03337e312fb12f7d00
row_extra_quote68_col5.csv	c694dac4a5ced34140d0bb1ce8de57ded93302f8c8328a3a718b0b8d4d92220e
row_extra_quote68_col6.csv	6d38c1ef7a7a08779bff61a305f316389c8b324cc7dd346f0b2bf09dccaa62fa
row_extra_quote68_col7.csv	a8776190f570253228f7ea958ae1eba4ecec9d47fd037fee72cc427fe2e75277
row_extra_quote68_col8.csv	51e75f5ded1c039357775de34ac5c6ee98c48069c68cfac2c5f1bfd026051dc9
row_extra_quote69_col0.csv	d0831ada32b8b9c673051ec030b64fce4e1ced9f78fa3593fdfc8ec62ed2374a
row_extra_quote69_col1.csv	c8ff582b6ea0e4eb0cc0e566f163ca6f827b31c6b85c24810903011538aa4c4c
row_extra_quote69_col2.csv	542a9ffd663217a07df6228b612baec007f918ebea1440372708832f55aad208
row_extra_quote69_col3.csv	f892045c9153e2715cd4e1ecfe4fd7424d9a9856d826eaec80ed07d346601e38
row_extra_quote69_col4.csv	dc5f29e4b98f126eb2234dec4d31e86d40d084eee3bea98678a92c8311591d6e
row_extra_quote69_col5.csv	be9616dddcc75a9df58dd868d98c7bbeda1c5adc075a55cbc37b01ad34a2f685
row_extra_quote69_col6.csv	9aa91f493a72c9793cd89ec0175d422a86d5f8a20be3399664c967a2cd86e195
row_extra_quote69_col7.csv	79ea420edfa8f8f1d035b87f0a41fd63b4e6d2666187920aebde3edd6271e49d
row_extra_quote69_col8.csv	799a05cc4a280682684b40b61c930fe311c10f58787f8f1e701cc161171ee6f9
row_extra_quote6_col0.csv	f8c8f9a20ce2676cd8c0315e31ffaaaa30eb57c84a045739ceef6a57e7ae4973
row_extra_quote6_col1.csv	18d8106f6b01987991600e94d84f02f16d0c2b228d49412442292355eb9265f0
row_extra_quote6_col2.csv	e66339c22a1acc413f3372d9ad902317b0b936c36c306cd68bd5b66a0687de31
row_extra_quote6_col3.csv	f4d0bd14db6f42c10cd9323eb52118bd2c5d795538872afa99e8b303f598dce5
row_extra_quote6_col4.csv	851e0a1ef851653826856b56848bb42fd8c24a9031d16f526bfd2834b7ae11d0
row_extra_quote6_col5.csv	066311f0291bfaba9d7d3c8326b35b872e839839054243d63a10cb2c346148b3
row_extra_quote6_col6.csv	71cc333293457b94120b6ed468fbe9816e53ac41781feb5dc6ae484dbde6202b
row_extra_quote6_col7.csv	19141eaf78d65ef5df4162a5d145a51c72c54d0373e1b2a999c8d33d59fe4912
row_extra_quote6_col8.csv	98688eb0c43ba7f712f55119d563294399f70c1347e7754117c4885360acc2dd
row_extra_quote70_col0.csv	1a56ef7c89db30d077bbe2c70b150d284819d17b608562e075988b9b8969adfb
row_extra_quote70_col1.csv	00eb209a56b547eb74308c8364b447fdeea54edb5aa3732b749a62f616497704
row_extra_quote70_col2.csv	f206bc1ec9836747440d5357c86e190f70ac6bb1678d419ca7f1a89701c788f1
row_extra_quote70_col3.csv	f80113f89bc7edf14fd05269f16300d48496b062464458e6bb1179c244e57871
row_extra_quote70_col4.csv	ac2e0130bb41b50cc54c5bdcbc0f272e71f3d5e0b9df545cb7fe0354e4b09ed1
row_extra_quote70_col5.csv	3114e8daba570167fc687a5bf542937a340b13c4ecaaaf6abe977fff7fb26de1
row_extra_quote70_col6.csv	dc920ebf314d14ad495a26a178a113159790178ee0278ae6f1a2d5bc0899c84a
row_extra_quote70_col7.csv	4d9e9ff93801146174b47466b6c26b8bb36b024a054d42b9742f3bc79253ab47
row_extra_quote70_col8.csv	c77145ddba7f0b82d3b1fc238681e1ef528474eafa5d3c2ea7178e1cae8ea082
row_extra_quote71_col0.csv	81e618f9972f1227b9fc50047a1bdbcd63ed7030e982e706e7ccc3e49b8fde8e
row_extra_quote71_col1.csv	a3502db8b54db27de80a1b0d97087b42b5a92df05eb40dbb9d1c05d4f040a208
row_extra_quote71_col2.csv	06a63686b10e96fe10f8b8484e194a903d10b723b83ac78a06260587c8405b05
row_extra_quote71_col3.csv	0763244e3f4b06c86d419f3cea42182dc95c75a0e2f3016d25fcb8f03bdea57b
row_extra_quote71_col4.csv	a1214a9d2cd89dcfa79b23a848578cb0a259da90743c4c01a714ffc1ab33a9c8
row_extra_quote71_col5.csv	6980df5eb509fffa4553b2d21caf2362c917205d51b769b0c27e7e68fd1aecba
row_extra_quote71_col6.csv	bf94c7515037aae70d9ba2ef097adcf1ea315c60169b6e859f70bff43c5eb82a
row_extra_quote71_col7.csv	3026c4c5644491069714f814922a9d69e87f7c6f5c7d9e2718e22dfde3e58780
row_extra_quote71_col8.csv	26ab40bb82ca00048747486b70dbb9db13892fd1f099551616c4c2e14d42892c
row_extra_quote72_col0.csv	5f561d2ae6bb7b17a6f7105a58604b0c8da61b4c37c72a6a3ffb37b255cb96de
row_extra_quote72_col1.csv	f506f804f9873c6196c5b29b9e7dc7f3df5c600bd6924860fca6931c1e978ed3
row_extra_quote72_col2.csv	51051d5c64de6aee5deea2256343acf10faeb7bb82445d45eaede83ce39c2639
row_extra_quote72_col3.csv	4c486c3d716e05695a27ba4b68b639d7361d9bd72cac53f4abeb9ec2802e19ff
row_extra_quote72_col4.csv	2fd055fad652fa6eea9fbe76827e89c4a060016d00b7546d9ac75c996d3a804d
row_extra_quote72_col5.csv	00f6217d2776eec23276d5585a7cc8381b9a4d5dc056181b1edcc9c28a08e133
row_extra_quote72_col6.csv	8c48d1d85fb600b64a1ac39e26ff1362962bd24c6361468b49a2a4f92cdf0276
row_extra_quote72_col7.csv	7340cb775608a32de54813531ddb7e7d215095881982dfd4c47a287578158b50
row_extra_quote72_col8.csv	e459e0fc7706c054d64f329965a692516624bbf25e57619eeae04a721b2f1c8e
row_extra_quote73_col0.csv	2e5fa5a8000f8cdd0fc7a316d1ae0f9ac1efb2fa7b575b9ce385ce93c58d663a
row_extra_quote73_col1.csv	001e73a75d67b51f2469e9e78bc7a95456fc22f4ac1a977e84f15311d200e413
row_extra_quote73_col2.csv	e660f993d4de50f721b988e434c912d9230f2c3c923726943f1f1db43a01e40f
row_extra_quote73_col3.csv	4499911b62590c74067ffb6f95372684c741ab96edee6407c9033cc5d0b2acaf
row_extra_quote73_col4.csv	9d32300e3a246909932ff4da945eed729b4f9890c6e2ec958df0053ea93efeb6
row_extra_quote73_col5.csv	e41ad8253f4dd1b77357452bf0aaf8c7ddb9162a56affec71b2d98cda8f6d827
row_extra_quote73_col6.csv	30c87bf985b7d11cfba07d339d99ca48a081125684657a8391916a9b322d2b36
row_extra_quote73_col7.csv	35d80b90b9139d50d39f9c31c117f7e602a776897c5b28ea2c89c0f589dfd2ca
row_extra_quote73_col8.csv	7437824d8fb3b93c965f1b0af203a267bc46b9fd54c987135fc9fa9a067a1539
row_extra_quote74_col0.csv	2f6bb7f320aa08f1b98717446020df3040847104460e8a71e2c433db5bea0453
row_extra_quote74_col1.csv	df703b45f006c42eea57398c7ba3d085031450e05398f8d165c8a7d6766507f9
row_extra_quote74_col2.csv	567b17d6b578b8676de9561deec5d680553cd4595e160507008e3f8cdd13b0a5
row_extra_quote74_col3.csv	7c60910c28cce2bd6ec0fe7af28e99cb6174a7a26607316e3c3d4079415eb2a0
row_extra_quote74_col4.csv	60ade97679ed193b97303c648ad3575091631a5283002f7295104f3e6beff8a8
row_extra_quote74_col5.csv	5dd2961b55edfaff535d3187dc67fd54763373e0570936554143099432116cbc
row_extra_quote74_col6.csv	4eace78eee9996227d6971c3ab8e3c1d068bf1e89adc326b9511a657d7dba97e
row_extra_quote74_col7.csv	2115baea012476b89650145408871f358031cbcbc13b8b887316c3bb7f002adb
row_extra_quote74_col8.csv	1dbc7030117d79f842844d2449512176db78cc8c3ddd74675816ac746190505d
row_extra_quote75_col0.csv	9ecaeb88516cb1bc7a3b32c8e5c8b345bcdea4d36abcf7f0942002e37ef95e65
row_extra_quote75_col1.csv	593c59d60fba1dbcb58179aaf501a80976a6a5b5de2973a0d47a1ef4c80a9664
row_extra_quote75_col2.csv	88f0b27fa38bc11af3e26c74ecbf2b9e2b0207a93c283d4e8818f422f076c300
row_extra_quote75_col3.csv	ad1e05003755286f72cac46760eea22e9f7c02f4ede47973942f9de30a8d30c6
row_extra_quote75_col4.csv	1016cb6b838fca577e383130662abdbf8ee09724b1886bd4659a9f71670dc1b4
row_extra_quote75_col5.csv	af110aa119243070d2a09291be88a4ad7cd2a699162eef2d9ed79f46b90e8346
row_extra_quote75_col6.csv	436835b2a40e2c6696f68f8a8fbd002b3abd54f90932230517892f1d30619bde
row_extra_quote75_col7.csv	2d0720e0edca11655fb904a253c7ecdbd49b8100ed84bfd7ecbaee1d828080b9
row_extra_quote75_col8.csv	8198139a5a78a030460930a18e96f258e92a184d1987e9847169b26eb77e4d98
row_extra_quote76_col0.csv	05099cccf7b00c959099fd09bf0c24bf67c644c5c21feecc3ec4b4cb67eae00c
row_extra_quote76_col1.csv	c6cd3a8f5762d75f978b85c83a97a27308d78cbddb35d5f2c0c635c2bffffc28
row_extra_quote76_col2.csv	ddc020549e88e7358d44b91689ed217d5125ea51184df74a062709304f8761e7
row_extra_quote76_col3.csv	35bc99d25caa30080f7966e01dbcf43927f52b87871bab4a5a140a248ad16ff2
row_extra_quote76_col4.csv	ac55fe53e32c3e61fa5102820cd0034f3f8030b65ba905247290e5964ef41121
row_extra_quote76_col5.csv	942e20699eb3d1ada84a07b653459a09709f750dbcf5cdfe500150b5f097539c
row_extra_quote76_col6.csv	4216b35ff3263f1a4ba6581a104e7c6b47fe4039c633e4065598b5dcf01f5162
row_extra_quote76_col7.csv	18bb762b0be6a4b52c0a24b0aa7337dfc58a6054424b9da25867c470b5a6c6a2
row_extra_quote76_col8.csv	88e4ce5c3ff9d8306db3f4ed399240670dee787d9f7407dfa17ae919a7a1676f
row_extra_quote77_col0.csv	a8e3675f9b69aeb397e64115dfdfdd000c26ffa513108c3998695279d9020a96
row_extra_quote77_col1.csv	812410eca03bfcad10b279a24969093ad8ad6eb6f8596b37a673291f58e7a02b
row_extra_quote77_col2.csv	927b6da43a196b95a73adfed4760292267b48de0ec157d7aead0ddffc79b9c10
row_extra_quote77_col3.csv	626b8a34327412b548a78774d4826e37babde710829e0054a6cdbfee448f6e76
row_extra_quote77_col4.csv	7012918e9f08d5593213de50c84e724b1ad11416bdb161c49093e89ccee4d3a1
row_extra_quote77_col5.csv	3580302826a7eac9a3203a61c30a6fff9c8b15c0e29c51ce5f1211ed8d90d95d
row_extra_quote77_col6.csv	d832d402af58de0f03231e1f6631b1f4dc1640d4609624a69cb89cedf0bea090
row_extra_quote77_col7.csv	faf9a98e558d11beaac7f3900fe2759b94ad85a36b0701eb97f2b9d530f40d4d
row_extra_quote77_col8.csv	2a8cc6cf518ff151a6c4df4da667aded48851605c55601bfda328cbaed25e218
row_extra_quote78_col0.csv	30418849927c93b110cef045168d0045275c9e05d49d394d6c35ec65371183ff
row_extra_quote78_col1.csv	16f3bc2dcc5a3745019dbdc60970e99cb1374a0684baab8ab27ba26ebc5682f2
row_extra_quote78_col2.csv	0139936cf510cc7a233100c86f630f767307af71e532a630764ca8532d0b7e80
row_extra_quote78_col3.csv	362eaa369fb3ce9c9ad81b82b234626c87280f7d7abdc135204e764a46957b4d
row_extra_quote78_col4.csv	9c5a5f3cb9f243c0c1ec60a59bd0b271caf01180b7822c730a550bcde0571075
row_extra_quote78_col5.csv	e2f02d18dbf5e4cc9c5174815dd5f7884b0df7f93b18bb61d93fdca9d3bc7c91
row_extra_quote78_col6.csv	d3911f99327aa07916c0161169951d60e1b5cc8ad7245876ca0fb0e08c78e77b
row_extra_quote78_col7.csv	2b61a1b3787454164e5d5c51cdff9a18c0d705b8a3e3b9e92d45318c550fc0d2
row_extra_quote78_col8.csv	2574297bb04941743f0e234d5a7efa6d2bd36f72bdfd3eb45a3a3ac6a0936bda
row_extra_quote79_col0.csv	871644b895e1b3e9bc52cb9739a5dc27784be2f5dcd32aa85be64c0071e53f1d
row_extra_quote79_col1.csv	6c6351540554b6fb2dbaff96284b4d2998acd6cf14e8872a492ae27ce56131ff
row_extra_quote79_col2.csv	f30b39e8c63ba0641ec68e29753f1f5081c3b4cec94adb3e5c607a5465394f7e
row_extra_quote79_col3.csv	49b7237a0bd139e7f181a0b7b4d3a490f3ff558a3f26c5d20e0940b1c831b219
row_extra_quote79_col4.csv	407e3e912e8ee089da0de2a260762f48540e5892a5a69bd10a75ef3a56eab364
row_extra_quote79_col5.csv	5cbcf43753a48403bad4a252b634a0cff3df2bad37b0aabe17d61b349f6ef60a
row_extra_quote79_col6.csv	1fef9e74635a1ce73bc6180380d95f22f27e39a9232de4d0a7608a59329393c5
row_extra_quote79_col7.csv	a9744b05ca050617242ff85cf56d959cad53fc948348583cfcdc8458dd90cb64
row_extra_quote79_col8.csv	49325e414a1489577175a98765a585deb75b9c188dd37cdced0671727d766010
row_extra_quote7_col0.csv	f33f9ca211344c299fea30d6eec10b5ab47430f37b4d8d029ecbba05e36d65e2
row_extra_quote7_col1.csv	1ad01e913124f319df532333467e820199b0c805bdcc54d145759317cd0d035c
row_extra_quote7_col2.csv	07f5eb2060c7d2e8951318525323f3dda789a04540a5cf1a998e045b2acebb2a
row_extra_quote7_col3.csv	d37b628fa6fbb19cedcce0e3133df1281a4d335dfa229020c15fc87dde09c8b1
row_extra_quote7_col4.csv	eeb3d1825b9e8d511b10b1bd8b46919dce48ef0ea552f2fe8eaa2535203e98d6
row_extra_quote7_col5.csv	1aa4ce5207250d881bfc2a916768d2b276de70fbb09d7a355007ef9f8961dabb
row_extra_quote7_col6.csv	0a165bedcdaf8c71855e11ecac06feabcabaf8c7dd39705b9d28b88022e319e5
row_extra_quote7_col7.csv	a44919eb329330a141ec795da9c8250e2f218d5575a8307bf3ea240bc152fff1
row_extra_quote7_col8.csv	150bbd5e44ad32a0c89361c69fca7109fad0aee4d6459c3b8db9ccf67f73bf35
row_extra_quote80_col0.csv	9d48f7dedbcf5dde878e49b27980ca2a49ef6d0374abd2c3dd5dd9b31e4c7218
row_extra_quote80_col1.csv	8f24bb0d6ed529c4a96bdec1b41a4b1d41c64465eda8ea1dc583e41d756b38c8
row_extra_quote80_col2.csv	ab4f8c8dc143a8c5f375dac795840be6198bc80336cebcb6dfd8716ee2cb12c6
row_extra_quote80_col3.csv	c4aafe64afe57f38153636d1814b8c7fe4410ac967940081441da7eac569815d
row_extra_quote80_col4.csv	86f9c5034509408df1c7ca8d41626851d75c2449ed61e0d79427dc80ae14de58
row_extra_quote80_col5.csv	0dd3880aef61d232205df9daa34204b088c7949d13b60bf165884e71a7924f68
row_extra_quote80_col6.csv	bddc657291ded31574c2cf42faf8ce6d8fb08c1767b4ec55dd020afea2608fa9
row_extra_quote80_col7.csv	7f9612298f556de8f6b5f937ba0790bc9a858a1bb6b3ee60a0cf8fe56d8fd01b
row_extra_quote80_col8.csv	94513dcea40f9400f2de2c48cfd5f1792d604b67964802519d0fa8534355503f
row_extra_quote81_col0.csv	aabf70bdbed814f27184c17ea62842526ac16403888d0970ae5da8077f931de4
row_extra_quote81_col1.csv	855dd6062dc8a63445adeefb95eee9e0738246dc05357c5b5f13c42be63e0f44
row_extra_quote81_col2.csv	6c2e3ebe4be4e0de62732279cd2bb6fa05581a4bb805eaa7bb467c326d679115
row_extra_quote81_col3.csv	653342e7bedf4cf36a983dece66d0338e89037685c822fe93fae59f04804a829
row_extra_quote81_col4.csv	7426c364f4be37e725b2e631b54bfee1575fe05eeffcbbbe007b79fa9a419536
row_extra_quote81_col5.csv	0dd71062e3c8372122ad7e4692e8ffbafc65d00f7fcf9853f4f3a3cdbbe859e3
row_extra_quote81_col6.csv	2ae3f81fdf854966c45549305df78e650881b2251d55555b99dd663b7a7dd768
row_extra_quote81_col7.csv	682e5100efda03b5a94c84b348e0aeaf1b70901eb645fe2250c07df938f51b30
row_extra_quote81_col8.csv	29ba29eca6694250dceb45ec41bfc478c750a81839e65f7d5dac8648cbb7422c
row_extra_quote82_col0.csv	8e2644e8899e2166fc42eeadff31146de82b87a25b651d5a89a150697c9b6144
row_extra_quote82_col1.csv	61dfcc1f7ab2ed07afa10b1a7120de3eb2a2a2c730aeb3f3af0ed683972e2cdf
row_extra_quote82_col2.csv	4e53a6bc757a33240f572f2f452155dc04ff6454752b2767e55a307a3d66784f
row_extra_quote82_col3.csv	998c9060aaf5d874e8391de1a5b5af195b1380c4566d68da98de9c98e9d36dc0
row_extra_quote82_col4.csv	4c9439c01cf3a874c891d8b4cfd9f9f63a5f88bb15e22cb7e056e5df1a8ae9c8
row_extra_quote82_col5.csv	cb91fe07337b03da337a3a10035e2e8b08e4be20823cef98c5264f42e5569ac4
row_extra_quote82_col6.csv	23a26a941dfaa6b8d4a78fca6f0258f61372ca7b4258ba810b298287fdd019e6
row_extra_quote82_col7.csv	a72676dbd1b05150705231a42fd4153858e929c7e8731d4468a17f72bee8fe0c
row_extra_quote82_col8.csv	d7b780841cb22f259eb0d4be12b47d2245af27e58dc5bf9de858dffd33f37a92
row_extra_quote83_col0.csv	b4eadb437b71e4555cbcc57f4ada4b9e67e491c76b0ce376233d76a57e222335
row_extra_quote83_col1.csv	69c86fad1a73aa12e7a56384b3b671b94d0e29d55df92c84fb9de1e8452992b0
row_extra_quote83_col2.csv	734865986da26ccbb624fe323c879e2144c4290928d3681fbde1e080140219a0
row_extra_quote83_col3.csv	417390f90b6fd45da6f5c17c1a0a16ecbe0bf79c8c594c2a4fb37f3633309116
row_extra_quote83_col4.csv	4d13d99861e8e6564681750dd7919ec00a05950fd0f66e967859651465b263f8
row_extra_quote83_col5.csv	dc930cb0f60a688de083fe70759c55c406c08dadd5b77c957db7e25f00b6b0e6
row_extra_quote83_col6.csv	4653e9477ac1865600ba36025266594a7047dfb7bb5e0af2ec23e807e40c8fd8
row_extra_quote83_col7.csv	c2ff947ffd5987e72cf5c6baf9b56c2e23fafaf64f1aa1ba4fb401a367bd459a
row_extra_quote83_col8.csv	04a456df04565655b626c45912efd897a21e892de8fecd4c0115c816a55f08d9
row_extra_quote8_col0.csv	80335e4e71b9ebf5af088677736e4d906fe063ba37801d55f9f09a7a10475569
row_extra_quote8_col1.csv	3377d7b3724627eff48e304e506dadcf91abfe49cf4ff2b63cad186802b85e2e
row_extra_quote8_col2.csv	40ad82a505a888d70f76593c0d7be64585e4a6342697fb61d147dc3348c283dd
row_extra_quote8_col3.csv	f946759fa26cd44d589e1348ce0ec723147b3310ac01a324310848544a6c4659
row_extra_quote8_col4.csv	57e0b21cc3b345056899b9ae0bcb59bb7c128295ae26525bd5aa988202522a70
row_extra_quote8_col5.csv	933d789558e3bb345f316e50e8ece4801afc9917774a488e9779e83cddec7ca9
row_extra_quote8_col6.csv	f2a131fab8e31710083a4e0ce8a312ea2e56c721319453c83f9227bf23c0d622
row_extra_quote8_col7.csv	821aab70e5f5497f0bee08ebf79ffb7deb28dbe1c1d933b058771f33521de7fb
row_extra_quote8_col8.csv	780a5262cf03eff5828bc8644fb052bafc13cd1a80e7ca91372bb4730affcda8
row_extra_quote9_col0.csv	86254b900d77c13e60ec25689a02fbce6332c83dd257ef9e56f3b4787b943f15
row_extra_quote9_col1.csv	8a854a194cc71719765e38b9868b2d19d778105bd460281f7c4c694091b83956
row_extra_quote9_col2.csv	c46b8f5b18ddd0f435fe2762dfbb4be17913d51c3eab8759a9acb4494b373e80
row_extra_quote9_col3.csv	4da2199ddbd9c9d04cc64ce850dfdb6c15010f9e0d68caef59d7cfed0528e7c3
row_extra_quote9_col4.csv	1a6ddd436c8c5042430d1c176a19c24dd381d9393b5bd032c77167e2c52afa70
row_extra_quote9_col5.csv	d427c5caca15d5e70d16a18e7235153b45c24004b5bf987cdd750be38b790527
row_extra_quote9_col6.csv	138c6d6e305ceab803fd19120dd394540b2172dd678ff4aad66225d3b05a76fb
row_extra_quote9_col7.csv	b032a3e72bb50d65673ecdf1af8f5863bee16dc0a647eed66d177187aacfe955
row_extra_quote9_col8.csv	6eefa651de5442ec089400d98d76e028b5363953ef7aa576e6717b79682f1eee
row_field_delimiter_0_0x20.csv	3350f7f13fae1696698384acaf990d9a283588580c20f4908a6db3fda4645730
row_field_delimiter_10_0x20.csv	3350f7f13fae1696698384acaf990d9a283588580c20f4908a6db3fda4645730
row_field_delimiter_11_0x20.csv	3350f7f13fae1696698384acaf990d9a283588580c20f4908a6db3fda4645730
row_field_delimiter_12_0x20.csv	3350f7f13fae1696698384acaf990d9a283588580c20f4908a6db3fda4645730
row_field_delimiter_13_0x20.csv	3350f7f13fae1696698384acaf990d9a283588580c20f4908a6db3fda4645730
row_field_delimiter_14_0x20.csv	3350f7f13fae1696698384acaf990d9a283588580c20f4908a6db3fda4645730
row_field_delimiter_15_0x20.csv	3350f7f13fae1696698384acaf990d9a283588580c20f4908a6db3fda4645730
row_field_delimiter_16_0x20.csv	3350f7f13fae1696698384acaf990d9a283588580c20f4908a6db3fda4645730
row_field_delimiter_17_0x20.csv	3350f7f13fae1696698384acaf990d9a283588580c20f4908a6db3fda4645730
row_field_delimiter_18_0x20.csv	3350f7f13fae1696698384acaf990d9a283588580c20f4908a6db3fda4645730
row_field_delimiter_19_0x20.csv	3350f7f13fae1696698384acaf990d9a283588580c20f4908a6db3fda4645730
row_field_delimiter_1_0x20.csv	3350f7f13fae1696698384acaf990d9a283588580c20f4908a6db3fda4645730
row_field_delimiter_20_0x20.csv	3350f7f13fae1696698384acaf990d9a283588580c20f4908a6db3fda4645730
row_field_delimiter_21_0x20.csv	3350f7f13fae1696698384acaf990d9a283588580c20f4908a6db3fda4645730
row_field_delimiter_22_0x20.csv	3350f7f13fae1696698384acaf990d9a283588580c20f4908a6db3fda4645730
row_field_delimiter_23_0x20.csv	3350f7f13fae1696698384acaf990d9a283588580c20f4908a6db3fda4645730
row_field_delimiter_24_0x20.csv	3350f7f13fae1696698384acaf990d9a283588580c20f4908a6db3fda4645730
row_field_delimiter_25_0x20.csv	3350f7f13fae1696698384acaf990d9a283588580c20f4908a6db3fda4645730
row_field_delimiter_26_0x20.csv	3350f7f13fae1696698384acaf990d9a283588580c20f4908a6db3fda4645730
row_field_delimiter_27_0x20.csv	3350f7f13fae1696698384acaf990d9a283588580c20f4908a6db3fda4645730
row_field_delimiter_28_0x20.csv	3350f7f13fae1696698384acaf990d9a283588580c20f4908a6db3fda4645730
row_field_delimiter_29_0x20.csv	3350f7f13fae1696698384acaf990d9a283588580c20f4908a6db3fda4645730
row_field_delimiter_2_0x20.csv	3350f7f13fae1696698384acaf990d9a283588580c20f4908a6db3fda4645730
row_field_delimiter_30_0x20.csv	3350f7f13fae1696698384acaf990d9a283588580c20f4908a6db3fda4645730
row_field_delimiter_31_0x20.csv	3350f7f13fae1696698384acaf990d9a283588580c20f4908a6db3fda4645730
row_field_delimiter_32_0x20.csv	3350f7f13fae1696698384acaf990d9a283588580c20f4908a6db3fda4645730
row_field_delimiter_33_0x20.csv	3350f7f13fae1696698384acaf990d9a283588580c20f4908a6db3fda4645730
row_field_delimiter_34_0x20.csv	3350f7f13fae1696698384acaf990d9a283588580c20f4908a6db3fda4645730
row_field_delimiter_35_0x20.csv	3350f7f13fae1696698384acaf990d9a283588580c20f4908a6db3fda4645730
row_field_delimiter_36_0x20.csv	3350f7f13fae1696698384acaf990d9a283588580c20f4908a6db3fda4645730
row_field_delimiter_37_0x20.csv	3350f7f13fae1696698384acaf990d9a283588580c20f4908a6db3fda4645730
row_field_delimiter_38_0x20.csv	3350f7f13fae1696698384acaf990d9a283588580c20f4908a6db3fda4645730
row_field_delimiter_39_0x20.csv	3350f7f13fae1696698384acaf990d9a283588580c20f4908a6db3fda4645730
row_field_delimiter_3_0x20.csv	3350f7f13fae1696698384acaf990d9a283588580c20f4908a6db3fda4645730
row_field_delimiter_40_0x20.csv	3350f7f13fae1696698384acaf990d9a283588580c20f4908a6db3fda4645730
row_field_delimiter_41_0x20.csv	3350f7f13fae1696698384acaf990d9a283588580c20f4908a6db3fda4645730
row_field_delimiter_42_0x20.csv	3350f7f13fae1696698384acaf990d9a283588580c20f4908a6db3fda4645730
row_field_delimiter_43_0x20.csv	3350f7f13fae1696698384acaf990d9a283588580c20f4908a6db3fda4645730
row_field_delimiter_44_0x20.csv	3350f7f13fae1696698384acaf990d9a283588580c20f4908a6db3fda4645730
row_field_delimiter_45_0x20.csv	3350f7f13fae1696698384acaf990d9a283588580c20f4908a6db3fda4645730
row_field_delimiter_46_0x20.csv	3350f7f13fae1696698384acaf990d9a283588580c20f4908a6db3fda4645730
row_field_delimiter_47_0x20.csv	3350f7f13fae1696698384acaf990d9a283588580c20f4908a6db3fda4645730
row_field_delimiter_48_0x20.csv	3350f7f13fae1696698384acaf990d9a283588580c20f4908a6db3fda4645730
row_field_delimiter_49_0x20.csv	3350f7f13fae1696698384acaf990d9a283588580c20f4908a6db3fda4645730
row_field_delimiter_4_0x20.csv	3350f7f13fae1696698384acaf990d9a283588580c20f4908a6db3fda4645730
row_field_delimiter_50_0x20.csv	3350f7f13fae1696698384acaf990d9a283588580c20f4908a6db3fda4645730
row_field_delimiter_51_0x20.csv	3350f7f13fae1696698384acaf990d9a283588580c20f4908a6db3fda4645730
row_field_delimiter_52_0x20.csv	3350f7f13fae1696698384acaf990d9a283588580c20f4908a6db3fda4645730
row_field_delimiter_53_0x20.csv	3350f7f13fae1696698384acaf990d9a283588580c20f4908a6db3fda4645730
row_field_delimiter_54_0x20.csv	3350f7f13fae1696698384acaf990d9a283588580c20f4908a6db3fda4645730
row_field_delimiter_55_0x20.csv	3350f7f13fae1696698384acaf990d9a283588580c20f4908a6db3fda4645730
row_field_delimiter_56_0x20.csv	3350f7f13fae1696698384acaf990d9a283588580c20f4908a6db3fda4645730
row_field_delimiter_57_0x20.csv	3350f7f13fae1696698384acaf990d9a283588580c20f4908a6db3fda4645730
row_field_delimiter_58_0x20.csv	3350f7f13fae1696698384acaf990d9a283588580c20f4908a6db3fda4645730
row_field_delimiter_59_0x20.csv	3350f7f13fae1696698384acaf990d9a283588580c20f4908a6db3fda4645730
row_field_delimiter_5_0x20.csv	3350f7f13fae1696698384acaf990d9a283588580c20f4908a6db3fda4645730
row_field_delimiter_60_0x20.csv	3350f7f13fae1696698384acaf990d9a283588580c20f4908a6db3fda4645730
row_field_delimiter_61_0x20.csv	3350f7f13fae1696698384acaf990d9a283588580c20f4908a6db3fda4645730
row_field_delimiter_62_0x20.csv	3350f7f13fae1696698384acaf990d9a283588580c20f4908a6db3fda4645730
row_field_delimiter_63_0x20.csv	3350f7f13fae1696698384acaf990d9a283588580c20f4908a6db3fda4645730
row_field_delimiter_64_0x20.csv	3350f7f13fae1696698384acaf990d9a283588580c20f4908a6db3fda4645730
row_field_delimiter_65_0x20.csv	3350f7f13fae1696698384acaf990d9a283588580c20f4908a6db3fda4645730
row_field_delimiter_66_0x20.csv	3350f7f13fae1696698384acaf990d9a283588580c20f4908a6db3fda4645730
row_field_delimiter_67_0x20.csv	3350f7f13fae1696698384acaf990d9a283588580c20f4908a6db3fda4645730
row_field_delimiter_68_0x20.csv	3350f7f13fae1696698384acaf990d9a283588580c20f4908a6db3fda4645730
row_field_delimiter_69_0x20.csv	3350f7f13fae1696698384acaf990d9a283588580c20f4908a6db3fda4645730
row_field_delimiter_6_0x20.csv	3350f7f13fae1696698384acaf990d9a283588580c20f4908a6db3fda4645730
row_field_delimiter_70_0x20.csv	3350f7f13fae1696698384acaf990d9a283588580c20f4908a6db3fda4645730
row_field_delimiter_71_0x20.csv	3350f7f13fae1696698384acaf990d9a283588580c20f4908a6db3fda4645730
row_field_delimiter_72_0x20.csv	3350f7f13fae1696698384acaf990d9a283588580c20f4908a6db3fda4645730
row_field_delimiter_73_0x20.csv	3350f7f13fae1696698384acaf990d9a283588580c20f4908a6db3fda4645730
row_field_delimiter_74_0x20.csv	3350f7f13fae1696698384acaf990d9a283588580c20f4908a6db3fda4645730
row_field_delimiter_75_0x20.csv	3350f7f13fae1696698384acaf990d9a283588580c20f4908a6db3fda4645730
row_field_delimiter_76_0x20.csv	3350f7f13fae1696698384acaf990d9a283588580c20f4908a6db3fda4645730
row_field_delimiter_77_0x20.csv	3350f7f13fae1696698384acaf990d9a283588580c20f4908a6db3fda4645730
row_field_delimiter_78_0x20.csv	3350f7f13fae1696698384acaf990d9a283588580c20f4908a6db3fda4645730
row_field_delimiter_79_0x20.csv	3350f7f13fae1696698384acaf990d9a283588580c20f4908a6db3fda4645730
row_field_delimiter_7_0x20.csv	3350f7f13fae1696698384acaf990d9a283588580c20f4908a6db3fda4645730
row_field_delimiter_80_0x20.csv	3350f7f13fae1696698384acaf990d9a283588580c20f4908a6db3fda4645730
row_field_delimiter_81_0x20.csv	3350f7f13fae1696698384acaf990d9a283588580c20f4908a6db3fda4645730
row_field_delimiter_82_0x20.csv	3350f7f13fae1696698384acaf990d9a283588580c20f4908a6db3fda4645730
row_field_delimiter_83_0x20.csv	3350f7f13fae1696698384acaf990d9a283588580c20f4908a6db3fda4645730
row_field_delimiter_8_0x20.csv	3350f7f13fae1696698384acaf990d9a283588580c20f4908a6db3fda4645730
row_field_delimiter_9_0x20.csv	3350f7f13fae1696698384acaf990d9a283588580c20f4908a6db3fda4645730
row_less_sep_row0_col1.csv	db7a2ca245849ff47b23c8441c75ed454b44f46eb103cc3c038ff7781491dddf
row_less_sep_row0_col2.csv	7dce72ee3178b551b19426857abee834e3372ea507e7fd13498dafc30b30b1da
row_less_sep_row0_col3.csv	f2460ba6c1c4583bcb2458681d87f940f0d65e75e605ad1cad05144e92877d08
row_less_sep_row0_col4.csv	2b0fbe9d8670fa7391734928859894538cfcafcbdc27717af2fac9cac849487e
row_less_sep_row0_col5.csv	b133e4d7c6f6f3552c1c6a59532686272f93fbc56a4420f8b37f3571921553bc
row_less_sep_row0_col6.csv	3350f7f13fae1696698384acaf990d9a283588580c20f4908a6db3fda4645730
row_less_sep_row0_col7.csv	3350f7f13fae1696698384acaf990d9a283588580c20f4908a6db3fda4645730
row_less_sep_row0_col8.csv	3350f7f13fae1696698384acaf990d9a283588580c20f4908a6db3fda4645730
row_less_sep_row10_col1.csv	3350f7f13fae1696698384acaf990d9a283588580c20f4908a6db3fda4645730
row_less_sep_row10_col2.csv	3350f7f13fae1696698384acaf990d9a283588580c20f4908a6db3fda4645730
row_less_sep_row10_col3.csv	3350f7f13fae1696698384acaf990d9a283588580c20f4908a6db3fda4645730
row_less_sep_row10_col4.csv	3350f7f13fae1696698384acaf990d9a283588580c20f4908a6db3fda4645730
row_less_sep_row10_col5.csv	3350f7f13fae1696698384acaf990d9a283588580c20f4908a6db3fda4645730
row_less_sep_row10_col6.csv	3350f7f13fae1696698384acaf990d9a283588580c20f4908a6db3fda4645730
row_less_sep_row10_col7.csv	3350f7f13fae1696698384acaf990d9a283588580c20f4908a6db3fda4645730
row_less_sep_row10_col8.csv	3350f7f13fae1696698384acaf990d9a283588580c20f4908a6db3fda4645730
row_less_sep_row11_col1.csv	3350f7f13fae1696698384acaf990d9a283588580c20f4908a6db3fda4645730
row_less_sep_row11_col2.csv	3350f7f13fae1696698384acaf990d9a283588580c20f4908a6db3fda4645730
row_less_sep_row11_col3.csv	3350f7f13fae1696698384acaf990d9a283588580c20f4908a6db3fda4645730
row_less_sep_row11_col4.csv	3350f7f13fae1696698384acaf990d9a283588580c20f4908a6db3fda4645730
row_less_sep_row11_col5.csv	3350f7f13fae1696698384acaf990d9a283588580c20f4908a6db3fda4645730
row_less_sep_row11_col6.csv	3350f7f13fae1696698384acaf990d9a283588580c20f4908a6db3fda4645730
row_less_sep_row11_col7.csv	3350f7f13fae1696698384acaf990d9a283588580c20f4908a6db3fda4645730
row_less_sep_row11_col8.csv	3350f7f13fae1696698384acaf990d9a283588580c20f4908a6db3fda4645730
row_less_sep_row12_col1.csv	3350f7f13fae1696698384acaf990d9a283588580c20f4908a6db3fda4645730
row_less_sep_row12_col2.csv	3350f7f13fae1696698384acaf990d9a283588580c20f4908a6db3fda4645730
row_less_sep_row12_col3.csv	3350f7f13fae1696698384acaf990d9a283588580c20f4908a6db3fda4645730
row_less_sep_row12_col4.csv	3350f7f13fae1696698384acaf990d9a283588580c20f4908a6db3fda4645730
row_less_sep_row12_col5.csv	3350f7f13fae1696698384acaf990d9a283588580c20f4908a6db3fda4645730
row_less_sep_row12_col6.csv	3350f7f13fae1696698384acaf990d9a283588580c20f4908a6db3fda4645730
row_less_sep_row12_col7.csv	3350f7f13fae1696698384acaf990d9a283588580c20f4908a6db3fda4645730
row_less_sep_row12_col8.csv	3350f7f13fae1696698384acaf990d9a283588580c20f4908a6db3fda4645730
row_less_sep_row13_col1.csv	3350f7f13fae1696698384acaf990d9a283588580c20f4908a6db3fda4645730
row_less_sep_row13_col2.csv	3350f7f13fae1696698384acaf990d9a283588580c20f4908a6db3fda4645730
row_less_sep_row13_col3.csv	3350f7f13fae1696698384acaf990d9a283588580c20f4908a6db3fda4645730
row_less_sep_row13_col4.csv	3350f7f13fae1696698384acaf990d9a283588580c20f4908a6db3fda4645730
row_less_sep_row13_col5.csv	3350f7f13fae1696698384acaf990d9a283588580c20f4908a6db3fda4645730
row_less_sep_row13_col6.csv	3350f7f13fae1696698384acaf990d9a283588580c20f4908a6db3fda4645730
row_less_sep_row13_col7.csv	3350f7f13fae1696698384acaf990d9a283588580c20f4908a6db3fda4645730
row_less_sep_row13_col8.csv	3350f7f13fae1696698384acaf990d9a283588580c20f4908a6db3fda4645730
row_less_sep_row14_col1.csv	3350f7f13fae1696698384acaf990d9a283588580c20f4908a6db3fda4645730
row_less_sep_row14_col2.csv	3350f7f13fae1696698384acaf990d9a283588580c20f4908a6db3fda4645730
row_less_sep_row14_col3.csv	3350f7f13fae1696698384acaf990d9a283588580c20f4908a6db3fda4645730
row_less_sep_row14_col4.csv	3350f7f13fae1696698384acaf990d9a283588580c20f4908a6db3fda4645730
row_less_sep_row14_col5.csv	3350f7f13fae1696698384acaf990d9a283588580c20f4908a6db3fda4645730
row_less_sep_row14_col6.csv	3350f7f13fae1696698384acaf990d9a283588580c20f4908a6db3fda4645730
row_less_sep_row14_col7.csv	3350f7f13fae1696698384acaf990d9a283588580c20f4908a6db3fda4645730
row_less_sep_row14_col8.csv	3350f7f13fae1696698384acaf990d9a283588580c20f4908a6db3fda4645730
row_less_sep_row15_col1.csv	3350f7f13fae1696698384acaf990d9a283588580c20f4908a6db3fda4645730
row_less_sep_row15_col2.csv	3350f7f13fae1696698384acaf990d9a283588580c20f4908a6db3fda4645730
row_less_sep_row15_col3.csv	3350f7f13fae1696698384acaf990d9a283588580c20f4908a6db3fda4645730
row_less_sep_row15_col4.csv	3350f7f13fae1696698384acaf990d9a283588580c20f4908a6db3fda4645730
row_less_sep_row15_col5.csv	3350f7f13fae1696698384acaf990d9a283588580c20f4908a6db3fda4645730
row_less_sep_row15_col6.csv	3350f7f13fae1696698384acaf990d9a283588580c20f4908a6db3fda4645730
row_less_sep_row15_col7.csv	3350f7f13fae1696698384acaf990d9a283588580c20f4908a6db3fda4645730
row_less_sep_row15_col8.csv	3350f7f13fae1696698384acaf990d9a283588580c20f4908a6db3fda4645730
row_less_sep_row16_col1.csv	3350f7f13fae1696698384acaf990d9a283588580c20f4908a6db3fda4645730
row_less_sep_row16_col2.csv	3350f7f13fae1696698384acaf990d9a283588580c20f4908a6db3fda4645730
row_less_sep_row16_col3.csv	3350f7f13fae1696698384acaf990d9a283588580c20f4908a6db3fda4645730
row_less_sep_row16_col4.csv	3350f7f13fae1696698384acaf990d9a283588580c20f4908a6db3fda4645730
row_less_sep_row16_col5.csv	3350f7f13fae1696698384acaf990d9a283588580c20f4908a6db3fda4645730
row_less_sep_row16_col6.csv	3350f7f13fae1696698384acaf990d9a283588580c20f4908a6db3fda4645730
row_less_sep_row16_col7.csv	3350f7f13fae1696698384acaf990d9a283588580c20f4908a6db3fda4645730
row_less_sep_row16_col8.csv	3350f7f13fae1696698384acaf990d9a283588580c20f4908a6db3fda4645730
row_less_sep_row17_col1.csv	3350f7f13fae1696698384acaf990d9a283588580c20f4908a6db3fda4645730
row_less_sep_row17_col2.csv	3350f7f13fae1696698384acaf990d9a283588580c20f4908a6db3fda4645730
row_less_sep_row17_col3.csv	3350f7f13fae1696698384acaf990d9a283588580c20f4908a6db3fda4645730
row_less_sep_row17_col4.csv	3350f7f13fae1696698384acaf990d9a283588580c20f4908a6db3fda4645730
row_less_sep_row17_col5.csv	3350f7f13fae1696698384acaf990d9a283588580c20f4908a6db3fda4645730
row_less_sep_row17_col6.csv	3350f7f13fae1696698384acaf990d9a283588580c20f4908a6db3fda4645730
row_less_sep_row17_col7.csv	3350f7f13fae1696698384acaf990d9a283588580c20f4908a6db3fda4645730
row_less_sep_row17_col8.csv	3350f7f13fae1696698384acaf990d9a283588580c20f4908a6db3fda4645730
row_less_sep_row18_col1.csv	3350f7f13fae1696698384acaf990d9a283588580c20f4908a6db3fda4645730
row_less_sep_row18_col2.csv	3350f7f13fae1696698384acaf990d9a283588580c20f4908a6db3fda4645730
row_less_sep_row18_col3.csv	3350f7f13fae1696698384acaf990d9a283588580c20f4908a6db3fda4645730
row_less_sep_row18_col4.csv	3350f7f13fae1696698384acaf990d9a283588580c20f4908a6db3fda4645730
row_less_sep_row18_col5.csv	3350f7f13fae1696698384acaf990d9a283588580c20f4908a6db3fda4645730
row_less_sep_row18_col6.csv	3350f7f13fae1696698384acaf990d9a283588580c20f4908a6db3fda4645730
row_less_sep_row18_col7.csv	3350f7f13fae1696698384acaf990d9a283588580c20f4908a6db3fda4645730
row_less_sep_row18_col8.csv	3350f7f13fae1696698384acaf990d9a283588580c20f4908a6db3fda4645730
row_less_sep_row19_col1.csv	3350f7f13fae1696698384acaf990d9a283588580c20f4908a6db3fda4645730
row_less_sep_row19_col2.csv	3350f7f13fae1696698384acaf990d9a283588580c20f4908a6db3fda4645730
row_less_sep_row19_col3.csv	3350f7f13fae1696698384acaf990d9a283588580c20f4908a6db3fda4645730
row_less_sep_row19_col4.csv	3350f7f13fae1696698384acaf990d9a283588580c20f4908a6db3fda4645730
row_less_sep_row19_col5.csv	3350f7f13fae1696698384acaf990d9a283588580c20f4908a6db3fda4645730
row_less_sep_row19_col6.csv	3350f7f13fae1696698384acaf990d9a283588580c20f4908a6db3fda4645730
row_less_sep_row19_col7.csv	3350f7f13fae1696698384acaf990d9a283588580c20f4908a6db3fda4645730
row_less_sep_row19_col8.csv	3350f7f13fae1696698384acaf990d9a283588580c20f4908a6db3fda4645730
row_less_sep_row1_col1.csv	3350f7f13fae1696698384acaf990d9a283588580c20f4908a6db3fda4645730
row_less_sep_row1_col2.csv	3350f7f13fae1696698384acaf990d9a283588580c20f4908a6db3fda4645730
row_less_sep_row1_col3.csv	3350f7f13fae1696698384acaf990d9a283588580c20f4908a6db3fda4645730
row_less_sep_row1_col4.csv	3350f7f13fae1696698384acaf990d9a283588580c20f4908a6db3fda4645730
row_less_sep_row1_col5.csv	3350f7f13fae1696698384acaf990d9a283588580c20f4908a6db3fda4645730
row_less_sep_row1_col6.csv	3350f7f13fae1696698384acaf990d9a283588580c20f4908a6db3fda4645730
row_less_sep_row1_col7.csv	3350f7f13fae1696698384acaf990d9a283588580c20f4908a6db3fda4645730
row_less_sep_row1_col8.csv	3350f7f13fae1696698384acaf990d9a283588580c20f4908a6db3fda4645730
row_less_sep_row20_col1.csv	3350f7f13fae1696698384acaf990d9a283588580c20f4908a6db3fda4645730
row_less_sep_row20_col2.csv	3350f7f13fae1696698384acaf990d9a283588580c20f4908a6db3fda4645730
row_less_sep_row20_col3.csv	3350f7f13fae1696698384acaf990d9a283588580c20f4908a6db3fda4645730
row_less_sep_row20_col4.csv	3350f7f13fae1696698384acaf990d9a283588580c20f4908a6db3fda4645730
row_less_sep_row20_col5.csv	3350f7f13fae1696698384acaf990d9a283588580c20f4908a6db3fda4645730
row_less_sep_row20_col6.csv	3350f7f13fae1696698384acaf990d9a283588580c20f4908a6db3fda4645730
row_less_sep_row20_col7.csv	3350f7f13fae1696698384acaf990d9a283588580c20f4908a6db3fda4645730
row_less_sep_row20_col8.csv	3350f7f13fae1696698384acaf990d9a283588580c20f4908a6db3fda4645730
row_less_sep_row21_col1.csv	3350f7f13fae1696698384acaf990d9a283588580c20f4908a6db3fda4645730
row_less_sep_row21_col2.csv	3350f7f13fae1696698384acaf990d9a283588580c20f4908a6db3fda4645730
row_less_sep_row21_col3.csv	3350f7f13fae1696698384acaf990d9a283588580c20f4908a6db3fda4645730
row_less_sep_row21_col4.csv	3350f7f13fae1696698384acaf990d9a283588580c20f4908a6db3fda4645730
row_less_sep_row21_col5.csv	3350f7f13fae1696698384acaf990d9a283588580c20f4908a6db3fda4645730
row_less_sep_row21_col6.csv	3350f7f13fae1696698384acaf990d9a283588580c20f4908a6db3fda4645730
row_less_sep_row21_col7.csv	3350f7f13fae1696698384acaf990d9a283588580c20f4908a6db3fda4645730
row_less_sep_row21_col8.csv	3350f7f13fae1696698384acaf990d9a283588580c20f4908a6db3fda4645730
row_less_sep_row22_col1.csv	3350f7f13fae1696698384acaf990d9a283588580c20f4908a6db3fda4645730
row_less_sep_row22_col2.csv	3350f7f13fae1696698384acaf990d9a283588580c20f4908a6db3fda4645730
row_less_sep_row22_col3.csv	3350f7f13fae1696698384acaf990d9a283588580c20f4908a6db3fda4645730
row_less_sep_row22_col4.csv	3350f7f13fae1696698384acaf990d9a283588580c20f4908a6db3fda4645730
row_less_sep_row22_col5.csv	3350f7f13fae1696698384acaf990d9a283588580c20f4908a6db3fda4645730
row_less_sep_row22_col6.csv	3350f7f13fae1696698384acaf990d9a283588580c20f4908a6db3fda4645730
row_less_sep_row22_col7.csv	3350f7f13fae1696698384acaf990d9a283588580c20f4908a6db3fda4645730
row_less_sep_row22_col8.csv	3350f7f13fae1696698384acaf990d9a283588580c20f4908a6db3fda4645730
row_less_sep_row23_col1.csv	3350f7f13fae1696698384acaf990d9a283588580c20f4908a6db3fda4645730
row_less_sep_row23_col2.csv	3350f7f13fae1696698384acaf990d9a283588580c20f4908a6db3fda4645730
row_less_sep_row23_col3.csv	3350f7f13fae1696698384acaf990d9a283588580c20f4908a6db3fda4645730
row_less_sep_row23_col4.csv	3350f7f13fae1696698384acaf990d9a283588580c20f4908a6db3fda4645730
row_less_sep_row23_col5.csv	3350f7f13fae1696698384acaf990d9a283588580c20f4908a6db3fda4645730
row_less_sep_row23_col6.csv	3350f7f13fae1696698384acaf990d9a283588580c20f4908a6db3fda4645730
row_less_sep_row23_col7.csv	3350f7f13fae1696698384acaf990d9a283588580c20f4908a6db3fda4645730
row_less_sep_row23_col8.csv	3350f7f13fae1696698384acaf990d9a283588580c20f4908a6db3fda4645730
row_less_sep_row24_col1.csv	3350f7f13fae1696698384acaf990d9a283588580c20f4908a6db3fda4645730
row_less_sep_row24_col2.csv	3350f7f13fae1696698384acaf990d9a283588580c20f4908a6db3fda4645730
row_less_sep_row24_col3.csv	3350f7f13fae1696698384acaf990d9a283588580c20f4908a6db3fda4645730
row_less_sep_row24_col4.csv	3350f7f13fae1696698384acaf990d9a283588580c20f4908a6db3fda4645730
row_less_sep_row24_col5.csv	3350f7f13fae1696698384acaf990d9a283588580c20f4908a6db3fda4645730
row_less_sep_row24_col6.csv	3350f7f13fae1696698384acaf990d9a283588580c20f4908a6db3fda4645730
row_less_sep_row24_col7.csv	3350f7f13fae1696698384acaf990d9a283588580c20f4908a6db3fda4645730
row_less_sep_row24_col8.csv	3350f7f13fae1696698384acaf990d9a283588580c20f4908a6db3fda4645730
row_less_sep_row25_col1.csv	3350f7f13fae1696698384acaf990d9a283588580c20f4908a6db3fda4645730
row_less_sep_row25_col2.csv	3350f7f13fae1696698384acaf990d9a283588580c20f4908a6db3fda4645730
row_less_sep_row25_col3.csv	3350f7f13fae1696698384acaf990d9a283588580c20f4908a6db3fda4645730
row_less_sep_row25_col4.csv	3350f7f13fae1696698384acaf990d9a283588580c20f4908a6db3fda4645730
row_less_sep_row25_col5.csv	3350f7f13fae1696698384acaf990d9a283588580c20f4908a6db3fda4645730
row_less_sep_row25_col6.csv	3350f7f13fae1696698384acaf990d9a283588580c20f4908a6db3fda4645730
row_less_sep_row25_col7.csv	3350f7f13fae1696698384acaf990d9a283588580c20f4908a6db3fda4645730
row_less_sep_row25_col8.csv	3350f7f13fae1696698384acaf990d9a283588580c20f4908a6db3fda4645730
row_less_sep_row26_col1.csv	3350f7f13fae1696698384acaf990d9a283588580c20f4908a6db3fda4645730
row_less_sep_row26_col2.csv	3350f7f13fae1696698384acaf990d9a283588580c20f4908a6db3fda4645730
row_less_sep_row26_col3.csv	3350f7f13fae1696698384acaf990d9a283588580c20f4908a6db3fda4645730
row_less_sep_row26_col4.csv	3350f7f13fae1696698384acaf990d9a283588580c20f4908a6db3fda4645730
row_less_sep_row26_col5.csv	3350f7f13fae1696698384acaf990d9a283588580c20f4908a6db3fda4645730
row_less_sep_row26_col6.csv	3350f7f13fae1696698384acaf990d9a283588580c20f4908a6db3fda4645730
row_less_sep_row26_col7.csv	3350f7f13fae1696698384acaf990d9a283588580c20f4908a6db3fda4645730
row_less_sep_row26_col8.csv	3350f7f13fae1696698384acaf990d9a283588580c20f4908a6db3fda4645730
row_less_sep_row27_col1.csv	3350f7f13fae1696698384acaf990d9a283588580c20f4908a6db3fda4645730
row_less_sep_row27_col2.csv	3350f7f13fae1696698384acaf990d9a283588580c20f4908a6db3fda4645730
row_less_sep_row27_col3.csv	3350f7f13fae1696698384acaf990d9a283588580c20f4908a6db3fda4645730
row_less_sep_row27_col4.csv	3350f7f13fae1696698384acaf990d9a283588580c20f4908a6db3fda4645730
row_less_sep_row27_col5.csv	3350f7f13fae1696698384acaf990d9a283588580c20f4908a6db3fda4645730
row_less_sep_row27_col6.csv	3350f7f13fae1696698384acaf990d9a283588580c20f4908a6db3fda4645730
row_less_sep_row27_col7.csv	3350f7f13fae1696698384acaf990d9a283588580c20f4908a6db3fda4645730
row_less_sep_row27_col8.csv	3350f7f13fae1696698384acaf990d9a283588580c20f4908a6db3fda4645730
row_less_sep_row28_col1.csv	3350f7f13fae1696698384acaf990d9a283588580c20f4908a6db3fda4645730
row_less_sep_row28_col2.csv	3350f7f13fae1696698384acaf990d9a283588580c20f4908a6db3fda4645730
row_less_sep_row28_col3.csv	3350f7f13fae1696698384acaf990d9a283588580c20f4908a6db3fda4645730
row_less_sep_row28_col4.csv	3350f7f13fae1696698384acaf990d9a283588580c20f4908a6db3fda4645730
row_less_sep_row28_col5.csv	3350f7f13fae1696698384acaf990d9a283588580c20f4908a6db3fda4645730
row_less_sep_row28_col6.csv	3350f7f13fae1696698384acaf990d9a283588580c20f4908a6db3fda4645730
row_less_sep_row28_col7.csv	3350f7f13fae1696698384acaf990d9a283588580c20f4908a6db3fda4645730
row_less_sep_row28_col8.csv	3350f7f13fae1696698384acaf990d9a283588580c20f4908a6db3fda4645730
row_less_sep_row29_col1.csv	3350f7f13fae1696698384acaf990d9a283588580c20f4908a6db3fda4645730
row_less_sep_row29_col2.csv	3350f7f13fae1696698384acaf990d9a283588580c20f4908a6db3fda4645730
row_less_sep_row29_col3.csv	3350f7f13fae1696698384acaf990d9a283588580c20f4908a6db3fda4645730
row_less_sep_row29_col4.csv	3350f7f13fae1696698384acaf990d9a283588580c20f4908a6db3fda4645730
row_less_sep_row29_col5.csv	3350f7f13fae1696698384acaf990d9a283588580c20f4908a6db3fda4645730
row_less_sep_row29_col6.csv	3350f7f13fae1696698384acaf990d9a283588580c20f4908a6db3fda4645730
row_less_sep_row29_col7.csv	3350f7f13fae1696698384acaf990d9a283588580c20f4908a6db3fda4645730
row_less_sep_row29_col8.csv	3350f7f13fae1696698384acaf990d9a283588580c20f4908a6db3fda4645730
row_less_sep_row2_col1.csv	3350f7f13fae1696698384acaf990d9a283588580c20f4908a6db3fda4645730
row_less_sep_row2_col2.csv	3350f7f13fae1696698384acaf990d9a283588580c20f4908a6db3fda4645730
row_less_sep_row2_col3.csv	3350f7f13fae1696698384acaf990d9a283588580c20f4908a6db3fda4645730
row_less_sep_row2_col4.csv	3350f7f13fae1696698384acaf990d9a283588580c20f4908a6db3fda4645730
row_less_sep_row2_col5.csv	3350f7f13fae1696698384acaf990d9a283588580c20f4908a6db3fda4645730
row_less_sep_row2_col6.csv	3350f7f13fae1696698384acaf990d9a283588580c20f4908a6db3fda4645730
row_less_sep_row2_col7.csv	3350f7f13fae1696698384acaf990d9a283588580c20f4908a6db3fda4645730
row_less_sep_row2_col8.csv	3350f7f13fae1696698384acaf990d9a283588580c20f4908a6db3fda4645730
row_less_sep_row30_col1.csv	3350f7f13fae1696698384acaf990d9a283588580c20f4908a6db3fda4645730
row_less_sep_row30_col2.csv	3350f7f13fae1696698384acaf990d9a283588580c20f4908a6db3fda4645730
row_less_sep_row30_col3.csv	3350f7f13fae1696698384acaf990d9a283588580c20f4908a6db3fda4645730
row_less_sep_row30_col4.csv	3350f7f13fae1696698384acaf990d9a283588580c20f4908a6db3fda4645730
row_less_sep_row30_col5.csv	3350f7f13fae1696698384acaf990d9a283588580c20f4908a6db3fda4645730
row_less_sep_row30_col6.csv	3350f7f13fae1696698384acaf990d9a283588580c20f4908a6db3fda4645730
row_less_sep_row30_col7.csv	3350f7f13fae1696698384acaf990d9a283588580c20f4908a6db3fda4645730
row_less_sep_row30_col8.csv	3350f7f13fae1696698384acaf990d9a283588580c20f4908a6db3fda4645730
row_less_sep_row31_col1.csv	3350f7f13fae1696698384acaf990d9a283588580c20f4908a6db3fda4645730
row_less_sep_row31_col2.csv	3350f7f13fae1696698384acaf990d9a283588580c20f4908a6db3fda4645730
row_less_sep_row31_col3.csv	3350f7f13fae1696698384acaf990d9a283588580c20f4908a6db3fda4645730
row_less_sep_row31_col4.csv	3350f7f13fae1696698384acaf990d9a283588580c20f4908a6db3fda4645730
row_less_sep_row31_col5.csv	3350f7f13fae1696698384acaf990d9a283588580c20f4908a6db3fda4645730
row_less_sep_row31_col6.csv	3350f7f13fae1696698384acaf990d9a283588580c20f4908a6db3fda4645730
row_less_sep_row31_col7.csv	3350f7f13fae1696698384acaf990d9a283588580c20f4908a6db3fda4645730
row_less_sep_row31_col8.csv	3350f7f13fae1696698384acaf990d9a283588580c20f4908a6db3fda4645730
row_less_sep_row32_col1.csv	3350f7f13fae1696698384acaf990d9a283588580c20f4908a6db3fda4645730
row_less_sep_row32_col2.csv	3350f7f13fae1696698384acaf990d9a283588580c20f4908a6db3fda4645730
row_less_sep_row32_col3.csv	3350f7f13fae1696698384acaf990d9a283588580c20f4908a6db3fda4645730
row_less_sep_row32_col4.csv	3350f7f13fae1696698384acaf990d9a283588580c20f4908a6db3fda4645730
row_less_sep_row32_col5.csv	3350f7f13fae1696698384acaf990d9a283588580c20f4908a6db3fda4645730
row_less_sep_row32_col6.csv	3350f7f13fae1696698384acaf990d9a283588580c20f4908a6db3fda4645730
row_less_sep_row32_col7.csv	3350f7f13fae1696698384acaf990d9a283588580c20f4908a6db3fda4645730
row_less_sep_row32_col8.csv	3350f7f13fae1696698384acaf990d9a283588580c20f4908a6db3fda4645730
row_less_sep_row33_col1.csv	3350f7f13fae1696698384acaf990d9a283588580c20f4908a6db3fda4645730
row_less_sep_row33_col2.csv	3350f7f13fae1696698384acaf990d9a283588580c20f4908a6db3fda4645730
row_less_sep_row33_col3.csv	3350f7f13fae1696698384acaf990d9a283588580c20f4908a6db3fda4645730
row_less_sep_row33_col4.csv	3350f7f13fae1696698384acaf990d9a283588580c20f4908a6db3fda4645730
row_less_sep_row33_col5.csv	3350f7f13fae1696698384acaf990d9a283588580c20f4908a6db3fda4645730
row_less_sep_row33_col6.csv	3350f7f13fae1696698384acaf990d9a283588580c20f4908a6db3fda4645730
row_less_sep_row33_col7.csv	3350f7f13fae1696698384acaf990d9a283588580c20f4908a6db3fda4645730
row_less_sep_row33_col8.csv	3350f7f13fae1696698384acaf990d9a283588580c20f4908a6db3fda4645730
row_less_sep_row34_col1.csv	3350f7f13fae1696698384acaf990d9a283588580c20f4908a6db3fda4645730
row_less_sep_row34_col2.csv	3350f7f13fae1696698384acaf990d9a283588580c20f4908a6db3fda4645730
row_less_sep_row34_col3.csv	3350f7f13fae1696698384acaf990d9a283588580c20f4908a6db3fda4645730
row_less_sep_row34_col4.csv	3350f7f13fae1696698384acaf990d9a283588580c20f4908a6db3fda4645730
row_less_sep_row34_col5.csv	3350f7f13fae1696698384acaf990d9a283588580c20f4908a6db3fda4645730
row_less_sep_row34_col6.csv	3350f7f13fae1696698384acaf990d9a283588580c20f4908a6db3fda4645730
row_less_sep_row34_col7.csv	3350f7f13fae1696698384acaf990d9a283588580c20f4908a6db3fda4645730
row_less_sep_row34_col8.csv	3350f7f13fae1696698384acaf990d9a283588580c20f4908a6db3fda4645730
row_less_sep_row35_col1.csv	3350f7f13fae1696698384acaf990d9a283588580c20f4908a6db3fda4645730
row_less_sep_row35_col2.csv	3350f7f13fae1696698384acaf990d9a283588580c20f4908a6db3fda4645730
row_less_sep_row35_col3.csv	3350f7f13fae1696698384acaf990d9a283588580c20f4908a6db3fda4645730
row_less_sep_row35_col4.csv	3350f7f13fae1696698384acaf990d9a283588580c20f4908a6db3fda4645730
row_less_sep_row35_col5.csv	3350f7f13fae1696698384acaf990d9a283588580c20f4908a6db3fda4645730
row_less_sep_row35_col6.csv	3350f7f13fae1696698384acaf990d9a283588580c20f4908a6db3fda4645730
row_less_sep_row35_col7.csv	3350f7f13fae1696698384acaf990d9a283588580c20f4908a6db3fda4645730
row_less_sep_row35_col8.csv	3350f7f13fae1696698384acaf990d9a283588580c20f4908a6db3fda4645730
row_less_sep_row36_col1.csv	3350f7f13fae1696698384acaf990d9a283588580c20f4908a6db3fda4645730
row_less_sep_row36_col2.csv	3350f7f13fae1696698384acaf990d9a283588580c20f4908a6db3fda4645730
row_less_sep_row36_col3.csv	3350f7f13fae1696698384acaf990d9a283588580c20f4908a6db3fda4645730
row_less_sep_row36_col4.csv	3350f7f13fae1696698384acaf990d9a283588580c20f4908a6db3fda4645730
row_less_sep_row36_col5.csv	3350f7f13fae1696698384acaf990d9a283588580c20f4908a6db3fda4645730
row_less_sep_row36_col6.csv	3350f7f13fae1696698384acaf990d9a283588580c20f4908a6db3fda4645730
row_less_sep_row36_col7.csv	3350f7f13fae1696698384acaf990d9a283588580c20f4908a6db3fda4645730
row_less_sep_row36_col8.csv	3350f7f13fae1696698384acaf990d9a283588580c20f4908a6db3fda4645730
row_less_sep_row37_col1.csv	3350f7f13fae1696698384acaf990d9a283588580c20f4908a6db3fda4645730
row_less_sep_row37_col2.csv	3350f7f13fae1696698384acaf990d9a283588580c20f4908a6db3fda4645730
row_less_sep_row37_col3.csv	3350f7f13fae1696698384acaf990d9a283588580c20f4908a6db3fda4645730
row_less_sep_row37_col4.csv	3350f7f13fae1696698384acaf990d9a283588580c20f4908a6db3fda4645730
row_less_sep_row37_col5.csv	3350f7f13fae1696698384acaf990d9a283588580c20f4908a6db3fda4645730
row_less_sep_row37_col6.csv	3350f7f13fae1696698384acaf990d9a283588580c20f4908a6db3fda4645730
row_less_sep_row37_col7.csv	3350f7f13fae1696698384acaf990d9a283588580c20f4908a6db3fda4645730
row_less_sep_row37_col8.csv	3350f7f13fae1696698384acaf990d9a283588580c20f4908a6db3fda4645730
row_less_sep_row38_col1.csv	3350f7f13fae1696698384acaf990d9a283588580c20f4908a6db3fda4645730
row_less_sep_row38_col2.csv	3350f7f13fae1696698384acaf990d9a283588580c20f4908a6db3fda4645730
row_less_sep_row38_col3.csv	3350f7f13fae1696698384acaf990d9a283588580c20f4908a6db3fda4645730
row_less_sep_row38_col4.csv	3350f7f13fae1696698384acaf990d9a283588580c20f4908a6db3fda4645730
row_less_sep_row38_col5.csv	3350f7f13fae1696698384acaf990d9a283588580c20f4908a6db3fda4645730
row_less_sep_row38_col6.csv	3350f7f13fae1696698384acaf990d9a283588580c20f4908a6db3fda4645730
row_less_sep_row38_col7.csv	3350f7f13fae1696698384acaf990d9a283588580c20f4908a6db3fda4645730
row_less_sep_row38_col8.csv	3350f7f13fae1696698384acaf990d9a283588580c20f4908a6db3fda4645730
row_less_sep_row39_col1.csv	3350f7f13fae1696698384acaf990d9a283588580c20f4908a6db3fda4645730
row_less_sep_row39_col2.csv	3350f7f13fae1696698384acaf990d9a283588580c20f4908a6db3fda4645730
row_less_sep_row39_col3.csv	3350f7f13fae1696698384acaf990d9a283588580c20f4908a6db3fda4645730
row_less_sep_row39_col4.csv	3350f7f13fae1696698384acaf990d9a283588580c20f4908a6db3fda4645730
row_less_sep_row39_col5.csv	3350f7f13fae1696698384acaf990d9a283588580c20f4908a6db3fda4645730
row_less_sep_row39_col6.csv	3350f7f13fae1696698384acaf990d9a283588580c20f4908a6db3fda4645730
row_less_sep_row39_col7.csv	3350f7f13fae1696698384acaf990d9a283588580c20f4908a6db3fda4645730
row_less_sep_row39_col8.csv	3350f7f13fae1696698384acaf990d9a283588580c20f4908a6db3fda4645730
row_less_sep_row3_col1.csv	3350f7f13fae1696698384acaf990d9a283588580c20f4908a6db3fda4645730
row_less_sep_row3_col2.csv	3350f7f13fae1696698384acaf990d9a283588580c20f4908a6db3fda4645730
row_less_sep_row3_col3.csv	3350f7f13fae1696698384acaf990d9a283588580c20f4908a6db3fda4645730
row_less_sep_row3_col4.csv	3350f7f13fae1696698384acaf990d9a283588580c20f4908a6db3fda4645730
row_less_sep_row3_col5.csv	3350f7f13fae1696698384acaf990d9a283588580c20f4908a6db3fda4645730
row_less_sep_row3_col6.csv	3350f7f13fae1696698384acaf990d9a283588580c20f4908a6db3fda4645730
row_less_sep_row3_col7.csv	3350f7f13fae1696698384acaf990d9a283588580c20f4908a6db3fda4645730
row_less_sep_row3_col8.csv	3350f7f13fae1696698384acaf990d9a283588580c20f4908a6db3fda4645730
row_less_sep_row40_col1.csv	3350f7f13fae1696698384acaf990d9a283588580c20f4908a6db3fda4645730
row_less_sep_row40_col2.csv	3350f7f13fae1696698384acaf990d9a283588580c20f4908a6db3fda4645730
row_less_sep_row40_col3.csv	3350f7f13fae1696698384acaf990d9a283588580c20f4908a6db3fda4645730
row_less_sep_row40_col4.csv	3350f7f13fae1696698384acaf990d9a283588580c20f4908a6db3fda4645730
row_less_sep_row40_col5.csv	3350f7f13fae1696698384acaf990d9a283588580c20f4908a6db3fda4645730
row_less_sep_row40_col6.csv	3350f7f13fae1696698384acaf990d9a283588580c20f4908a6db3fda4645730
row_less_sep_row40_col7.csv	3350f7f13fae1696698384acaf990d9a283588580c20f4908a6db3fda4645730
row_less_sep_row40_col8.csv	3350f7f13fae1696698384acaf990d9a283588580c20f4908a6db3fda4645730
row_less_sep_row41_col1.csv	3350f7f13fae1696698384acaf990d9a283588580c20f4908a6db3fda4645730
row_less_sep_row41_col2.csv	3350f7f13fae1696698384acaf990d9a283588580c20f4908a6db3fda4645730
row_less_sep_row41_col3.csv	3350f7f13fae1696698384acaf990d9a283588580c20f4908a6db3fda4645730
row_less_sep_row41_col4.csv	3350f7f13fae1696698384acaf990d9a283588580c20f4908a6db3fda4645730
row_less_sep_row41_col5.csv	3350f7f13fae1696698384acaf990d9a283588580c20f4908a6db3fda4645730
row_less_sep_row41_col6.csv	3350f7f13fae1696698384acaf990d9a283588580c20f4908a6db3fda4645730
row_less_sep_row41_col7.csv	3350f7f13fae1696698384acaf990d9a283588580c20f4908a6db3fda4645730
row_less_sep_row41_col8.csv	3350f7f13fae1696698384acaf990d9a283588580c20f4908a6db3fda4645730
row_less_sep_row42_col1.csv	3350f7f13fae1696698384acaf990d9a283588580c20f4908a6db3fda4645730
row_less_sep_row42_col2.csv	3350f7f13fae1696698384acaf990d9a283588580c20f4908a6db3fda4645730
row_less_sep_row42_col3.csv	3350f7f13fae1696698384acaf990d9a283588580c20f4908a6db3fda4645730
row_less_sep_row42_col4.csv	3350f7f13fae1696698384acaf990d9a283588580c20f4908a6db3fda4645730
row_less_sep_row42_col5.csv	3350f7f13fae1696698384acaf990d9a283588580c20f4908a6db3fda4645730
row_less_sep_row42_col6.csv	3350f7f13fae1696698384acaf990d9a283588580c20f4908a6db3fda4645730
row_less_sep_row42_col7.csv	3350f7f13fae1696698384acaf990d9a283588580c20f4908a6db3fda4645730
row_less_sep_row42_col8.csv	3350f7f13fae1696698384acaf990d9a283588580c20f4908a6db3fda4645730
row_less_sep_row43_col1.csv	3350f7f13fae1696698384acaf990d9a283588580c20f4908a6db3fda4645730
row_less_sep_row43_col2.csv	3350f7f13fae1696698384acaf990d9a283588580c20f4908a6db3fda4645730
row_less_sep_row43_col3.csv	3350f7f13fae1696698384acaf990d9a283588580c20f4908a6db3fda4645730
row_less_sep_row43_col4.csv	3350f7f13fae1696698384acaf990d9a283588580c20f4908a6db3fda4645730
row_less_sep_row43_col5.csv	3350f7f13fae1696698384acaf990d9a283588580c20f4908a6db3fda4645730
row_less_sep_row43_col6.csv	3350f7f13fae1696698384acaf990d9a283588580c20f4908a6db3fda4645730
row_less_sep_row43_col7.csv	3350f7f13fae1696698384acaf990d9a283588580c20f4908a6db3fda4645730
row_less_sep_row43_col8.csv	3350f7f13fae1696698384acaf990d9a283588580c20f4908a6db3fda4645730
row_less_sep_row44_col1.csv	3350f7f13fae1696698384acaf990d9a283588580c20f4908a6db3fda4645730
row_less_sep_row44_col2.csv	3350f7f13fae1696698384acaf990d9a283588580c20f4908a6db3fda4645730
row_less_sep_row44_col3.csv	3350f7f13fae1696698384acaf990d9a283588580c20f4908a6db3fda4645730
row_less_sep_row44_col4.csv	3350f7f13fae1696698384acaf990d9a283588580c20f4908a6db3fda4645730
row_less_sep_row44_col5.csv	3350f7f13fae1696698384acaf990d9a283588580c20f4908a6db3fda4645730
row_less_sep_row44_col6.csv	3350f7f13fae1696698384acaf990d9a283588580c20f4908a6db3fda4645730
row_less_sep_row44_col7.csv	3350f7f13fae1696698384acaf990d9a283588580c20f4908a6db3fda4645730
row_less_sep_row44_col8.csv	3350f7f13fae1696698384acaf990d9a283588580c20f4908a6db3fda4645730
row_less_sep_row45_col1.csv	3350f7f13fae1696698384acaf990d9a283588580c20f4908a6db3fda4645730
row_less_sep_row45_col2.csv	3350f7f13fae1696698384acaf990d9a283588580c20f4908a6db3fda4645730
row_less_sep_row45_col3.csv	3350f7f13fae1696698384acaf990d9a283588580c20f4908a6db3fda4645730
row_less_sep_row45_col4.csv	3350f7f13fae1696698384acaf990d9a283588580c20f4908a6db3fda4645730
row_less_sep_row45_col5.csv	3350f7f13fae1696698384acaf990d9a283588580c20f4908a6db3fda4645730
row_less_sep_row45_col6.csv	3350f7f13fae1696698384acaf990d9a283588580c20f4908a6db3fda4645730
row_less_sep_row45_col7.csv	3350f7f13fae1696698384acaf990d9a283588580c20f4908a6db3fda4645730
row_less_sep_row45_col8.csv	3350f7f13fae1696698384acaf990d9a283588580c20f4908a6db3fda4645730
row_less_sep_row46_col1.csv	3350f7f13fae1696698384acaf990d9a283588580c20f4908a6db3fda4645730
row_less_sep_row46_col2.csv	3350f7f13fae1696698384acaf990d9a283588580c20f4908a6db3fda4645730
row_less_sep_row46_col3.csv	3350f7f13fae1696698384acaf990d9a283588580c20f4908a6db3fda4645730
row_less_sep_row46_col4.csv	3350f7f13fae1696698384acaf990d9a283588580c20f4908a6db3fda4645730
row_less_sep_row46_col5.csv	3350f7f13fae1696698384acaf990d9a283588580c20f4908a6db3fda4645730
row_less_sep_row46_col6.csv	3350f7f13fae1696698384acaf990d9a283588580c20f4908a6db3fda4645730
row_less_sep_row46_col7.csv	3350f7f13fae1696698384acaf990d9a283588580c20f4908a6db3fda4645730
row_less_sep_row46_col8.csv	3350f7f13fae1696698384acaf990d9a283588580c20f4908a6db3fda4645730
row_less_sep_row47_col1.csv	3350f7f13fae1696698384acaf990d9a283588580c20f4908a6db3fda4645730
row_less_sep_row47_col2.csv	3350f7f13fae1696698384acaf990d9a283588580c20f4908a6db3fda4645730
row_less_sep_row47_col3.csv	3350f7f13fae1696698384acaf990d9a283588580c20f4908a6db3fda4645730
row_less_sep_row47_col4.csv	3350f7f13fae1696698384acaf990d9a283588580c20f4908a6db3fda4645730
row_less_sep_row47_col5.csv	3350f7f13fae1696698384acaf990d9a283588580c20f4908a6db3fda4645730
row_less_sep_row47_col6.csv	3350f7f13fae1696698384acaf990d9a283588580c20f4908a6db3fda4645730
row_less_sep_row47_col7.csv	3350f7f13fae1696698384acaf990d9a283588580c20f4908a6db3fda4645730
row_less_sep_row47_col8.csv	3350f7f13fae1696698384acaf990d9a283588580c20f4908a6db3fda4645730
row_less_sep_row48_col1.csv	3350f7f13fae1696698384acaf990d9a283588580c20f4908a6db3fda4645730
row_less_sep_row48_col2.csv	3350f7f13fae1696698384acaf990d9a283588580c20f4908a6db3fda4645730
row_less_sep_row48_col3.csv	3350f7f13fae1696698384acaf990d9a283588580c20f4908a6db3fda4645730
row_less_sep_row48_col4.csv	3350f7f13fae1696698384acaf990d9a283588580c20f4908a6db3fda4645730
row_less_sep_row48_col5.csv	3350f7f13fae1696698384acaf990d9a283588580c20f4908a6db3fda4645730
row_less_sep_row48_col6.csv	3350f7f13fae1696698384acaf990d9a283588580c20f4908a6db3fda4645730
row_less_sep_row48_col7.csv	3350f7f13fae1696698384acaf990d9a283588580c20f4908a6db3fda4645730
row_less_sep_row48_col8.csv	3350f7f13fae1696698384acaf990d9a283588580c20f4908a6db3fda4645730
row_less_sep_row49_col1.csv	3350f7f13fae1696698384acaf990d9a283588580c20f4908a6db3fda4645730
row_less_sep_row49_col2.csv	3350f7f13fae1696698384acaf990d9a283588580c20f4908a6db3fda4645730
row_less_sep_row49_col3.csv	3350f7f13fae1696698384acaf990d9a283588580c20f4908a6db3fda4645730
row_less_sep_row49_col4.csv	3350f7f13fae1696698384acaf990d9a283588580c20f4908a6db3fda4645730
row_less_sep_row49_col5.csv	3350f7f13fae1696698384acaf990d9a283588580c20f4908a6db3fda4645730
row_less_sep_row49_col6.csv	3350f7f13fae1696698384acaf990d9a283588580c20f4908a6db3fda4645730
row_less_sep_row49_col7.csv	3350f7f13fae1696698384acaf990d9a283588580c20f4908a6db3fda4645730
row_less_sep_row49_col8.csv	3350f7f13fae1696698384acaf990d9a283588580c20f4908a6db3fda4645730
row_less_sep_row4_col1.csv	3350f7f13fae1696698384acaf990d9a283588580c20f4908a6db3fda4645730
row_less_sep_row4_col2.csv	3350f7f13fae1696698384acaf990d9a283588580c20f4908a6db3fda4645730
row_less_sep_row4_col3.csv	3350f7f13fae1696698384acaf990d9a283588580c20f4908a6db3fda4645730
row_less_sep_row4_col4.csv	3350f7f13fae1696698384acaf990d9a283588580c20f4908a6db3fda4645730
row_less_sep_row4_col5.csv	3350f7f13fae1696698384acaf990d9a283588580c20f4908a6db3fda4645730
row_less_sep_row4_col6.csv	3350f7f13fae1696698384acaf990d9a283588580c20f4908a6db3fda4645730
row_less_sep_row4_col7.csv	3350f7f13fae1696698384acaf990d9a283588580c20f4908a6db3fda4645730
row_less_sep_row4_col8.csv	3350f7f13fae1696698384acaf990d9a283588580c20f4908a6db3fda4645730
row_less_sep_row50_col1.csv	3350f7f13fae1696698384acaf990d9a283588580c20f4908a6db3fda4645730
row_less_sep_row50_col2.csv	3350f7f13fae1696698384acaf990d9a283588580c20f4908a6db3fda4645730
row_less_sep_row50_col3.csv	3350f7f13fae1696698384acaf990d9a283588580c20f4908a6db3fda4645730
row_less_sep_row50_col4.csv	3350f7f13fae1696698384acaf990d9a283588580c20f4908a6db3fda4645730
row_less_sep_row50_col5.csv	3350f7f13fae1696698384acaf990d9a283588580c20f4908a6db3fda4645730
row_less_sep_row50_col6.csv	3350f7f13fae1696698384acaf990d9a283588580c20f4908a6db3fda4645730
row_less_sep_row50_col7.csv	3350f7f13fae1696698384acaf990d9a283588580c20f4908a6db3fda4645730
row_less_sep_row50_col8.csv	3350f7f13fae1696698384acaf990d9a283588580c20f4908a6db3fda4645730
row_less_sep_row51_col1.csv	3350f7f13fae1696698384acaf990d9a283588580c20f4908a6db3fda4645730
row_less_sep_row51_col2.csv	3350f7f13fae1696698384acaf990d9a283588580c20f4908a6db3fda4645730
row_less_sep_row51_col3.csv	3350f7f13fae1696698384acaf990d9a283588580c20f4908a6db3fda4645730
row_less_sep_row51_col4.csv	3350f7f13fae1696698384acaf990d9a283588580c20f4908a6db3fda4645730
row_less_sep_row51_col5.csv	3350f7f13fae1696698384acaf990d9a283588580c20f4908a6db3fda4645730
row_less_sep_row51_col6.csv	3350f7f13fae1696698384acaf990d9a283588580c20f4908a6db3fda4645730
row_less_sep_row51_col7.csv	3350f7f13fae1696698384acaf990d9a283588580c20f4908a6db3fda4645730
row_less_sep_row51_col8.csv	3350f7f13fae1696698384acaf990d9a283588580c20f4908a6db3fda4645730
row_less_sep_row52_col1.csv	3350f7f13fae1696698384acaf990d9a283588580c20f4908a6db3fda4645730
row_less_sep_row52_col2.csv	3350f7f13fae1696698384acaf990d9a283588580c20f4908a6db3fda4645730
row_less_sep_row52_col3.csv	3350f7f13fae1696698384acaf990d9a283588580c20f4908a6db3fda4645730
row_less_sep_row52_col4.csv	3350f7f13fae1696698384acaf990d9a283588580c20f4908a6db3fda4645730
row_less_sep_row52_col5.csv	3350f7f13fae1696698384acaf990d9a283588580c20f4908a6db3fda4645730
row_less_sep_row52_col6.csv	3350f7f13fae1696698384acaf990d9a283588580c20f4908a6db3fda4645730
row_less_sep_row52_col7.csv	3350f7f13fae1696698384acaf990d9a283588580c20f4908a6db3fda4645730
row_less_sep_row52_col8.csv	3350f7f13fae1696698384acaf990d9a283588580c20f4908a6db3fda4645730
row_less_sep_row53_col1.csv	3350f7f13fae1696698384acaf990d9a283588580c20f4908a6db3fda4645730
row_less_sep_row53_col2.csv	3350f7f13fae1696698384acaf990d9a283588580c20f4908a6db3fda4645730
row_less_sep_row53_col3.csv	3350f7f13fae1696698384acaf990d9a283588580c20f4908a6db3fda4645730
row_less_sep_row53_col4.csv	3350f7f13fae1696698384acaf990d9a283588580c20f4908a6db3fda4645730
row_less_sep_row53_col5.csv	3350f7f13fae1696698384acaf990d9a283588580c20f4908a6db3fda4645730
row_less_sep_row53_col6.csv	3350f7f13fae1696698384acaf990d9a283588580c20f4908a6db3fda4645730
row_less_sep_row53_col7.csv	3350f7f13fae1696698384acaf990d9a283588580c20f4908a6db3fda4645730
row_less_sep_row53_col8.csv	3350f7f13fae1696698384acaf990d9a283588580c20f4908a6db3fda4645730
row_less_sep_row54_col1.csv	3350f7f13fae1696698384acaf990d9a283588580c20f4908a6db3fda4645730
row_less_sep_row54_col2.csv	3350f7f13fae1696698384acaf990d9a283588580c20f4908a6db3fda4645730
row_less_sep_row54_col3.csv	3350f7f13fae1696698384acaf990d9a283588580c20f4908a6db3fda4645730
row_less_sep_row54_col4.csv	3350f7f13fae1696698384acaf990d9a283588580c20f4908a6db3fda4645730
row_less_sep_row54_col5.csv	3350f7f13fae1696698384acaf990d9a283588580c20f4908a6db3fda4645730
row_less_sep_row54_col6.csv	3350f7f13fae1696698384acaf990d9a283588580c20f4908a6db3fda4645730
row_less_sep_row54_col7.csv	3350f7f13fae1696698384acaf990d9a283588580c20f4908a6db3fda4645730
row_less_sep_row54_col8.csv	3350f7f13fae1696698384acaf990d9a283588580c20f4908a6db3fda4645730
row_less_sep_row55_col1.csv	3350f7f13fae1696698384acaf990d9a283588580c20f4908a6db3fda4645730
row_less_sep_row55_col2.csv	3350f7f13fae1696698384acaf990d9a283588580c20f4908a6db3fda4645730
row_less_sep_row55_col3.csv	3350f7f13fae1696698384acaf990d9a283588580c20f4908a6db3fda4645730
row_less_sep_row55_col4.csv	3350f7f13fae1696698384acaf990d9a283588580c20f4908a6db3fda4645730
row_less_sep_row55_col5.csv	3350f7f13fae1696698384acaf990d9a283588580c20f4908a6db3fda4645730
row_less_sep_row55_col6.csv	3350f7f13fae1696698384acaf990d9a283588580c20f4908a6db3fda4645730
row_less_sep_row55_col7.csv	3350f7f13fae1696698384acaf990d9a283588580c20f4908a6db3fda4645730
row_less_sep_row55_col8.csv	3350f7f13fae1696698384acaf990d9a283588580c20f4908a6db3fda4645730
row_less_sep_row56_col1.csv	3350f7f13fae1696698384acaf990d9a283588580c20f4908a6db3fda4645730
row_less_sep_row56_col2.csv	3350f7f13fae1696698384acaf990d9a283588580c20f4908a6db3fda4645730
row_less_sep_row56_col3.csv	3350f7f13fae1696698384acaf990d9a283588580c20f4908a6db3fda4645730
row_less_sep_row56_col4.csv	3350f7f13fae1696698384acaf990d9a283588580c20f4908a6db3fda4645730
row_less_sep_row56_col5.csv	3350f7f13fae1696698384acaf990d9a283588580c20f4908a6db3fda4645730
row_less_sep_row56_col6.csv	3350f7f13fae1696698384acaf990d9a283588580c20f4908a6db3fda4645730
row_less_sep_row56_col7.csv	3350f7f13fae1696698384acaf990d9a283588580c20f4908a6db3fda4645730
row_less_sep_row56_col8.csv	3350f7f13fae1696698384acaf990d9a283588580c20f4908a6db3fda4645730
row_less_sep_row57_col1.csv	3350f7f13fae1696698384acaf990d9a283588580c20f4908a6db3fda4645730
row_less_sep_row57_col2.csv	3350f7f13fae1696698384acaf990d9a283588580c20f4908a6db3fda4645730
row_less_sep_row57_col3.csv	3350f7f13fae1696698384acaf990d9a283588580c20f4908a6db3fda4645730
row_less_sep_row57_col4.csv	3350f7f13fae1696698384acaf990d9a283588580c20f4908a6db3fda4645730
row_less_sep_row57_col5.csv	3350f7f13fae1696698384acaf990d9a283588580c20f4908a6db3fda4645730
row_less_sep_row57_col6.csv	3350f7f13fae1696698384acaf990d9a283588580c20f4908a6db3fda4645730
row_less_sep_row57_col7.csv	3350f7f13fae1696698384acaf990d9a283588580c20f4908a6db3fda4645730
row_less_sep_row57_col8.csv	3350f7f13fae1696698384acaf990d9a283588580c20f4908a6db3fda4645730
row_less_sep_row58_col1.csv	3350f7f13fae1696698384acaf990d9a283588580c20f4908a6db3fda4645730
row_less_sep_row58_col2.csv	3350f7f13fae1696698384acaf990d9a283588580c20f4908a6db3fda4645730
row_less_sep_row58_col3.csv	3350f7f13fae1696698384acaf990d9a283588580c20f4908a6db3fda4645730
row_less_sep_row58_col4.csv	3350f7f13fae1696698384acaf990d9a283588580c20f4908a6db3fda4645730
row_less_sep_row58_col5.csv	3350f7f13fae1696698384acaf990d9a283588580c20f4908a6db3fda4645730
row_less_sep_row58_col6.csv	3350f7f13fae1696698384acaf990d9a283588580c20f4908a6db3fda4645730
row_less_sep_row58_col7.csv	3350f7f13fae1696698384acaf990d9a283588580c20f4908a6db3fda4645730
row_less_sep_row58_col8.csv	3350f7f13fae1696698384acaf990d9a283588580c20f4908a6db3fda4645730
row_less_sep_row59_col1.csv	3350f7f13fae1696698384acaf990d9a283588580c20f4908a6db3fda4645730
row_less_sep_row59_col2.csv	3350f7f13fae1696698384acaf990d9a283588580c20f4908a6db3fda4645730
row_less_sep_row59_col3.csv	3350f7f13fae1696698384acaf990d9a283588580c20f4908a6db3fda4645730
row_less_sep_row59_col4.csv	3350f7f13fae1696698384acaf990d9a283588580c20f4908a6db3fda4645730
row_less_sep_row59_col5.csv	3350f7f13fae1696698384acaf990d9a283588580c20f4908a6db3fda4645730
row_less_sep_row59_col6.csv	3350f7f13fae1696698384acaf990d9a283588580c20f4908a6db3fda4645730
row_less_sep_row59_col7.csv	3350f7f13fae1696698384acaf990d9a283588580c20f4908a6db3fda4645730
row_less_sep_row59_col8.csv	3350f7f13fae1696698384acaf990d9a283588580c20f4908a6db3fda4645730
row_less_sep_row5_col1.csv	3350f7f13fae1696698384acaf990d9a283588580c20f4908a6db3fda4645730
row_less_sep_row5_col2.csv	3350f7f13fae1696698384acaf990d9a283588580c20f4908a6db3fda4645730
row_less_sep_row5_col3.csv	3350f7f13fae1696698384acaf990d9a283588580c20f4908a6db3fda4645730
row_less_sep_row5_col4.csv	3350f7f13fae1696698384acaf990d9a283588580c20f4908a6db3fda4645730
row_less_sep_row5_col5.csv	3350f7f13fae1696698384acaf990d9a283588580c20f4908a6db3fda4645730
row_less_sep_row5_col6.csv	3350f7f13fae1696698384acaf990d9a283588580c20f4908a6db3fda4645730
row_less_sep_row5_col7.csv	3350f7f13fae1696698384acaf990d9a283588580c20f4908a6db3fda4645730
row_less_sep_row5_col8.csv	3350f7f13fae1696698384acaf990d9a283588580c20f4908a6db3fda4645730
row_less_sep_row60_col1.csv	3350f7f13fae1696698384acaf990d9a283588580c20f4908a6db3fda4645730
row_less_sep_row60_col2.csv	3350f7f13fae1696698384acaf990d9a283588580c20f4908a6db3fda4645730
row_less_sep_row60_col3.csv	3350f7f13fae1696698384acaf990d9a283588580c20f4908a6db3fda4645730
row_less_sep_row60_col4.csv	3350f7f13fae1696698384acaf990d9a283588580c20f4908a6db3fda4645730
row_less_sep_row60_col5.csv	3350f7f13fae1696698384acaf990d9a283588580c20f4908a6db3fda4645730
row_less_sep_row60_col6.csv	3350f7f13fae1696698384acaf990d9a283588580c20f4908a6db3fda4645730
row_less_sep_row60_col7.csv	3350f7f13fae1696698384acaf990d9a283588580c20f4908a6db3fda4645730
row_less_sep_row60_col8.csv	3350f7f13fae1696698384acaf990d9a283588580c20f4908a6db3fda4645730
row_less_sep_row61_col1.csv	3350f7f13fae1696698384acaf990d9a283588580c20f4908a6db3fda4645730
row_less_sep_row61_col2.csv	3350f7f13fae1696698384acaf990d9a283588580c20f4908a6db3fda4645730
row_less_sep_row61_col3.csv	3350f7f13fae1696698384acaf990d9a283588580c20f4908a6db3fda4645730
row_less_sep_row61_col4.csv	3350f7f13fae1696698384acaf990d9a283588580c20f4908a6db3fda4645730
row_less_sep_row61_col5.csv	3350f7f13fae1696698384acaf990d9a283588580c20f4908a6db3fda4645730
row_less_sep_row61_col6.csv	3350f7f13fae1696698384acaf990d9a283588580c20f4908a6db3fda4645730
row_less_sep_row61_col7.csv	3350f7f13fae1696698384acaf990d9a283588580c20f4908a6db3fda4645730
row_less_sep_row61_col8.csv	3350f7f13fae1696698384acaf990d9a283588580c20f4908a6db3fda4645730
row_less_sep_row62_col1.csv	3350f7f13fae1696698384acaf990d9a283588580c20f4908a6db3fda4645730
row_less_sep_row62_col2.csv	3350f7f13fae1696698384acaf990d9a283588580c20f4908a6db3fda4645730
row_less_sep_row62_col3.csv	3350f7f13fae1696698384acaf990d9a283588580c20f4908a6db3fda4645730
row_less_sep_row62_col4.csv	3350f7f13fae1696698384acaf990d9a283588580c20f4908a6db3fda4645730
row_less_sep_row62_col5.csv	3350f7f13fae1696698384acaf990d9a283588580c20f4908a6db3fda4645730
row_less_sep_row62_col6.csv	3350f7f13fae1696698384acaf990d9a283588580c20f4908a6db3fda4645730
row_less_sep_row62_col7.csv	3350f7f13fae1696698384acaf990d9a283588580c20f4908a6db3fda4645730
row_less_sep_row62_col8.csv	3350f7f13fae1696698384acaf990d9a283588580c20f4908a6db3fda4645730
row_less_sep_row63_col1.csv	3350f7f13fae1696698384acaf990d9a283588580c20f4908a6db3fda4645730
row_less_sep_row63_col2.csv	3350f7f13fae1696698384acaf990d9a283588580c20f4908a6db3fda4645730
row_less_sep_row63_col3.csv	3350f7f13fae1696698384acaf990d9a283588580c20f4908a6db3fda4645730
row_less_sep_row63_col4.csv	3350f7f13fae1696698384acaf990d9a283588580c20f4908a6db3fda4645730
row_less_sep_row63_col5.csv	3350f7f13fae1696698384acaf990d9a283588580c20f4908a6db3fda4645730
row_less_sep_row63_col6.csv	3350f7f13fae1696698384acaf990d9a283588580c20f4908a6db3fda4645730
row_less_sep_row63_col7.csv	3350f7f13fae1696698384acaf990d9a283588580c20f4908a6db3fda4645730
row_less_sep_row63_col8.csv	3350f7f13fae1696698384acaf990d9a283588580c20f4908a6db3fda4645730
row_less_sep_row64_col1.csv	3350f7f13fae1696698384acaf990d9a283588580c20f4908a6db3fda4645730
row_less_sep_row64_col2.csv	3350f7f13fae1696698384acaf990d9a283588580c20f4908a6db3fda4645730
row_less_sep_row64_col3.csv	3350f7f13fae1696698384acaf990d9a283588580c20f4908a6db3fda4645730
row_less_sep_row64_col4.csv	3350f7f13fae1696698384acaf990d9a283588580c20f4908a6db3fda4645730
row_less_sep_row64_col5.csv	3350f7f13fae1696698384acaf990d9a283588580c20f4908a6db3fda4645730
row_less_sep_row64_col6.csv	3350f7f13fae1696698384acaf990d9a283588580c20f4908a6db3fda4645730
row_less_sep_row64_col7.csv	3350f7f13fae1696698384acaf990d9a283588580c20f4908a6db3fda4645730
row_less_sep_row64_col8.csv	3350f7f13fae1696698384acaf990d9a283588580c20f4908a6db3fda4645730
row_less_sep_row65_col1.csv	3350f7f13fae1696698384acaf990d9a283588580c20f4908a6db3fda4645730
row_less_sep_row65_col2.csv	3350f7f13fae1696698384acaf990d9a283588580c20f4908a6db3fda4645730
row_less_sep_row65_col3.csv	3350f7f13fae1696698384acaf990d9a283588580c20f4908a6db3fda4645730
row_less_sep_row65_col4.csv	3350f7f13fae1696698384acaf990d9a283588580c20f4908a6db3fda4645730
row_less_sep_row65_col5.csv	3350f7f13fae1696698384acaf990d9a283588580c20f4908a6db3fda4645730
row_less_sep_row65_col6.csv	3350f7f13fae1696698384acaf990d9a283588580c20f4908a6db3fda4645730
row_less_sep_row65_col7.csv	3350f7f13fae1696698384acaf990d9a283588580c20f4908a6db3fda4645730
row_less_sep_row65_col8.csv	3350f7f13fae1696698384acaf990d9a283588580c20f4908a6db3fda4645730
row_less_sep_row66_col1.csv	3350f7f13fae1696698384acaf990d9a283588580c20f4908a6db3fda4645730
row_less_sep_row66_col2.csv	3350f7f13fae1696698384acaf990d9a283588580c20f4908a6db3fda4645730
row_less_sep_row66_col3.csv	3350f7f13fae1696698384acaf990d9a283588580c20f4908a6db3fda4645730
row_less_sep_row66_col4.csv	3350f7f13fae1696698384acaf990d9a283588580c20f4908a6db3fda4645730
row_less_sep_row66_col5.csv	3350f7f13fae1696698384acaf990d9a283588580c20f4908a6db3fda4645730
row_less_sep_row66_col6.csv	3350f7f13fae1696698384acaf990d9a283588580c20f4908a6db3fda4645730
row_less_sep_row66_col7.csv	3350f7f13fae1696698384acaf990d9a283588580c20f4908a6db3fda4645730
row_less_sep_row66_col8.csv	3350f7f13fae1696698384acaf990d9a283588580c20f4908a6db3fda4645730
row_less_sep_row67_col1.csv	3350f7f13fae1696698384acaf990d9a283588580c20f4908a6db3fda4645730
row_less_sep_row67_col2.csv	3350f7f13fae1696698384acaf990d9a283588580c20f4908a6db3fda4645730
row_less_sep_row67_col3.csv	3350f7f13fae1696698384acaf990d9a283588580c20f4908a6db3fda4645730
row_less_sep_row67_col4.csv	3350f7f13fae1696698384acaf990d9a283588580c20f4908a6db3fda4645730
row_less_sep_row67_col5.csv	3350f7f13fae1696698384acaf990d9a283588580c20f4908a6db3fda4645730
row_less_sep_row67_col6.csv	3350f7f13fae1696698384acaf990d9a283588580c20f4908a6db3fda4645730
row_less_sep_row67_col7.csv	3350f7f13fae1696698384acaf990d9a283588580c20f4908a6db3fda4645730
row_less_sep_row67_col8.csv	3350f7f13fae1696698384acaf990d9a283588580c20f4908a6db3fda4645730
row_less_sep_row68_col1.csv	3350f7f13fae1696698384acaf990d9a283588580c20f4908a6db3fda4645730
row_less_sep_row68_col2.csv	3350f7f13fae1696698384acaf990d9a283588580c20f4908a6db3fda4645730
row_less_sep_row68_col3.csv	3350f7f13fae1696698384acaf990d9a283588580c20f4908a6db3fda4645730
row_less_sep_row68_col4.csv	3350f7f13fae1696698384acaf990d9a283588580c20f4908a6db3fda4645730
row_less_sep_row68_col5.csv	3350f7f13fae1696698384acaf990d9a283588580c20f4908a6db3fda4645730
row_less_sep_row68_col6.csv	3350f7f13fae1696698384acaf990d9a283588580c20f4908a6db3fda4645730
row_less_sep_row68_col7.csv	3350f7f13fae1696698384acaf990d9a283588580c20f4908a6db3fda4645730
row_less_sep_row68_col8.csv	3350f7f13fae1696698384acaf990d9a283588580c20f4908a6db3fda4645730
row_less_sep_row69_col1.csv	3350f7f13fae1696698384acaf990d9a283588580c20f4908a6db3fda4645730
row_less_sep_row69_col2.csv	3350f7f13fae1696698384acaf990d9a283588580c20f4908a6db3fda4645730
row_less_sep_row69_col3.csv	3350f7f13fae1696698384acaf990d9a283588580c20f4908a6db3fda4645730
row_less_sep_row69_col4.csv	3350f7f13fae1696698384acaf990d9a283588580c20f4908a6db3fda4645730
row_less_sep_row69_col5.csv	3350f7f13fae1696698384acaf990d9a283588580c20f4908a6db3fda4645730
row_less_sep_row69_col6.csv	3350f7f13fae1696698384acaf990d9a283588580c20f4908a6db3fda4645730
row_less_sep_row69_col7.csv	3350f7f13fae1696698384acaf990d9a283588580c20f4908a6db3fda4645730
row_less_sep_row69_col8.csv	3350f7f13fae1696698384acaf990d9a283588580c20f4908a6db3fda4645730
row_less_sep_row6_col1.csv	3350f7f13fae1696698384acaf990d9a283588580c20f4908a6db3fda4645730
row_less_sep_row6_col2.csv	3350f7f13fae1696698384acaf990d9a283588580c20f4908a6db3fda4645730
row_less_sep_row6_col3.csv	3350f7f13fae1696698384acaf990d9a283588580c20f4908a6db3fda4645730
row_less_sep_row6_col4.csv	3350f7f13fae1696698384acaf990d9a283588580c20f4908a6db3fda4645730
row_less_sep_row6_col5.csv	3350f7f13fae1696698384acaf990d9a283588580c20f4908a6db3fda4645730
row_less_sep_row6_col6.csv	3350f7f13fae1696698384acaf990d9a283588580c20f4908a6db3fda4645730
row_less_sep_row6_col7.csv	3350f7f13fae1696698384acaf990d9a283588580c20f4908a6db3fda4645730
row_less_sep_row6_col8.csv	3350f7f13fae1696698384acaf990d9a283588580c20f4908a6db3fda4645730
row_less_sep_row70_col1.csv	3350f7f13fae1696698384acaf990d9a283588580c20f4908a6db3fda4645730
row_less_sep_row70_col2.csv	3350f7f13fae1696698384acaf990d9a283588580c20f4908a6db3fda4645730
row_less_sep_row70_col3.csv	3350f7f13fae1696698384acaf990d9a283588580c20f4908a6db3fda4645730
row_less_sep_row70_col4.csv	3350f7f13fae1696698384acaf990d9a283588580c20f4908a6db3fda4645730
row_less_sep_row70_col5.csv	3350f7f13fae1696698384acaf990d9a283588580c20f4908a6db3fda4645730
row_less_sep_row70_col6.csv	3350f7f13fae1696698384acaf990d9a283588580c20f4908a6db3fda4645730
row_less_sep_row70_col7.csv	3350f7f13fae1696698384acaf990d9a283588580c20f4908a6db3fda4645730
row_less_sep_row70_col8.csv	3350f7f13fae1696698384acaf990d9a283588580c20f4908a6db3fda4645730
row_less_sep_row71_col1.csv	3350f7f13fae1696698384acaf990d9a283588580c20f4908a6db3fda4645730
row_less_sep_row71_col2.csv	3350f7f13fae1696698384acaf990d9a283588580c20f4908a6db3fda4645730
row_less_sep_row71_col3.csv	3350f7f13fae1696698384acaf990d9a283588580c20f4908a6db3fda4645730
row_less_sep_row71_col4.csv	3350f7f13fae1696698384acaf990d9a283588580c20f4908a6db3fda4645730
row_less_sep_row71_col5.csv	3350f7f13fae1696698384acaf990d9a283588580c20f4908a6db3fda4645730
row_less_sep_row71_col6.csv	3350f7f13fae1696698384acaf990d9a283588580c20f4908a6db3fda4645730
row_less_sep_row71_col7.csv	3350f7f13fae1696698384acaf990d9a283588580c20f4908a6db3fda4645730
row_less_sep_row71_col8.csv	3350f7f13fae1696698384acaf990d9a283588580c20f4908a6db3fda4645730
row_less_sep_row72_col1.csv	3350f7f13fae1696698384acaf990d9a283588580c20f4908a6db3fda4645730
row_less_sep_row72_col2.csv	3350f7f13fae1696698384acaf990d9a283588580c20f4908a6db3fda4645730
row_less_sep_row72_col3.csv	3350f7f13fae1696698384acaf990d9a283588580c20f4908a6db3fda4645730
row_less_sep_row72_col4.csv	3350f7f13fae1696698384acaf990d9a283588580c20f4908a6db3fda4645730
row_less_sep_row72_col5.csv	3350f7f13fae1696698384acaf990d9a283588580c20f4908a6db3fda4645730
row_less_sep_row72_col6.csv	3350f7f13fae1696698384acaf990d9a283588580c20f4908a6db3fda4645730
row_less_sep_row72_col7.csv	3350f7f13fae1696698384acaf990d9a283588580c20f4908a6db3fda4645730
row_less_sep_row72_col8.csv	3350f7f13fae1696698384acaf990d9a283588580c20f4908a6db3fda4645730
row_less_sep_row73_col1.csv	3350f7f13fae1696698384acaf990d9a283588580c20f4908a6db3fda4645730
row_less_sep_row73_col2.csv	3350f7f13fae1696698384acaf990d9a283588580c20f4908a6db3fda4645730
row_less_sep_row73_col3.csv	3350f7f13fae1696698384acaf990d9a283588580c20f4908a6db3fda4645730
row_less_sep_row73_col4.csv	3350f7f13fae1696698384acaf990d9a283588580c20f4908a6db3fda4645730
row_less_sep_row73_col5.csv	3350f7f13fae1696698384acaf990d9a283588580c20f4908a6db3fda4645730
row_less_sep_row73_col6.csv	3350f7f13fae1696698384acaf990d9a283588580c20f4908a6db3fda4645730
row_less_sep_row73_col7.csv	3350f7f13fae1696698384acaf990d9a283588580c20f4908a6db3fda4645730
row_less_sep_row73_col8.csv	3350f7f13fae1696698384acaf990d9a283588580c20f4908a6db3fda4645730
row_less_sep_row74_col1.csv	3350f7f13fae1696698384acaf990d9a283588580c20f4908a6db3fda4645730
row_less_sep_row74_col2.csv	3350f7f13fae1696698384acaf990d9a283588580c20f4908a6db3fda4645730
row_less_sep_row74_col3.csv	3350f7f13fae1696698384acaf990d9a283588580c20f4908a6db3fda4645730
row_less_sep_row74_col4.csv	3350f7f13fae1696698384acaf990d9a283588580c20f4908a6db3fda4645730
row_less_sep_row74_col5.csv	3350f7f13fae1696698384acaf990d9a283588580c20f4908a6db3fda4645730
row_less_sep_row74_col6.csv	3350f7f13fae1696698384acaf990d9a283588580c20f4908a6db3fda4645730
row_less_sep_row74_col7.csv	3350f7f13fae1696698384acaf990d9a283588580c20f4908a6db3fda4645730
row_less_sep_row74_col8.csv	3350f7f13fae1696698384acaf990d9a283588580c20f4908a6db3fda4645730
row_less_sep_row75_col1.csv	3350f7f13fae1696698384acaf990d9a283588580c20f4908a6db3fda4645730
row_less_sep_row75_col2.csv	3350f7f13fae1696698384acaf990d9a283588580c20f4908a6db3fda4645730
row_less_sep_row75_col3.csv	3350f7f13fae1696698384acaf990d9a283588580c20f4908a6db3fda4645730
row_less_sep_row75_col4.csv	3350f7f13fae1696698384acaf990d9a283588580c20f4908a6db3fda4645730
row_less_sep_row75_col5.csv	3350f7f13fae1696698384acaf990d9a283588580c20f4908a6db3fda4645730
row_less_sep_row75_col6.csv	3350f7f13fae1696698384acaf990d9a283588580c20f4908a6db3fda4645730
row_less_sep_row75_col7.csv	3350f7f13fae1696698384acaf990d9a283588580c20f4908a6db3fda4645730
row_less_sep_row75_col8.csv	3350f7f13fae1696698384acaf990d9a283588580c20f4908a6db3fda4645730
row_less_sep_row76_col1.csv	3350f7f13fae1696698384acaf990d9a283588580c20f4908a6db3fda4645730
row_less_sep_row76_col2.csv	3350f7f13fae1696698384acaf990d9a283588580c20f4908a6db3fda4645730
row_less_sep_row76_col3.csv	3350f7f13fae1696698384acaf990d9a283588580c20f4908a6db3fda4645730
row_less_sep_row76_col4.csv	3350f7f13fae1696698384acaf990d9a283588580c20f4908a6db3fda4645730
row_less_sep_row76_col5.csv	3350f7f13fae1696698384acaf990d9a283588580c20f4908a6db3fda4645730
row_less_sep_row76_col6.csv	3350f7f13fae1696698384acaf990d9a283588580c20f4908a6db3fda4645730
row_less_sep_row76_col7.csv	3350f7f13fae1696698384acaf990d9a283588580c20f4908a6db3fda4645730
row_less_sep_row76_col8.csv	3350f7f13fae1696698384acaf990d9a283588580c20f4908a6db3fda4645730
row_less_sep_row77_col1.csv	3350f7f13fae1696698384acaf990d9a283588580c20f4908a6db3fda4645730
row_less_sep_row77_col2.csv	3350f7f13fae1696698384acaf990d9a283588580c20f4908a6db3fda4645730
row_less_sep_row77_col3.csv	3350f7f13fae1696698384acaf990d9a283588580c20f4908a6db3fda4645730
row_less_sep_row77_col4.csv	3350f7f13fae1696698384acaf990d9a283588580c20f4908a6db3fda4645730
row_less_sep_row77_col5.csv	3350f7f13fae1696698384acaf990d9a283588580c20f4908a6db3fda4645730
row_less_sep_row77_col6.csv	3350f7f13fae1696698384acaf990d9a283588580c20f4908a6db3fda4645730
row_less_sep_row77_col7.csv	3350f7f13fae1696698384acaf990d9a283588580c20f4908a6db3fda4645730
row_less_sep_row77_col8.csv	3350f7f13fae1696698384acaf990d9a283588580c20f4908a6db3fda4645730
row_less_sep_row78_col1.csv	3350f7f13fae1696698384acaf990d9a283588580c20f4908a6db3fda4645730
row_less_sep_row78_col2.csv	3350f7f13fae1696698384acaf990d9a283588580c20f4908a6db3fda4645730
row_less_sep_row78_col3.csv	3350f7f13fae1696698384acaf990d9a283588580c20f4908a6db3fda4645730
row_less_sep_row78_col4.csv	3350f7f13fae1696698384acaf990d9a283588580c20f4908a6db3fda4645730
row_less_sep_row78_col5.csv	3350f7f13fae1696698384acaf990d9a283588580c20f4908a6db3fda4645730
row_less_sep_row78_col6.csv	3350f7f13fae1696698384acaf990d9a283588580c20f4908a6db3fda4645730
row_less_sep_row78_col7.csv	3350f7f13fae1696698384acaf990d9a283588580c20f4908a6db3fda4645730
row_less_sep_row78_col8.csv	3350f7f13fae1696698384acaf990d9a283588580c20f4908a6db3fda4645730
row_less_sep_row79_col1.csv	3350f7f13fae1696698384acaf990d9a283588580c20f4908a6db3fda4645730
row_less_sep_row79_col2.csv	3350f7f13fae1696698384acaf990d9a283588580c20f4908a6db3fda4645730
row_less_sep_row79_col3.csv	3350f7f13fae1696698384acaf990d9a283588580c20f4908a6db3fda4645730
row_less_sep_row79_col4.csv	3350f7f13fae1696698384acaf990d9a283588580c20f4908a6db3fda4645730
row_less_sep_row79_col5.csv	3350f7f13fae1696698384acaf990d9a283588580c20f4908a6db3fda4645730
row_less_sep_row79_col6.csv	3350f7f13fae1696698384acaf990d9a283588580c20f4908a6db3fda4645730
row_less_sep_row79_col7.csv	3350f7f13fae1696698384acaf990d9a283588580c20f4908a6db3fda4645730
row_less_sep_row79_col8.csv	3350f7f13fae1696698384acaf990d9a283588580c20f4908a6db3fda4645730
row_less_sep_row7_col1.csv	3350f7f13fae1696698384acaf990d9a283588580c20f4908a6db3fda4645730
row_less_sep_row7_col2.csv	3350f7f13fae1696698384acaf990d9a283588580c20f4908a6db3fda4645730
row_less_sep_row7_col3.csv	3350f7f13fae1696698384acaf990d9a283588580c20f4908a6db3fda4645730
row_less_sep_row7_col4.csv	3350f7f13fae1696698384acaf990d9a283588580c20f4908a6db3fda4645730
row_less_sep_row7_col5.csv	3350f7f13fae1696698384acaf990d9a283588580c20f4908a6db3fda4645730
row_less_sep_row7_col6.csv	3350f7f13fae1696698384acaf990d9a283588580c20f4908a6db3fda4645730
row_less_sep_row7_col7.csv	3350f7f13fae1696698384acaf990d9a283588580c20f4908a6db3fda4645730
row_less_sep_row7_col8.csv	3350f7f13fae1696698384acaf990d9a283588580c20f4908a6db3fda4645730
row_less_sep_row80_col1.csv	3350f7f13fae1696698384acaf990d9a283588580c20f4908a6db3fda4645730
row_less_sep_row80_col2.csv	3350f7f13fae1696698384acaf990d9a283588580c20f4908a6db3fda4645730
row_less_sep_row80_col3.csv	3350f7f13fae1696698384acaf990d9a283588580c20f4908a6db3fda4645730
row_less_sep_row80_col4.csv	3350f7f13fae1696698384acaf990d9a283588580c20f4908a6db3fda4645730
row_less_sep_row80_col5.csv	3350f7f13fae1696698384acaf990d9a283588580c20f4908a6db3fda4645730
row_less_sep_row80_col6.csv	3350f7f13fae1696698384acaf990d9a283588580c20f4908a6db3fda4645730
row_less_sep_row80_col7.csv	3350f7f13fae1696698384acaf990d9a283588580c20f4908a6db3fda4645730
row_less_sep_row80_col8.csv	3350f7f13fae1696698384acaf990d9a283588580c20f4908a6db3fda4645730
row_less_sep_row81_col1.csv	3350f7f13fae1696698384acaf990d9a283588580c20f4908a6db3fda4645730
row_less_sep_row81_col2.csv	3350f7f13fae1696698384acaf990d9a283588580c20f4908a6db3fda4645730
row_less_sep_row81_col3.csv	3350f7f13fae1696698384acaf990d9a283588580c20f4908a6db3fda4645730
row_less_sep_row81_col4.csv	3350f7f13fae1696698384acaf990d9a283588580c20f4908a6db3fda4645730
row_less_sep_row81_col5.csv	3350f7f13fae1696698384acaf990d9a283588580c20f4908a6db3fda4645730
row_less_sep_row81_col6.csv	3350f7f13fae1696698384acaf990d9a283588580c20f4908a6db3fda4645730
row_less_sep_row81_col7.csv	3350f7f13fae1696698384acaf990d9a283588580c20f4908a6db3fda4645730
row_less_sep_row81_col8.csv	3350f7f13fae1696698384acaf990d9a283588580c20f4908a6db3fda4645730
row_less_sep_row82_col1.csv	3350f7f13fae1696698384acaf990d9a283588580c20f4908a6db3fda4645730
row_less_sep_row82_col2.csv	3350f7f13fae1696698384acaf990d9a283588580c20f4908a6db3fda4645730
row_less_sep_row82_col3.csv	3350f7f13fae1696698384acaf990d9a283588580c20f4908a6db3fda4645730
row_less_sep_row82_col4.csv	3350f7f13fae1696698384acaf990d9a283588580c20f4908a6db3fda4645730
row_less_sep_row82_col5.csv	3350f7f13fae1696698384acaf990d9a283588580c20f4908a6db3fda4645730
row_less_sep_row82_col6.csv	3350f7f13fae1696698384acaf990d9a283588580c20f4908a6db3fda4645730
row_less_sep_row82_col7.csv	3350f7f13fae1696698384acaf990d9a283588580c20f4908a6db3fda4645730
row_less_sep_row82_col8.csv	3350f7f13fae1696698384acaf990d9a283588580c20f4908a6db3fda4645730
row_less_sep_row83_col1.csv	3350f7f13fae1696698384acaf990d9a283588580c20f4908a6db3fda4645730
row_less_sep_row83_col2.csv	3350f7f13fae1696698384acaf990d9a283588580c20f4908a6db3fda4645730
row_less_sep_row83_col3.csv	3350f7f13fae1696698384acaf990d9a283588580c20f4908a6db3fda4645730
row_less_sep_row83_col4.csv	3350f7f13fae1696698384acaf990d9a283588580c20f4908a6db3fda4645730
row_less_sep_row83_col5.csv	3350f7f13fae1696698384acaf990d9a283588580c20f4908a6db3fda4645730
row_less_sep_row83_col6.csv	3350f7f13fae1696698384acaf990d9a283588580c20f4908a6db3fda4645730
row_less_sep_row83_col7.csv	3350f7f13fae1696698384acaf990d9a283588580c20f4908a6db3fda4645730
row_less_sep_row83_col8.csv	3350f7f13fae1696698384acaf990d9a283588580c20f4908a6db3fda4645730
row_less_sep_row8_col1.csv	3350f7f13fae1696698384acaf990d9a283588580c20f4908a6db3fda4645730
row_less_sep_row8_col2.csv	3350f7f13fae1696698384acaf990d9a283588580c20f4908a6db3fda4645730
row_less_sep_row8_col3.csv	3350f7f13fae1696698384acaf990d9a283588580c20f4908a6db3fda4645730
row_less_sep_row8_col4.csv	3350f7f13fae1696698384acaf990d9a283588580c20f4908a6db3fda4645730
row_less_sep_row8_col5.csv	3350f7f13fae1696698384acaf990d9a283588580c20f4908a6db3fda4645730
row_less_sep_row8_col6.csv	3350f7f13fae1696698384acaf990d9a283588580c20f4908a6db3fda4645730
row_less_sep_row8_col7.csv	3350f7f13fae1696698384acaf990d9a283588580c20f4908a6db3fda4645730
row_less_sep_row8_col8.csv	3350f7f13fae1696698384acaf990d9a283588580c20f4908a6db3fda4645730
row_less_sep_row9_col1.csv	3350f7f13fae1696698384acaf990d9a283588580c20f4908a6db3fda4645730
row_less_sep_row9_col2.csv	3350f7f13fae1696698384acaf990d9a283588580c20f4908a6db3fda4645730
row_less_sep_row9_col3.csv	3350f7f13fae1696698384acaf990d9a283588580c20f4908a6db3fda4645730
row_less_sep_row9_col4.csv	3350f7f13fae1696698384acaf990d9a283588580c20f4908a6db3fda4645730
row_less_sep_row9_col5.csv	3350f7f13fae1696698384acaf990d9a283588580c20f4908a6db3fda4645730
row_less_sep_row9_col6.csv	3350f7f13fae1696698384acaf990d9a283588580c20f4908a6db3fda4645730
row_less_sep_row9_col7.csv	3350f7f13fae1696698384acaf990d9a283588580c20f4908a6db3fda4645730
row_less_sep_row9_col8.csv	3350f7f13fae1696698384acaf990d9a283588580c20f4908a6db3fda4645730
row_more_sep_row0_col0.csv	3350f7f13fae1696698384acaf990d9a283588580c20f4908a6db3fda4645730
row_more_sep_row0_col1.csv	3350f7f13fae1696698384acaf990d9a283588580c20f4908a6db3fda4645730
row_more_sep_row0_col2.csv	3350f7f13fae1696698384acaf990d9a283588580c20f4908a6db3fda4645730
row_more_sep_row0_col3.csv	3350f7f13fae1696698384acaf990d9a283588580c20f4908a6db3fda4645730
row_more_sep_row0_col4.csv	3350f7f13fae1696698384acaf990d9a283588580c20f4908a6db3fda4645730
row_more_sep_row0_col5.csv	3350f7f13fae1696698384acaf990d9a283588580c20f4908a6db3fda4645730
row_more_sep_row0_col6.csv	3350f7f13fae1696698384acaf990d9a283588580c20f4908a6db3fda4645730
row_more_sep_row0_col7.csv	3350f7f13fae1696698384acaf990d9a283588580c20f4908a6db3fda4645730
row_more_sep_row0_col8.csv	3350f7f13fae1696698384acaf990d9a283588580c20f4908a6db3fda4645730
row_more_sep_row10_col0.csv	3350f7f13fae1696698384acaf990d9a283588580c20f4908a6db3fda4645730
row_more_sep_row10_col1.csv	3350f7f13fae1696698384acaf990d9a283588580c20f4908a6db3fda4645730
row_more_sep_row10_col2.csv	3350f7f13fae1696698384acaf990d9a283588580c20f4908a6db3fda4645730
row_more_sep_row10_col3.csv	3350f7f13fae1696698384acaf990d9a283588580c20f4908a6db3fda4645730
row_more_sep_row10_col4.csv	3350f7f13fae1696698384acaf990d9a283588580c20f4908a6db3fda4645730
row_more_sep_row10_col5.csv	3350f7f13fae1696698384acaf990d9a283588580c20f4908a6db3fda4645730
row_more_sep_row10_col6.csv	3350f7f13fae1696698384acaf990d9a283588580c20f4908a6db3fda4645730
row_more_sep_row10_col7.csv	3350f7f13fae1696698384acaf990d9a283588580c20f4908a6db3fda4645730
row_more_sep_row10_col8.csv	3350f7f13fae1696698384acaf990d9a283588580c20f4908a6db3fda4645730
row_more_sep_row11_col0.csv	3350f7f13fae1696698384acaf990d9a283588580c20f4908a6db3fda4645730
row_more_sep_row11_col1.csv	3350f7f13fae1696698384acaf990d9a283588580c20f4908a6db3fda4645730
row_more_sep_row11_col2.csv	3350f7f13fae1696698384acaf990d9a283588580c20f4908a6db3fda4645730
row_more_sep_row11_col3.csv	3350f7f13fae1696698384acaf990d9a283588580c20f4908a6db3fda4645730
row_more_sep_row11_col4.csv	3350f7f13fae1696698384acaf990d9a283588580c20f4908a6db3fda4645730
row_more_sep_row11_col5.csv	3350f7f13fae1696698384acaf990d9a283588580c20f4908a6db3fda4645730
row_more_sep_row11_col6.csv	3350f7f13fae1696698384acaf990d9a283588580c20f4908a6db3fda4645730
row_more_sep_row11_col7.csv	3350f7f13fae1696698384acaf990d9a283588580c20f4908a6db3fda4645730
row_more_sep_row11_col8.csv	3350f7f13fae1696698384acaf990d9a283588580c20f4908a6db3fda4645730
row_more_sep_row12_col0.csv	3350f7f13fae1696698384acaf990d9a283588580c20f4908a6db3fda4645730
row_more_sep_row12_col1.csv	3350f7f13fae1696698384acaf990d9a283588580c20f4908a6db3fda4645730
row_more_sep_row12_col2.csv	3350f7f13fae1696698384acaf990d9a283588580c20f4908a6db3fda4645730
row_more_sep_row12_col3.csv	3350f7f13fae1696698384acaf990d9a283588580c20f4908a6db3fda4645730
row_more_sep_row12_col4.csv	3350f7f13fae1696698384acaf990d9a283588580c20f4908a6db3fda4645730
row_more_sep_row12_col5.csv	3350f7f13fae1696698384acaf990d9a283588580c20f4908a6db3fda4645730
row_more_sep_row12_col6.csv	3350f7f13fae1696698384acaf990d9a283588580c20f4908a6db3fda4645730
row_more_sep_row12_col7.csv	3350f7f13fae1696698384acaf990d9a283588580c20f4908a6db3fda4645730
row_more_sep_row12_col8.csv	3350f7f13fae1696698384acaf990d9a283588580c20f4908a6db3fda4645730
row_more_sep_row13_col0.csv	3350f7f13fae1696698384acaf990d9a283588580c20f4908a6db3fda4645730
row_more_sep_row13_col1.csv	3350f7f13fae1696698384acaf990d9a283588580c20f4908a6db3fda4645730
row_more_sep_row13_col2.csv	3350f7f13fae1696698384acaf990d9a283588580c20f4908a6db3fda4645730
row_more_sep_row13_col3.csv	3350f7f13fae1696698384acaf990d9a283588580c20f4908a6db3fda4645730
row_more_sep_row13_col4.csv	3350f7f13fae1696698384acaf990d9a283588580c20f4908a6db3fda4645730
row_more_sep_row13_col5.csv	3350f7f13fae1696698384acaf990d9a283588580c20f4908a6db3fda4645730
row_more_sep_row13_col6.csv	3350f7f13fae1696698384acaf990d9a283588580c20f4908a6db3fda4645730
row_more_sep_row13_col7.csv	3350f7f13fae1696698384acaf990d9a283588580c20f4908a6db3fda4645730
row_more_sep_row13_col8.csv	3350f7f13fae1696698384acaf990d9a283588580c20f4908a6db3fda4645730
row_more_sep_row14_col0.csv	3350f7f13fae1696698384acaf990d9a283588580c20f4908a6db3fda4645730
row_more_sep_row14_col1.csv	3350f7f13fae1696698384acaf990d9a283588580c20f4908a6db3fda4645730
row_more_sep_row14_col2.csv	3350f7f13fae1696698384acaf990d9a283588580c20f4908a6db3fda4645730
row_more_sep_row14_col3.csv	3350f7f13fae1696698384acaf990d9a283588580c20f4908a6db3fda4645730
row_more_sep_row14_col4.csv	3350f7f13fae1696698384acaf990d9a283588580c20f4908a6db3fda4645730
row_more_sep_row14_col5.csv	3350f7f13fae1696698384acaf990d9a283588580c20f4908a6db3fda4645730
row_more_sep_row14_col6.csv	3350f7f13fae1696698384acaf990d9a283588580c20f4908a6db3fda4645730
row_more_sep_row14_col7.csv	3350f7f13fae1696698384acaf990d9a283588580c20f4908a6db3fda4645730
row_more_sep_row14_col8.csv	3350f7f13fae1696698384acaf990d9a283588580c20f4908a6db3fda4645730
row_more_sep_row15_col0.csv	3350f7f13fae1696698384acaf990d9a283588580c20f4908a6db3fda4645730
row_more_sep_row15_col1.csv	3350f7f13fae1696698384acaf990d9a283588580c20f4908a6db3fda4645730
row_more_sep_row15_col2.csv	3350f7f13fae1696698384acaf990d9a283588580c20f4908a6db3fda4645730
row_more_sep_row15_col3.csv	3350f7f13fae1696698384acaf990d9a283588580c20f4908a6db3fda4645730
row_more_sep_row15_col4.csv	3350f7f13fae1696698384acaf990d9a283588580c20f4908a6db3fda4645730
row_more_sep_row15_col5.csv	3350f7f13fae1696698384acaf990d9a283588580c20f4908a6db3fda4645730
row_more_sep_row15_col6.csv	3350f7f13fae1696698384acaf990d9a283588580c20f4908a6db3fda4645730
row_more_sep_row15_col7.csv	3350f7f13fae1696698384acaf990d9a283588580c20f4908a6db3fda4645730
row_more_sep_row15_col8.csv	3350f7f13fae1696698384acaf990d9a283588580c20f4908a6db3fda4645730
row_more_sep_row16_col0.csv	3350f7f13fae1696698384acaf990d9a283588580c20f4908a6db3fda4645730
row_more_sep_row16_col1.csv	3350f7f13fae1696698384acaf990d9a283588580c20f4908a6db3fda4645730
row_more_sep_row16_col2.csv	3350f7f13fae1696698384acaf990d9a283588580c20f4908a6db3fda4645730
row_more_sep_row16_col3.csv	3350f7f13fae1696698384acaf990d9a283588580c20f4908a6db3fda4645730
row_more_sep_row16_col4.csv	3350f7f13fae1696698384acaf990d9a283588580c20f4908a6db3fda4645730
row_more_sep_row16_col5.csv	3350f7f13fae1696698384acaf990d9a283588580c20f4908a6db3fda4645730
row_more_sep_row16_col6.csv	3350f7f13fae1696698384acaf990d9a283588580c20f4908a6db3fda4645730
row_more_sep_row16_col7.csv	3350f7f13fae1696698384acaf990d9a283588580c20f4908a6db3fda4645730
row_more_sep_row16_col8.csv	3350f7f13fae1696698384acaf990d9a283588580c20f4908a6db3fda4645730
row_more_sep_row17_col0.csv	3350f7f13fae1696698384acaf990d9a283588580c20f4908a6db3fda4645730
row_more_sep_row17_col1.csv	3350f7f13fae1696698384acaf990d9a283588580c20f4908a6db3fda4645730
row_more_sep_row17_col2.csv	3350f7f13fae1696698384acaf990d9a283588580c20f4908a6db3fda4645730
row_more_sep_row17_col3.csv	3350f7f13fae1696698384acaf990d9a283588580c20f4908a6db3fda4645730
row_more_sep_row17_col4.csv	3350f7f13fae1696698384acaf990d9a283588580c20f4908a6db3fda4645730
row_more_sep_row17_col5.csv	3350f7f13fae1696698384acaf990d9a283588580c20f4908a6db3fda4645730
row_more_sep_row17_col6.csv	3350f7f13fae1696698384acaf990d9a283588580c20f4908a6db3fda4645730
row_more_sep_row17_col7.csv	3350f7f13fae1696698384acaf990d9a283588580c20f4908a6db3fda4645730
row_more_sep_row17_col8.csv	3350f7f13fae1696698384acaf990d9a283588580c20f4908a6db3fda4645730
row_more_sep_row18_col0.csv	3350f7f13fae1696698384acaf990d9a283588580c20f4908a6db3fda4645730
row_more_sep_row18_col1.csv	3350f7f13fae1696698384acaf990d9a283588580c20f4908a6db3fda4645730
row_more_sep_row18_col2.csv	3350f7f13fae1696698384acaf990d9a283588580c20f4908a6db3fda4645730
row_more_sep_row18_col3.csv	3350f7f13fae1696698384acaf990d9a283588580c20f4908a6db3fda4645730
row_more_sep_row18_col4.csv	3350f7f13fae1696698384acaf990d9a283588580c20f4908a6db3fda4645730
row_more_sep_row18_col5.csv	3350f7f13fae1696698384acaf990d9a283588580c20f4908a6db3fda4645730
row_more_sep_row18_col6.csv	3350f7f13fae1696698384acaf990d9a283588580c20f4908a6db3fda4645730
row_more_sep_row18_col7.csv	3350f7f13fae1696698384acaf990d9a283588580c20f4908a6db3fda4645730
row_more_sep_row18_col8.csv	3350f7f13fae1696698384acaf990d9a283588580c20f4908a6db3fda4645730
row_more_sep_row19_col0.csv	3350f7f13fae1696698384acaf990d9a283588580c20f4908a6db3fda4645730
row_more_sep_row19_col1.csv	3350f7f13fae1696698384acaf990d9a283588580c20f4908a6db3fda4645730
row_more_sep_row19_col2.csv	3350f7f13fae1696698384acaf990d9a283588580c20f4908a6db3fda4645730
row_more_sep_row19_col3.csv	3350f7f13fae1696698384acaf990d9a283588580c20f4908a6db3fda4645730
row_more_sep_row19_col4.csv	3350f7f13fae1696698384acaf990d9a283588580c20f4908a6db3fda4645730
row_more_sep_row19_col5.csv	3350f7f13fae1696698384acaf990d9a283588580c20f4908a6db3fda4645730
row_more_sep_row19_col6.csv	3350f7f13fae1696698384acaf990d9a283588580c20f4908a6db3fda4645730
row_more_sep_row19_col7.csv	3350f7f13fae1696698384acaf990d9a283588580c20f4908a6db3fda4645730
row_more_sep_row19_col8.csv	3350f7f13fae1696698384acaf990d9a283588580c20f4908a6db3fda4645730
row_more_sep_row1_col0.csv	3350f7f13fae1696698384acaf990d9a283588580c20f4908a6db3fda4645730
row_more_sep_row1_col1.csv	3350f7f13fae1696698384acaf990d9a283588580c20f4908a6db3fda4645730
row_more_sep_row1_col2.csv	3350f7f13fae1696698384acaf990d9a283588580c20f4908a6db3fda4645730
row_more_sep_row1_col3.csv	3350f7f13fae1696698384acaf990d9a283588580c20f4908a6db3fda4645730
row_more_sep_row1_col4.csv	3350f7f13fae1696698384acaf990d9a283588580c20f4908a6db3fda4645730
row_more_sep_row1_col5.csv	3350f7f13fae1696698384acaf990d9a283588580c20f4908a6db3fda4645730
row_more_sep_row1_col6.csv	3350f7f13fae1696698384acaf990d9a283588580c20f4908a6db3fda4645730
row_more_sep_row1_col7.csv	3350f7f13fae1696698384acaf990d9a283588580c20f4908a6db3fda4645730
row_more_sep_row1_col8.csv	3350f7f13fae1696698384acaf990d9a283588580c20f4908a6db3fda4645730
row_more_sep_row20_col0.csv	3350f7f13fae1696698384acaf990d9a283588580c20f4908a6db3fda4645730
row_more_sep_row20_col1.csv	3350f7f13fae1696698384acaf990d9a283588580c20f4908a6db3fda4645730
row_more_sep_row20_col2.csv	3350f7f13fae1696698384acaf990d9a283588580c20f4908a6db3fda4645730
row_more_sep_row20_col3.csv	3350f7f13fae1696698384acaf990d9a283588580c20f4908a6db3fda4645730
row_more_sep_row20_col4.csv	3350f7f13fae1696698384acaf990d9a283588580c20f4908a6db3fda4645730
row_more_sep_row20_col5.csv	3350f7f13fae1696698384acaf990d9a283588580c20f4908a6db3fda4645730
row_more_sep_row20_col6.csv	3350f7f13fae1696698384acaf990d9a283588580c20f4908a6db3fda4645730
row_more_sep_row20_col7.csv	3350f7f13fae1696698384acaf990d9a283588580c20f4908a6db3fda4645730
row_more_sep_row20_col8.csv	3350f7f13fae1696698384acaf990d9a283588580c20f4908a6db3fda4645730
row_more_sep_row21_col0.csv	3350f7f13fae1696698384acaf990d9a283588580c20f4908a6db3fda4645730
row_more_sep_row21_col1.csv	3350f7f13fae1696698384acaf990d9a283588580c20f4908a6db3fda4645730
row_more_sep_row21_col2.csv	3350f7f13fae1696698384acaf990d9a283588580c20f4908a6db3fda4645730
row_more_sep_row21_col3.csv	3350f7f13fae1696698384acaf990d9a283588580c20f4908a6db3fda4645730
row_more_sep_row21_col4.csv	3350f7f13fae1696698384acaf990d9a283588580c20f4908a6db3fda4645730
row_more_sep_row21_col5.csv	3350f7f13fae1696698384acaf990d9a283588580c20f4908a6db3fda4645730
row_more_sep_row21_col6.csv	3350f7f13fae1696698384acaf990d9a283588580c20f4908a6db3fda4645730
row_more_sep_row21_col7.csv	3350f7f13fae1696698384acaf990d9a283588580c20f4908a6db3fda4645730
row_more_sep_row21_col8.csv	3350f7f13fae1696698384acaf990d9a283588580c20f4908a6db3fda4645730
row_more_sep_row22_col0.csv	3350f7f13fae1696698384acaf990d9a283588580c20f4908a6db3fda4645730
row_more_sep_row22_col1.csv	3350f7f13fae1696698384acaf990d9a283588580c20f4908a6db3fda4645730
row_more_sep_row22_col2.csv	3350f7f13fae1696698384acaf990d9a283588580c20f4908a6db3fda4645730
row_more_sep_row22_col3.csv	3350f7f13fae1696698384acaf990d9a283588580c20f4908a6db3fda4645730
row_more_sep_row22_col4.csv	3350f7f13fae1696698384acaf990d9a283588580c20f4908a6db3fda4645730
row_more_sep_row22_col5.csv	3350f7f13fae1696698384acaf990d9a283588580c20f4908a6db3fda4645730
row_more_sep_row22_col6.csv	3350f7f13fae1696698384acaf990d9a283588580c20f4908a6db3fda4645730
row_more_sep_row22_col7.csv	3350f7f13fae1696698384acaf990d9a283588580c20f4908a6db3fda4645730
row_more_sep_row22_col8.csv	3350f7f13fae1696698384acaf990d9a283588580c20f4908a6db3fda4645730
row_more_sep_row23_col0.csv	3350f7f13fae1696698384acaf990d9a283588580c20f4908a6db3fda4645730
row_more_sep_row23_col1.csv	3350f7f13fae1696698384acaf990d9a283588580c20f4908a6db3fda4645730
row_more_sep_row23_col2.csv	3350f7f13fae1696698384acaf990d9a283588580c20f4908a6db3fda4645730
row_more_sep_row23_col3.csv	3350f7f13fae1696698384acaf990d9a283588580c20f4908a6db3fda4645730
row_more_sep_row23_col4.csv	3350f7f13fae1696698384acaf990d9a283588580c20f4908a6db3fda4645730
row_more_sep_row23_col5.csv	3350f7f13fae1696698384acaf990d9a283588580c20f4908a6db3fda4645730
row_more_sep_row23_col6.csv	3350f7f13fae1696698384acaf990d9a283588580c20f4908a6db3fda4645730
row_more_sep_row23_col7.csv	3350f7f13fae1696698384acaf990d9a283588580c20f4908a6db3fda4645730
row_more_sep_row23_col8.csv	3350f7f13fae1696698384acaf990d9a283588580c20f4908a6db3fda4645730
row_more_sep_row24_col0.csv	3350f7f13fae1696698384acaf990d9a283588580c20f4908a6db3fda4645730
row_more_sep_row24_col1.csv	3350f7f13fae1696698384acaf990d9a283588580c20f4908a6db3fda4645730
row_more_sep_row24_col2.csv	3350f7f13fae1696698384acaf990d9a283588580c20f4908a6db3fda4645730
row_more_sep_row24_col3.csv	3350f7f13fae1696698384acaf990d9a283588580c20f4908a6db3fda4645730
row_more_sep_row24_col4.csv	3350f7f13fae1696698384acaf990d9a283588580c20f4908a6db3fda4645730
row_more_sep_row24_col5.csv	3350f7f13fae1696698384acaf990d9a283588580c20f4908a6db3fda4645730
row_more_sep_row24_col6.csv	3350f7f13fae1696698384acaf990d9a283588580c20f4908a6db3fda4645730
row_more_sep_row24_col7.csv	3350f7f13fae1696698384acaf990d9a283588580c20f4908a6db3fda4645730
row_more_sep_row24_col8.csv	3350f7f13fae1696698384acaf990d9a283588580c20f4908a6db3fda4645730
row_more_sep_row25_col0.csv	3350f7f13fae1696698384acaf990d9a283588580c20f4908a6db3fda4645730
row_more_sep_row25_col1.csv	3350f7f13fae1696698384acaf990d9a283588580c20f4908a6db3fda4645730
row_more_sep_row25_col2.csv	3350f7f13fae1696698384acaf990d9a283588580c20f4908a6db3fda4645730
row_more_sep_row25_col3.csv	3350f7f13fae1696698384acaf990d9a283588580c20f4908a6db3fda4645730
row_more_sep_row25_col4.csv	3350f7f13fae1696698384acaf990d9a283588580c20f4908a6db3fda4645730
row_more_sep_row25_col5.csv	3350f7f13fae1696698384acaf990d9a283588580c20f4908a6db3fda4645730
row_more_sep_row25_col6.csv	3350f7f13fae1696698384acaf990d9a283588580c20f4908a6db3fda4645730
row_more_sep_row25_col7.csv	3350f7f13fae1696698384acaf990d9a283588580c20f4908a6db3fda4645730
row_more_sep_row25_col8.csv	3350f7f13fae1696698384acaf990d9a283588580c20f4908a6db3fda4645730
row_more_sep_row26_col0.csv	3350f7f13fae1696698384acaf990d9a283588580c20f4908a6db3fda4645730
row_more_sep_row26_col1.csv	3350f7f13fae1696698384acaf990d9a283588580c20f4908a6db3fda4645730
row_more_sep_row26_col2.csv	3350f7f13fae1696698384acaf990d9a283588580c20f4908a6db3fda4645730
row_more_sep_row26_col3.csv	3350f7f13fae1696698384acaf990d9a283588580c20f4908a6db3fda4645730
row_more_sep_row26_col4.csv	3350f7f13fae1696698384acaf990d9a283588580c20f4908a6db3fda4645730
row_more_sep_row26_col5.csv	3350f7f13fae1696698384acaf990d9a283588580c20f4908a6db3fda4645730
row_more_sep_row26_col6.csv	3350f7f13fae1696698384acaf990d9a283588580c20f4908a6db3fda4645730
row_more_sep_row26_col7.csv	3350f7f13fae1696698384acaf990d9a283588580c20f4908a6db3fda4645730
row_more_sep_row26_col8.csv	3350f7f13fae1696698384acaf990d9a283588580c20f4908a6db3fda4645730
row_more_sep_row27_col0.csv	3350f7f13fae1696698384acaf990d9a283588580c20f4908a6db3fda4645730
row_more_sep_row27_col1.csv	3350f7f13fae1696698384acaf990d9a283588580c20f4908a6db3fda4645730
row_more_sep_row27_col2.csv	3350f7f13fae1696698384acaf990d9a283588580c20f4908a6db3fda4645730
row_more_sep_row27_col3.csv	3350f7f13fae1696698384acaf990d9a283588580c20f4908a6db3fda4645730
row_more_sep_row27_col4.csv	3350f7f13fae1696698384acaf990d9a283588580c20f4908a6db3fda4645730
row_more_sep_row27_col5.csv	3350f7f13fae1696698384acaf990d9a283588580c20f4908a6db3fda4645730
row_more_sep_row27_col6.csv	3350f7f13fae1696698384acaf990d9a283588580c20f4908a6db3fda4645730
row_more_sep_row27_col7.csv	3350f7f13fae1696698384acaf990d9a283588580c20f4908a6db3fda4645730
row_more_sep_row27_col8.csv	3350f7f13fae1696698384acaf990d9a283588580c20f4908a6db3fda4645730
row_more_sep_row28_col0.csv	3350f7f13fae1696698384acaf990d9a283588580c20f4908a6db3fda4645730
row_more_sep_row28_col1.csv	3350f7f13fae1696698384acaf990d9a283588580c20f4908a6db3fda4645730
row_more_sep_row28_col2.csv	3350f7f13fae1696698384acaf990d9a283588580c20f4908a6db3fda4645730
row_more_sep_row28_col3.csv	3350f7f13fae1696698384acaf990d9a283588580c20f4908a6db3fda4645730
row_more_sep_row28_col4.csv	3350f7f13fae1696698384acaf990d9a283588580c20f4908a6db3fda4645730
row_more_sep_row28_col5.csv	3350f7f13fae1696698384acaf990d9a283588580c20f4908a6db3fda4645730
row_more_sep_row28_col6.csv	3350f7f13fae1696698384acaf990d9a283588580c20f4908a6db3fda4645730
row_more_sep_row28_col7.csv	3350f7f13fae1696698384acaf990d9a283588580c20f4908a6db3fda4645730
row_more_sep_row28_col8.csv	3350f7f13fae1696698384acaf990d9a283588580c20f4908a6db3fda4645730
row_more_sep_row29_col0.csv	3350f7f13fae1696698384acaf990d9a283588580c20f4908a6db3fda4645730
row_more_sep_row29_col1.csv	3350f7f13fae1696698384acaf990d9a283588580c20f4908a6db3fda4645730
row_more_sep_row29_col2.csv	3350f7f13fae1696698384acaf990d9a283588580c20f4908a6db3fda4645730
row_more_sep_row29_col3.csv	3350f7f13fae1696698384acaf990d9a283588580c20f4908a6db3fda4645730
row_more_sep_row29_col4.csv	3350f7f13fae1696698384acaf990d9a283588580c20f4908a6db3fda4645730
row_more_sep_row29_col5.csv	3350f7f13fae1696698384acaf990d9a283588580c20f4908a6db3fda4645730
row_more_sep_row29_col6.csv	3350f7f13fae1696698384acaf990d9a283588580c20f4908a6db3fda4645730
row_more_sep_row29_col7.csv	3350f7f13fae1696698384acaf990d9a283588580c20f4908a6db3fda4645730
row_more_sep_row29_col8.csv	3350f7f13fae1696698384acaf990d9a283588580c20f4908a6db3fda4645730
row_more_sep_row2_col0.csv	3350f7f13fae1696698384acaf990d9a283588580c20f4908a6db3fda4645730
row_more_sep_row2_col1.csv	3350f7f13fae1696698384acaf990d9a283588580c20f4908a6db3fda4645730
row_more_sep_row2_col2.csv	3350f7f13fae1696698384acaf990d9a283588580c20f4908a6db3fda4645730
row_more_sep_row2_col3.csv	3350f7f13fae1696698384acaf990d9a283588580c20f4908a6db3fda4645730
row_more_sep_row2_col4.csv	3350f7f13fae1696698384acaf990d9a283588580c20f4908a6db3fda4645730
row_more_sep_row2_col5.csv	3350f7f13fae1696698384acaf990d9a283588580c20f4908a6db3fda4645730
row_more_sep_row2_col6.csv	3350f7f13fae1696698384acaf990d9a283588580c20f4908a6db3fda4645730
row_more_sep_row2_col7.csv	3350f7f13fae1696698384acaf990d9a283588580c20f4908a6db3fda4645730
row_more_sep_row2_col8.csv	3350f7f13fae1696698384acaf990d9a283588580c20f4908a6db3fda4645730
row_more_sep_row30_col0.csv	3350f7f13fae1696698384acaf990d9a283588580c20f4908a6db3fda4645730
row_more_sep_row30_col1.csv	3350f7f13fae1696698384acaf990d9a283588580c20f4908a6db3fda4645730
row_more_sep_row30_col2.csv	3350f7f13fae1696698384acaf990d9a283588580c20f4908a6db3fda4645730
row_more_sep_row30_col3.csv	3350f7f13fae1696698384acaf990d9a283588580c20f4908a6db3fda4645730
row_more_sep_row30_col4.csv	3350f7f13fae1696698384acaf990d9a283588580c20f4908a6db3fda4645730
row_more_sep_row30_col5.csv	3350f7f13fae1696698384acaf990d9a283588580c20f4908a6db3fda4645730
row_more_sep_row30_col6.csv	3350f7f13fae1696698384acaf990d9a283588580c20f4908a6db3fda4645730
row_more_sep_row30_col7.csv	3350f7f13fae1696698384acaf990d9a283588580c20f4908a6db3fda4645730
row_more_sep_row30_col8.csv	3350f7f13fae1696698384acaf990d9a283588580c20f4908a6db3fda4645730
row_more_sep_row31_col0.csv	3350f7f13fae1696698384acaf990d9a283588580c20f4908a6db3fda4645730
row_more_sep_row31_col1.csv	3350f7f13fae1696698384acaf990d9a283588580c20f4908a6db3fda4645730
row_more_sep_row31_col2.csv	3350f7f13fae1696698384acaf990d9a283588580c20f4908a6db3fda4645730
row_more_sep_row31_col3.csv	3350f7f13fae1696698384acaf990d9a283588580c20f4908a6db3fda4645730
row_more_sep_row31_col4.csv	3350f7f13fae1696698384acaf990d9a283588580c20f4908a6db3fda4645730
row_more_sep_row31_col5.csv	3350f7f13fae1696698384acaf990d9a283588580c20f4908a6db3fda4645730
row_more_sep_row31_col6.csv	3350f7f13fae1696698384acaf990d9a283588580c20f4908a6db3fda4645730
row_more_sep_row31_col7.csv	3350f7f13fae1696698384acaf990d9a283588580c20f4908a6db3fda4645730
row_more_sep_row31_col8.csv	3350f7f13fae1696698384acaf990d9a283588580c20f4908a6db3fda4645730
row_more_sep_row32_col0.csv	3350f7f13fae1696698384acaf990d9a283588580c20f4908a6db3fda4645730
row_more_sep_row32_col1.csv	3350f7f13fae1696698384acaf990d9a283588580c20f4908a6db3fda4645730
row_more_sep_row32_col2.csv	3350f7f13fae1696698384acaf990d9a283588580c20f4908a6db3fda4645730
row_more_sep_row32_col3.csv	3350f7f13fae1696698384acaf990d9a283588580c20f4908a6db3fda4645730
row_more_sep_row32_col4.csv	3350f7f13fae1696698384acaf990d9a283588580c20f4908a6db3fda4645730
row_more_sep_row32_col5.csv	3350f7f13fae1696698384acaf990d9a283588580c20f4908a6db3fda4645730
row_more_sep_row32_col6.csv	3350f7f13fae1696698384acaf990d9a283588580c20f4908a6db3fda4645730
row_more_sep_row32_col7.csv	3350f7f13fae1696698384acaf990d9a283588580c20f4908a6db3fda4645730
row_more_sep_row32_col8.csv	3350f7f13fae1696698384acaf990d9a283588580c20f4908a6db3fda4645730
row_more_sep_row33_col0.csv	3350f7f13fae1696698384acaf990d9a283588580c20f4908a6db3fda4645730
row_more_sep_row33_col1.csv	3350f7f13fae1696698384acaf990d9a283588580c20f4908a6db3fda4645730
row_more_sep_row33_col2.csv	3350f7f13fae1696698384acaf990d9a283588580c20f4908a6db3fda4645730
row_more_sep_row33_col3.csv	3350f7f13fae1696698384acaf990d9a283588580c20f4908a6db3fda4645730
row_more_sep_row33_col4.csv	3350f7f13fae1696698384acaf990d9a283588580c20f4908a6db3fda4645730
row_more_sep_row33_col5.csv	3350f7f13fae1696698384acaf990d9a283588580c20f4908a6db3fda4645730
row_more_sep_row33_col6.csv	3350f7f13fae1696698384acaf990d9a283588580c20f4908a6db3fda4645730
row_more_sep_row33_col7.csv	3350f7f13fae1696698384acaf990d9a283588580c20f4908a6db3fda4645730
row_more_sep_row33_col8.csv	3350f7f13fae1696698384acaf990d9a283588580c20f4908a6db3fda4645730
row_more_sep_row34_col0.csv	3350f7f13fae1696698384acaf990d9a283588580c20f4908a6db3fda4645730
row_more_sep_row34_col1.csv	3350f7f13fae1696698384acaf990d9a283588580c20f4908a6db3fda4645730
row_more_sep_row34_col2.csv	3350f7f13fae1696698384acaf990d9a283588580c20f4908a6db3fda4645730
row_more_sep_row34_col3.csv	3350f7f13fae1696698384acaf990d9a283588580c20f4908a6db3fda4645730
row_more_sep_row34_col4.csv	3350f7f13fae1696698384acaf990d9a283588580c20f4908a6db3fda4645730
row_more_sep_row34_col5.csv	3350f7f13fae1696698384acaf990d9a283588580c20f4908a6db3fda4645730
row_more_sep_row34_col6.csv	3350f7f13fae1696698384acaf990d9a283588580c20f4908a6db3fda4645730
row_more_sep_row34_col7.csv	3350f7f13fae1696698384acaf990d9a283588580c20f4908a6db3fda4645730
row_more_sep_row34_col8.csv	3350f7f13fae1696698384acaf990d9a283588580c20f4908a6db3fda4645730
row_more_sep_row35_col0.csv	3350f7f13fae1696698384acaf990d9a283588580c20f4908a6db3fda4645730
row_more_sep_row35_col1.csv	3350f7f13fae1696698384acaf990d9a283588580c20f4908a6db3fda4645730
row_more_sep_row35_col2.csv	3350f7f13fae1696698384acaf990d9a283588580c20f4908a6db3fda4645730
row_more_sep_row35_col3.csv	3350f7f13fae1696698384acaf990d9a283588580c20f4908a6db3fda4645730
row_more_sep_row35_col4.csv	3350f7f13fae1696698384acaf990d9a283588580c20f4908a6db3fda4645730
row_more_sep_row35_col5.csv	3350f7f13fae1696698384acaf990d9a283588580c20f4908a6db3fda4645730
row_more_sep_row35_col6.csv	3350f7f13fae1696698384acaf990d9a283588580c20f4908a6db3fda4645730
row_more_sep_row35_col7.csv	3350f7f13fae1696698384acaf990d9a283588580c20f4908a6db3fda4645730
row_more_sep_row35_col8.csv	3350f7f13fae1696698384acaf990d9a283588580c20f4908a6db3fda4645730
row_more_sep_row36_col0.csv	3350f7f13fae1696698384acaf990d9a283588580c20f4908a6db3fda4645730
row_more_sep_row36_col1.csv	3350f7f13fae1696698384acaf990d9a283588580c20f4908a6db3fda4645730
row_more_sep_row36_col2.csv	3350f7f13fae1696698384acaf990d9a283588580c20f4908a6db3fda4645730
row_more_sep_row36_col3.csv	3350f7f13fae1696698384acaf990d9a283588580c20f4908a6db3fda4645730
row_more_sep_row36_col4.csv	3350f7f13fae1696698384acaf990d9a283588580c20f4908a6db3fda4645730
row_more_sep_row36_col5.csv	3350f7f13fae1696698384acaf990d9a283588580c20f4908a6db3fda4645730
row_more_sep_row36_col6.csv	3350f7f13fae1696698384acaf990d9a283588580c20f4908a6db3fda4645730
row_more_sep_row36_col7.csv	3350f7f13fae1696698384acaf990d9a283588580c20f4908a6db3fda4645730
row_more_sep_row36_col8.csv	3350f7f13fae1696698384acaf990d9a283588580c20f4908a6db3fda4645730
row_more_sep_row37_col0.csv	3350f7f13fae1696698384acaf990d9a283588580c20f4908a6db3fda4645730
row_more_sep_row37_col1.csv	3350f7f13fae1696698384acaf990d9a283588580c20f4908a6db3fda4645730
row_more_sep_row37_col2.csv	3350f7f13fae1696698384acaf990d9a283588580c20f4908a6db3fda4645730
row_more_sep_row37_col3.csv	3350f7f13fae1696698384acaf990d9a283588580c20f4908a6db3fda4645730
row_more_sep_row37_col4.csv	3350f7f13fae1696698384acaf990d9a283588580c20f4908a6db3fda4645730
row_more_sep_row37_col5.csv	3350f7f13fae1696698384acaf990d9a283588580c20f4908a6db3fda4645730
row_more_sep_row37_col6.csv	3350f7f13fae1696698384acaf990d9a283588580c20f4908a6db3fda4645730
row_more_sep_row37_col7.csv	3350f7f13fae1696698384acaf990d9a283588580c20f4908a6db3fda4645730
row_more_sep_row37_col8.csv	3350f7f13fae1696698384acaf990d9a283588580c20f4908a6db3fda4645730
row_more_sep_row38_col0.csv	3350f7f13fae1696698384acaf990d9a283588580c20f4908a6db3fda4645730
row_more_sep_row38_col1.csv	3350f7f13fae1696698384acaf990d9a283588580c20f4908a6db3fda4645730
row_more_sep_row38_col2.csv	3350f7f13fae1696698384acaf990d9a283588580c20f4908a6db3fda4645730
row_more_sep_row38_col3.csv	3350f7f13fae1696698384acaf990d9a283588580c20f4908a6db3fda4645730
row_more_sep_row38_col4.csv	3350f7f13fae1696698384acaf990d9a283588580c20f4908a6db3fda4645730
row_more_sep_row38_col5.csv	3350f7f13fae1696698384acaf990d9a283588580c20f4908a6db3fda4645730
row_more_sep_row38_col6.csv	3350f7f13fae1696698384acaf990d9a283588580c20f4908a6db3fda4645730
row_more_sep_row38_col7.csv	3350f7f13fae1696698384acaf990d9a283588580c20f4908a6db3fda4645730
row_more_sep_row38_col8.csv	3350f7f13fae1696698384acaf990d9a283588580c20f4908a6db3fda4645730
row_more_sep_row39_col0.csv	3350f7f13fae1696698384acaf990d9a283588580c20f4908a6db3fda4645730
row_more_sep_row39_col1.csv	3350f7f13fae1696698384acaf990d9a283588580c20f4908a6db3fda4645730
row_more_sep_row39_col2.csv	3350f7f13fae1696698384acaf990d9a283588580c20f4908a6db3fda4645730
row_more_sep_row39_col3.csv	3350f7f13fae1696698384acaf990d9a283588580c20f4908a6db3fda4645730
row_more_sep_row39_col4.csv	3350f7f13fae1696698384acaf990d9a283588580c20f4908a6db3fda4645730
row_more_sep_row39_col5.csv	3350f7f13fae1696698384acaf990d9a283588580c20f4908a6db3fda4645730
row_more_sep_row39_col6.csv	3350f7f13fae1696698384acaf990d9a283588580c20f4908a6db3fda4645730
row_more_sep_row39_col7.csv	3350f7f13fae1696698384acaf990d9a283588580c20f4908a6db3fda4645730
row_more_sep_row39_col8.csv	3350f7f13fae1696698384acaf990d9a283588580c20f4908a6db3fda4645730
row_more_sep_row3_col0.csv	3350f7f13fae1696698384acaf990d9a283588580c20f4908a6db3fda4645730
row_more_sep_row3_col1.csv	3350f7f13fae1696698384acaf990d9a283588580c20f4908a6db3fda4645730
row_more_sep_row3_col2.csv	3350f7f13fae1696698384acaf990d9a283588580c20f4908a6db3fda4645730
row_more_sep_row3_col3.csv	3350f7f13fae1696698384acaf990d9a283588580c20f4908a6db3fda4645730
row_more_sep_row3_col4.csv	3350f7f13fae1696698384acaf990d9a283588580c20f4908a6db3fda4645730
row_more_sep_row3_col5.csv	3350f7f13fae1696698384acaf990d9a283588580c20f4908a6db3fda4645730
row_more_sep_row3_col6.csv	3350f7f13fae1696698384acaf990d9a283588580c20f4908a6db3fda4645730
row_more_sep_row3_col7.csv	3350f7f13fae1696698384acaf990d9a283588580c20f4908a6db3fda4645730
row_more_sep_row3_col8.csv	3350f7f13fae1696698384acaf990d9a283588580c20f4908a6db3fda4645730
row_more_sep_row40_col0.csv	3350f7f13fae1696698384acaf990d9a283588580c20f4908a6db3fda4645730
row_more_sep_row40_col1.csv	3350f7f13fae1696698384acaf990d9a283588580c20f4908a6db3fda4645730
row_more_sep_row40_col2.csv	3350f7f13fae1696698384acaf990d9a283588580c20f4908a6db3fda4645730
row_more_sep_row40_col3.csv	3350f7f13fae1696698384acaf990d9a283588580c20f4908a6db3fda4645730
row_more_sep_row40_col4.csv	3350f7f13fae1696698384acaf990d9a283588580c20f4908a6db3fda4645730
row_more_sep_row40_col5.csv	3350f7f13fae1696698384acaf990d9a283588580c20f4908a6db3fda4645730
row_more_sep_row40_col6.csv	3350f7f13fae1696698384acaf990d9a283588580c20f4908a6db3fda4645730
row_more_sep_row40_col7.csv	3350f7f13fae1696698384acaf990d9a283588580c20f4908a6db3fda4645730
row_more_sep_row40_col8.csv	3350f7f13fae1696698384acaf990d9a283588580c20f4908a6db3fda4645730
row_more_sep_row41_col0.csv	3350f7f13fae1696698384acaf990d9a283588580c20f4908a6db3fda4645730
row_more_sep_row41_col1.csv	3350f7f13fae1696698384acaf990d9a283588580c20f4908a6db3fda4645730
row_more_sep_row41_col2.csv	3350f7f13fae1696698384acaf990d9a283588580c20f4908a6db3fda4645730
row_more_sep_row41_col3.csv	3350f7f13fae1696698384acaf990d9a283588580c20f4908a6db3fda4645730
row_more_sep_row41_col4.csv	3350f7f13fae1696698384acaf990d9a283588580c20f4908a6db3fda4645730
row_more_sep_row41_col5.csv	3350f7f13fae1696698384acaf990d9a283588580c20f4908a6db3fda4645730
row_more_sep_row41_col6.csv	3350f7f13fae1696698384acaf990d9a283588580c20f4908a6db3fda4645730
row_more_sep_row41_col7.csv	3350f7f13fae1696698384acaf990d9a283588580c20f4908a6db3fda4645730
row_more_sep_row41_col8.csv	3350f7f13fae1696698384acaf990d9a283588580c20f4908a6db3fda4645730
row_more_sep_row42_col0.csv	3350f7f13fae1696698384acaf990d9a283588580c20f4908a6db3fda4645730
row_more_sep_row42_col1.csv	3350f7f13fae1696698384acaf990d9a283588580c20f4908a6db3fda4645730
row_more_sep_row42_col2.csv	3350f7f13fae1696698384acaf990d9a283588580c20f4908a6db3fda4645730
row_more_sep_row42_col3.csv	3350f7f13fae1696698384acaf990d9a283588580c20f4908a6db3fda4645730
row_more_sep_row42_col4.csv	3350f7f13fae1696698384acaf990d9a283588580c20f4908a6db3fda4645730
row_more_sep_row42_col5.csv	3350f7f13fae1696698384acaf990d9a283588580c20f4908a6db3fda4645730
row_more_sep_row42_col6.csv	3350f7f13fae1696698384acaf990d9a283588580c20f4908a6db3fda4645730
row_more_sep_row42_col7.csv	3350f7f13fae1696698384acaf990d9a283588580c20f4908a6db3fda4645730
row_more_sep_row42_col8.csv	3350f7f13fae1696698384acaf990d9a283588580c20f4908a6db3fda4645730
row_more_sep_row43_col0.csv	3350f7f13fae1696698384acaf990d9a283588580c20f4908a6db3fda4645730
row_more_sep_row43_col1.csv	3350f7f13fae1696698384acaf990d9a283588580c20f4908a6db3fda4645730
row_more_sep_row43_col2.csv	3350f7f13fae1696698384acaf990d9a283588580c20f4908a6db3fda4645730
row_more_sep_row43_col3.csv	3350f7f13fae1696698384acaf990d9a283588580c20f4908a6db3fda4645730
row_more_sep_row43_col4.csv	3350f7f13fae1696698384acaf990d9a283588580c20f4908a6db3fda4645730
row_more_sep_row43_col5.csv	3350f7f13fae1696698384acaf990d9a283588580c20f4908a6db3fda4645730
row_more_sep_row43_col6.csv	3350f7f13fae1696698384acaf990d9a283588580c20f4908a6db3fda4645730
row_more_sep_row43_col7.csv	3350f7f13fae1696698384acaf990d9a283588580c20f4908a6db3fda4645730
row_more_sep_row43_col8.csv	3350f7f13fae1696698384acaf990d9a283588580c20f4908a6db3fda4645730
row_more_sep_row44_col0.csv	3350f7f13fae1696698384acaf990d9a283588580c20f4908a6db3fda4645730
row_more_sep_row44_col1.csv	3350f7f13fae1696698384acaf990d9a283588580c20f4908a6db3fda4645730
row_more_sep_row44_col2.csv	3350f7f13fae1696698384acaf990d9a283588580c20f4908a6db3fda4645730
row_more_sep_row44_col3.csv	3350f7f13fae1696698384acaf990d9a283588580c20f4908a6db3fda4645730
row_more_sep_row44_col4.csv	3350f7f13fae1696698384acaf990d9a283588580c20f4908a6db3fda4645730
row_more_sep_row44_col5.csv	3350f7f13fae1696698384acaf990d9a283588580c20f4908a6db3fda4645730
row_more_sep_row44_col6.csv	3350f7f13fae1696698384acaf990d9a283588580c20f4908a6db3fda4645730
row_more_sep_row44_col7.csv	3350f7f13fae1696698384acaf990d9a283588580c20f4908a6db3fda4645730
row_more_sep_row44_col8.csv	3350f7f13fae1696698384acaf990d9a283588580c20f4908a6db3fda4645730
row_more_sep_row45_col0.csv	3350f7f13fae1696698384acaf990d9a283588580c20f4908a6db3fda4645730
row_more_sep_row45_col1.csv	3350f7f13fae1696698384acaf990d9a283588580c20f4908a6db3fda4645730
row_more_sep_row45_col2.csv	3350f7f13fae1696698384acaf990d9a283588580c20f4908a6db3fda4645730
row_more_sep_row45_col3.csv	3350f7f13fae1696698384acaf990d9a283588580c20f4908a6db3fda4645730
row_more_sep_row45_col4.csv	3350f7f13fae1696698384acaf990d9a283588580c20f4908a6db3fda4645730
row_more_sep_row45_col5.csv	3350f7f13fae1696698384acaf990d9a283588580c20f4908a6db3fda4645730
row_more_sep_row45_col6.csv	3350f7f13fae1696698384acaf990d9a283588580c20f4908a6db3fda4645730
row_more_sep_row45_col7.csv	3350f7f13fae1696698384acaf990d9a283588580c20f4908a6db3fda4645730
row_more_sep_row45_col8.csv	3350f7f13fae1696698384acaf990d9a283588580c20f4908a6db3fda4645730
row_more_sep_row46_col0.csv	3350f7f13fae1696698384acaf990d9a283588580c20f4908a6db3fda4645730
row_more_sep_row46_col1.csv	3350f7f13fae1696698384acaf990d9a283588580c20f4908a6db3fda4645730
row_more_sep_row46_col2.csv	3350f7f13fae1696698384acaf990d9a283588580c20f4908a6db3fda4645730
row_more_sep_row46_col3.csv	3350f7f13fae1696698384acaf990d9a283588580c20f4908a6db3fda4645730
row_more_sep_row46_col4.csv	3350f7f13fae1696698384acaf990d9a283588580c20f4908a6db3fda4645730
row_more_sep_row46_col5.csv	3350f7f13fae1696698384acaf990d9a283588580c20f4908a6db3fda4645730
row_more_sep_row46_col6.csv	3350f7f13fae1696698384acaf990d9a283588580c20f4908a6db3fda4645730
row_more_sep_row46_col7.csv	3350f7f13fae1696698384acaf990d9a283588580c20f4908a6db3fda4645730
row_more_sep_row46_col8.csv	3350f7f13fae1696698384acaf990d9a283588580c20f4908a6db3fda4645730
row_more_sep_row47_col0.csv	3350f7f13fae1696698384acaf990d9a283588580c20f4908a6db3fda4645730
row_more_sep_row47_col1.csv	3350f7f13fae1696698384acaf990d9a283588580c20f4908a6db3fda4645730
row_more_sep_row47_col2.csv	3350f7f13fae1696698384acaf990d9a283588580c20f4908a6db3fda4645730
row_more_sep_row47_col3.csv	3350f7f13fae1696698384acaf990d9a283588580c20f4908a6db3fda4645730
row_more_sep_row47_col4.csv	3350f7f13fae1696698384acaf990d9a283588580c20f4908a6db3fda4645730
row_more_sep_row47_col5.csv	3350f7f13fae1696698384acaf990d9a283588580c20f4908a6db3fda4645730
row_more_sep_row47_col6.csv	3350f7f13fae1696698384acaf990d9a283588580c20f4908a6db3fda4645730
row_more_sep_row47_col7.csv	3350f7f13fae1696698384acaf990d9a283588580c20f4908a6db3fda4645730
row_more_sep_row47_col8.csv	3350f7f13fae1696698384acaf990d9a283588580c20f4908a6db3fda4645730
row_more_sep_row48_col0.csv	3350f7f13fae1696698384acaf990d9a283588580c20f4908a6db3fda4645730
row_more_sep_row48_col1.csv	3350f7f13fae1696698384acaf990d9a283588580c20f4908a6db3fda4645730
row_more_sep_row48_col2.csv	3350f7f13fae1696698384acaf990d9a283588580c20f4908a6db3fda4645730
row_more_sep_row48_col3.csv	3350f7f13fae1696698384acaf990d9a283588580c20f4908a6db3fda4645730
row_more_sep_row48_col4.csv	3350f7f13fae1696698384acaf990d9a283588580c20f4908a6db3fda4645730
row_more_sep_row48_col5.csv	3350f7f13fae1696698384acaf990d9a283588580c20f4908a6db3fda4645730
row_more_sep_row48_col6.csv	3350f7f13fae1696698384acaf990d9a283588580c20f4908a6db3fda4645730
row_more_sep_row48_col7.csv	3350f7f13fae1696698384acaf990d9a283588580c20f4908a6db3fda4645730
row_more_sep_row48_col8.csv	3350f7f13fae1696698384acaf990d9a283588580c20f4908a6db3fda4645730
row_more_sep_row49_col0.csv	3350f7f13fae1696698384acaf990d9a283588580c20f4908a6db3fda4645730
row_more_sep_row49_col1.csv	3350f7f13fae1696698384acaf990d9a283588580c20f4908a6db3fda4645730
row_more_sep_row49_col2.csv	3350f7f13fae1696698384acaf990d9a283588580c20f4908a6db3fda4645730
row_more_sep_row49_col3.csv	3350f7f13fae1696698384acaf990d9a283588580c20f4908a6db3fda4645730
row_more_sep_row49_col4.csv	3350f7f13fae1696698384acaf990d9a283588580c20f4908a6db3fda4645730
row_more_sep_row49_col5.csv	3350f7f13fae1696698384acaf990d9a283588580c20f4908a6db3fda4645730
row_more_sep_row49_col6.csv	3350f7f13fae1696698384acaf990d9a283588580c20f4908a6db3fda4645730
row_more_sep_row49_col7.csv	3350f7f13fae1696698384acaf990d9a283588580c20f4908a6db3fda4645730
row_more_sep_row49_col8.csv	3350f7f13fae1696698384acaf990d9a283588580c20f4908a6db3fda4645730
row_more_sep_row4_col0.csv	3350f7f13fae1696698384acaf990d9a283588580c20f4908a6db3fda4645730
row_more_sep_row4_col1.csv	3350f7f13fae1696698384acaf990d9a283588580c20f4908a6db3fda4645730
row_more_sep_row4_col2.csv	3350f7f13fae1696698384acaf990d9a283588580c20f4908a6db3fda4645730
row_more_sep_row4_col3.csv	3350f7f13fae1696698384acaf990d9a283588580c20f4908a6db3fda4645730
row_more_sep_row4_col4.csv	3350f7f13fae1696698384acaf990d9a283588580c20f4908a6db3fda4645730
row_more_sep_row4_col5.csv	3350f7f13fae1696698384acaf990d9a283588580c20f4908a6db3fda4645730
row_more_sep_row4_col6.csv	3350f7f13fae1696698384acaf990d9a283588580c20f4908a6db3fda4645730
row_more_sep_row4_col7.csv	3350f7f13fae1696698384acaf990d9a283588580c20f4908a6db3fda4645730
row_more_sep_row4_col8.csv	3350f7f13fae1696698384acaf990d9a283588580c20f4908a6db3fda4645730
row_more_sep_row50_col0.csv	3350f7f13fae1696698384acaf990d9a283588580c20f4908a6db3fda4645730
row_more_sep_row50_col1.csv	3350f7f13fae1696698384acaf990d9a283588580c20f4908a6db3fda4645730
row_more_sep_row50_col2.csv	3350f7f13fae1696698384acaf990d9a283588580c20f4908a6db3fda4645730
row_more_sep_row50_col3.csv	3350f7f13fae1696698384acaf990d9a283588580c20f4908a6db3fda4645730
row_more_sep_row50_col4.csv	3350f7f13fae1696698384acaf990d9a283588580c20f4908a6db3fda4645730
row_more_sep_row50_col5.csv	3350f7f13fae1696698384acaf990d9a283588580c20f4908a6db3fda4645730
row_more_sep_row50_col6.csv	3350f7f13fae1696698384acaf990d9a283588580c20f4908a6db3fda4645730
row_more_sep_row50_col7.csv	3350f7f13fae1696698384acaf990d9a283588580c20f4908a6db3fda4645730
row_more_sep_row50_col8.csv	3350f7f13fae1696698384acaf990d9a283588580c20f4908a6db3fda4645730
row_more_sep_row51_col0.csv	3350f7f13fae1696698384acaf990d9a283588580c20f4908a6db3fda4645730
row_more_sep_row51_col1.csv	3350f7f13fae1696698384acaf990d9a283588580c20f4908a6db3fda4645730
row_more_sep_row51_col2.csv	3350f7f13fae1696698384acaf990d9a283588580c20f4908a6db3fda4645730
row_more_sep_row51_col3.csv	3350f7f13fae1696698384acaf990d9a283588580c20f4908a6db3fda4645730
row_more_sep_row51_col4.csv	3350f7f13fae1696698384acaf990d9a283588580c20f4908a6db3fda4645730
row_more_sep_row51_col5.csv	3350f7f13fae1696698384acaf990d9a283588580c20f4908a6db3fda4645730
row_more_sep_row51_col6.csv	3350f7f13fae1696698384acaf990d9a283588580c20f4908a6db3fda4645730
row_more_sep_row51_col7.csv	3350f7f13fae1696698384acaf990d9a283588580c20f4908a6db3fda4645730
row_more_sep_row51_col8.csv	3350f7f13fae1696698384acaf990d9a283588580c20f4908a6db3fda4645730
row_more_sep_row52_col0.csv	3350f7f13fae1696698384acaf990d9a283588580c20f4908a6db3fda4645730
row_more_sep_row52_col1.csv	3350f7f13fae1696698384acaf990d9a283588580c20f4908a6db3fda4645730
row_more_sep_row52_col2.csv	3350f7f13fae1696698384acaf990d9a283588580c20f4908a6db3fda4645730
row_more_sep_row52_col3.csv	3350f7f13fae1696698384acaf990d9a283588580c20f4908a6db3fda4645730
row_more_sep_row52_col4.csv	3350f7f13fae1696698384acaf990d9a283588580c20f4908a6db3fda4645730
row_more_sep_row52_col5.csv	3350f7f13fae1696698384acaf990d9a283588580c20f4908a6db3fda4645730
row_more_sep_row52_col6.csv	3350f7f13fae1696698384acaf990d9a283588580c20f4908a6db3fda4645730
row_more_sep_row52_col7.csv	3350f7f13fae1696698384acaf990d9a283588580c20f4908a6db3fda4645730
row_more_sep_row52_col8.csv	3350f7f13fae1696698384acaf990d9a283588580c20f4908a6db3fda4645730
row_more_sep_row53_col0.csv	3350f7f13fae1696698384acaf990d9a283588580c20f4908a6db3fda4645730
row_more_sep_row53_col1.csv	3350f7f13fae1696698384acaf990d9a283588580c20f4908a6db3fda4645730
row_more_sep_row53_col2.csv	3350f7f13fae1696698384acaf990d9a283588580c20f4908a6db3fda4645730
row_more_sep_row53_col3.csv	3350f7f13fae1696698384acaf990d9a283588580c20f4908a6db3fda4645730
row_more_sep_row53_col4.csv	3350f7f13fae1696698384acaf990d9a283588580c20f4908a6db3fda4645730
row_more_sep_row53_col5.csv	3350f7f13fae1696698384acaf990d9a283588580c20f4908a6db3fda4645730
row_more_sep_row53_col6.csv	3350f7f13fae1696698384acaf990d9a283588580c20f4908a6db3fda4645730
row_more_sep_row53_col7.csv	3350f7f13fae1696698384acaf990d9a283588580c20f4908a6db3fda4645730
row_more_sep_row53_col8.csv	3350f7f13fae1696698384acaf990d9a283588580c20f4908a6db3fda4645730
row_more_sep_row54_col0.csv	3350f7f13fae1696698384acaf990d9a283588580c20f4908a6db3fda4645730
row_more_sep_row54_col1.csv	3350f7f13fae1696698384acaf990d9a283588580c20f4908a6db3fda4645730
row_more_sep_row54_col2.csv	3350f7f13fae1696698384acaf990d9a283588580c20f4908a6db3fda4645730
row_more_sep_row54_col3.csv	3350f7f13fae1696698384acaf990d9a283588580c20f4908a6db3fda4645730
row_more_sep_row54_col4.csv	3350f7f13fae1696698384acaf990d9a283588580c20f4908a6db3fda4645730
row_more_sep_row54_col5.csv	3350f7f13fae1696698384acaf990d9a283588580c20f4908a6db3fda4645730
row_more_sep_row54_col6.csv	3350f7f13fae1696698384acaf990d9a283588580c20f4908a6db3fda4645730
row_more_sep_row54_col7.csv	3350f7f13fae1696698384acaf990d9a283588580c20f4908a6db3fda4645730
row_more_sep_row54_col8.csv	3350f7f13fae1696698384acaf990d9a283588580c20f4908a6db3fda4645730
row_more_sep_row55_col0.csv	3350f7f13fae1696698384acaf990d9a283588580c20f4908a6db3fda4645730
row_more_sep_row55_col1.csv	3350f7f13fae1696698384acaf990d9a283588580c20f4908a6db3fda4645730
row_more_sep_row55_col2.csv	3350f7f13fae1696698384acaf990d9a283588580c20f4908a6db3fda4645730
row_more_sep_row55_col3.csv	3350f7f13fae1696698384acaf990d9a283588580c20f4908a6db3fda4645730
row_more_sep_row55_col4.csv	3350f7f13fae1696698384acaf990d9a283588580c20f4908a6db3fda4645730
row_more_sep_row55_col5.csv	3350f7f13fae1696698384acaf990d9a283588580c20f4908a6db3fda4645730
row_more_sep_row55_col6.csv	3350f7f13fae1696698384acaf990d9a283588580c20f4908a6db3fda4645730
row_more_sep_row55_col7.csv	3350f7f13fae1696698384acaf990d9a283588580c20f4908a6db3fda4645730
row_more_sep_row55_col8.csv	3350f7f13fae1696698384acaf990d9a283588580c20f4908a6db3fda4645730
row_more_sep_row56_col0.csv	3350f7f13fae1696698384acaf990d9a283588580c20f4908a6db3fda4645730
row_more_sep_row56_col1.csv	3350f7f13fae1696698384acaf990d9a283588580c20f4908a6db3fda4645730
row_more_sep_row56_col2.csv	3350f7f13fae1696698384acaf990d9a283588580c20f4908a6db3fda4645730
row_more_sep_row56_col3.csv	3350f7f13fae1696698384acaf990d9a283588580c20f4908a6db3fda4645730
row_more_sep_row56_col4.csv	3350f7f13fae1696698384acaf990d9a283588580c20f4908a6db3fda4645730
row_more_sep_row56_col5.csv	3350f7f13fae1696698384acaf990d9a283588580c20f4908a6db3fda4645730
row_more_sep_row56_col6.csv	3350f7f13fae1696698384acaf990d9a283588580c20f4908a6db3fda4645730
row_more_sep_row56_col7.csv	3350f7f13fae1696698384acaf990d9a283588580c20f4908a6db3fda4645730
row_more_sep_row56_col8.csv	3350f7f13fae1696698384acaf990d9a283588580c20f4908a6db3fda4645730
row_more_sep_row57_col0.csv	3350f7f13fae1696698384acaf990d9a283588580c20f4908a6db3fda4645730
row_more_sep_row57_col1.csv	3350f7f13fae1696698384acaf990d9a283588580c20f4908a6db3fda4645730
row_more_sep_row57_col2.csv	3350f7f13fae1696698384acaf990d9a283588580c20f4908a6db3fda4645730
row_more_sep_row57_col3.csv	3350f7f13fae1696698384acaf990d9a283588580c20f4908a6db3fda4645730
row_more_sep_row57_col4.csv	3350f7f13fae1696698384acaf990d9a283588580c20f4908a6db3fda4645730
row_more_sep_row57_col5.csv	3350f7f13fae1696698384acaf990d9a283588580c20f4908a6db3fda4645730
row_more_sep_row57_col6.csv	3350f7f13fae1696698384acaf990d9a283588580c20f4908a6db3fda4645730
row_more_sep_row57_col7.csv	3350f7f13fae1696698384acaf990d9a283588580c20f4908a6db3fda4645730
row_more_sep_row57_col8.csv	3350f7f13fae1696698384acaf990d9a283588580c20f4908a6db3fda4645730
row_more_sep_row58_col0.csv	3350f7f13fae1696698384acaf990d9a283588580c20f4908a6db3fda4645730
row_more_sep_row58_col1.csv	3350f7f13fae1696698384acaf990d9a283588580c20f4908a6db3fda4645730
row_more_sep_row58_col2.csv	3350f7f13fae1696698384acaf990d9a283588580c20f4908a6db3fda4645730
row_more_sep_row58_col3.csv	3350f7f13fae1696698384acaf990d9a283588580c20f4908a6db3fda4645730
row_more_sep_row58_col4.csv	3350f7f13fae1696698384acaf990d9a283588580c20f4908a6db3fda4645730
row_more_sep_row58_col5.csv	3350f7f13fae1696698384acaf990d9a283588580c20f4908a6db3fda4645730
row_more_sep_row58_col6.csv	3350f7f13fae1696698384acaf990d9a283588580c20f4908a6db3fda4645730
row_more_sep_row58_col7.csv	3350f7f13fae1696698384acaf990d9a283588580c20f4908a6db3fda4645730
row_more_sep_row58_col8.csv	3350f7f13fae1696698384acaf990d9a283588580c20f4908a6db3fda4645730
row_more_sep_row59_col0.csv	3350f7f13fae1696698384acaf990d9a283588580c20f4908a6db3fda4645730
row_more_sep_row59_col1.csv	3350f7f13fae1696698384acaf990d9a283588580c20f4908a6db3fda4645730
row_more_sep_row59_col2.csv	3350f7f13fae1696698384acaf990d9a283588580c20f4908a6db3fda4645730
row_more_sep_row59_col3.csv	3350f7f13fae1696698384acaf990d9a283588580c20f4908a6db3fda4645730
row_more_sep_row59_col4.csv	3350f7f13fae1696698384acaf990d9a283588580c20f4908a6db3fda4645730
row_more_sep_row59_col5.csv	3350f7f13fae1696698384acaf990d9a283588580c20f4908a6db3fda4645730
row_more_sep_row59_col6.csv	3350f7f13fae1696698384acaf990d9a283588580c20f4908a6db3fda4645730
row_more_sep_row59_col7.csv	3350f7f13fae1696698384acaf990d9a283588580c20f4908a6db3fda4645730
row_more_sep_row59_col8.csv	3350f7f13fae1696698384acaf990d9a283588580c20f4908a6db3fda4645730
row_more_sep_row5_col0.csv	3350f7f13fae1696698384acaf990d9a283588580c20f4908a6db3fda4645730
row_more_sep_row5_col1.csv	3350f7f13fae1696698384acaf990d9a283588580c20f4908a6db3fda4645730
row_more_sep_row5_col2.csv	3350f7f13fae1696698384acaf990d9a283588580c20f4908a6db3fda4645730
row_more_sep_row5_col3.csv	3350f7f13fae1696698384acaf990d9a283588580c20f4908a6db3fda4645730
row_more_sep_row5_col4.csv	3350f7f13fae1696698384acaf990d9a283588580c20f4908a6db3fda4645730
row_more_sep_row5_col5.csv	3350f7f13fae1696698384acaf990d9a283588580c20f4908a6db3fda4645730
row_more_sep_row5_col6.csv	3350f7f13fae1696698384acaf990d9a283588580c20f4908a6db3fda4645730
row_more_sep_row5_col7.csv	3350f7f13fae1696698384acaf990d9a283588580c20f4908a6db3fda4645730
row_more_sep_row5_col8.csv	3350f7f13fae1696698384acaf990d9a283588580c20f4908a6db3fda4645730
row_more_sep_row60_col0.csv	3350f7f13fae1696698384acaf990d9a283588580c20f4908a6db3fda4645730
row_more_sep_row60_col1.csv	3350f7f13fae1696698384acaf990d9a283588580c20f4908a6db3fda4645730
row_more_sep_row60_col2.csv	3350f7f13fae1696698384acaf990d9a283588580c20f4908a6db3fda4645730
row_more_sep_row60_col3.csv	3350f7f13fae1696698384acaf990d9a283588580c20f4908a6db3fda4645730
row_more_sep_row60_col4.csv	3350f7f13fae1696698384acaf990d9a283588580c20f4908a6db3fda4645730
row_more_sep_row60_col5.csv	3350f7f13fae1696698384acaf990d9a283588580c20f4908a6db3fda4645730
row_more_sep_row60_col6.csv	3350f7f13fae1696698384acaf990d9a283588580c20f4908a6db3fda4645730
row_more_sep_row60_col7.csv	3350f7f13fae1696698384acaf990d9a283588580c20f4908a6db3fda4645730
row_more_sep_row60_col8.csv	3350f7f13fae1696698384acaf990d9a283588580c20f4908a6db3fda4645730
row_more_sep_row61_col0.csv	3350f7f13fae1696698384acaf990d9a283588580c20f4908a6db3fda4645730
row_more_sep_row61_col1.csv	3350f7f13fae1696698384acaf990d9a283588580c20f4908a6db3fda4645730
row_more_sep_row61_col2.csv	3350f7f13fae1696698384acaf990d9a283588580c20f4908a6db3fda4645730
row_more_sep_row61_col3.csv	3350f7f13fae1696698384acaf990d9a283588580c20f4908a6db3fda4645730
row_more_sep_row61_col4.csv	3350f7f13fae1696698384acaf990d9a283588580c20f4908a6db3fda4645730
row_more_sep_row61_col5.csv	3350f7f13fae1696698384acaf990d9a283588580c20f4908a6db3fda4645730
row_more_sep_row61_col6.csv	3350f7f13fae1696698384acaf990d9a283588580c20f4908a6db3fda4645730
row_more_sep_row61_col7.csv	3350f7f13fae1696698384acaf990d9a283588580c20f4908a6db3fda4645730
row_more_sep_row61_col8.csv	3350f7f13fae1696698384acaf990d9a283588580c20f4908a6db3fda4645730
row_more_sep_row62_col0.csv	3350f7f13fae1696698384acaf990d9a283588580c20f4908a6db3fda4645730
row_more_sep_row62_col1.csv	3350f7f13fae1696698384acaf990d9a283588580c20f4908a6db3fda4645730
row_more_sep_row62_col2.csv	3350f7f13fae1696698384acaf990d9a283588580c20f4908a6db3fda4645730
row_more_sep_row62_col3.csv	3350f7f13fae1696698384acaf990d9a283588580c20f4908a6db3fda4645730
row_more_sep_row62_col4.csv	3350f7f13fae1696698384acaf990d9a283588580c20f4908a6db3fda4645730
row_more_sep_row62_col5.csv	3350f7f13fae1696698384acaf990d9a283588580c20f4908a6db3fda4645730
row_more_sep_row62_col6.csv	3350f7f13fae1696698384acaf990d9a283588580c20f4908a6db3fda4645730
row_more_sep_row62_col7.csv	3350f7f13fae1696698384acaf990d9a283588580c20f4908a6db3fda4645730
row_more_sep_row62_col8.csv	3350f7f13fae1696698384acaf990d9a283588580c20f4908a6db3fda4645730
row_more_sep_row63_col0.csv	3350f7f13fae1696698384acaf990d9a283588580c20f4908a6db3fda4645730
row_more_sep_row63_col1.csv	3350f7f13fae1696698384acaf990d9a283588580c20f4908a6db3fda4645730
row_more_sep_row63_col2.csv	3350f7f13fae1696698384acaf990d9a283588580c20f4908a6db3fda4645730
row_more_sep_row63_col3.csv	3350f7f13fae1696698384acaf990d9a283588580c20f4908a6db3fda4645730
row_more_sep_row63_col4.csv	3350f7f13fae1696698384acaf990d9a283588580c20f4908a6db3fda4645730
row_more_sep_row63_col5.csv	3350f7f13fae1696698384acaf990d9a283588580c20f4908a6db3fda4645730
row_more_sep_row63_col6.csv	3350f7f13fae1696698384acaf990d9a283588580c20f4908a6db3fda4645730
row_more_sep_row63_col7.csv	3350f7f13fae1696698384acaf990d9a283588580c20f4908a6db3fda4645730
row_more_sep_row63_col8.csv	3350f7f13fae1696698384acaf990d9a283588580c20f4908a6db3fda4645730
row_more_sep_row64_col0.csv	3350f7f13fae1696698384acaf990d9a283588580c20f4908a6db3fda4645730
row_more_sep_row64_col1.csv	3350f7f13fae1696698384acaf990d9a283588580c20f4908a6db3fda4645730
row_more_sep_row64_col2.csv	3350f7f13fae1696698384acaf990d9a283588580c20f4908a6db3fda4645730
row_more_sep_row64_col3.csv	3350f7f13fae1696698384acaf990d9a283588580c20f4908a6db3fda4645730
row_more_sep_row64_col4.csv	3350f7f13fae1696698384acaf990d9a283588580c20f4908a6db3fda4645730
row_more_sep_row64_col5.csv	3350f7f13fae1696698384acaf990d9a283588580c20f4908a6db3fda4645730
row_more_sep_row64_col6.csv	3350f7f13fae1696698384acaf990d9a283588580c20f4908a6db3fda4645730
row_more_sep_row64_col7.csv	3350f7f13fae1696698384acaf990d9a283588580c20f4908a6db3fda4645730
row_more_sep_row64_col8.csv	3350f7f13fae1696698384acaf990d9a283588580c20f4908a6db3fda4645730
row_more_sep_row65_col0.csv	3350f7f13fae1696698384acaf990d9a283588580c20f4908a6db3fda4645730
row_more_sep_row65_col1.csv	3350f7f13fae1696698384acaf990d9a283588580c20f4908a6db3fda4645730
row_more_sep_row65_col2.csv	3350f7f13fae1696698384acaf990d9a283588580c20f4908a6db3fda4645730
row_more_sep_row65_col3.csv	3350f7f13fae1696698384acaf990d9a283588580c20f4908a6db3fda4645730
row_more_sep_row65_col4.csv	3350f7f13fae1696698384acaf990d9a283588580c20f4908a6db3fda4645730
row_more_sep_row65_col5.csv	3350f7f13fae1696698384acaf990d9a283588580c20f4908a6db3fda4645730
row_more_sep_row65_col6.csv	3350f7f13fae1696698384acaf990d9a283588580c20f4908a6db3fda4645730
row_more_sep_row65_col7.csv	3350f7f13fae1696698384acaf990d9a283588580c20f4908a6db3fda4645730
row_more_sep_row65_col8.csv	3350f7f13fae1696698384acaf990d9a283588580c20f4908a6db3fda4645730
row_more_sep_row66_col0.csv	3350f7f13fae1696698384acaf990d9a283588580c20f4908a6db3fda4645730
row_more_sep_row66_col1.csv	3350f7f13fae1696698384acaf990d9a283588580c20f4908a6db3fda4645730
row_more_sep_row66_col2.csv	3350f7f13fae1696698384acaf990d9a283588580c20f4908a6db3fda4645730
row_more_sep_row66_col3.csv	3350f7f13fae1696698384acaf990d9a283588580c20f4908a6db3fda4645730
row_more_sep_row66_col4.csv	3350f7f13fae1696698384acaf990d9a283588580c20f4908a6db3fda4645730
row_more_sep_row66_col5.csv	3350f7f13fae1696698384acaf990d9a283588580c20f4908a6db3fda4645730
row_more_sep_row66_col6.csv	3350f7f13fae1696698384acaf990d9a283588580c20f4908a6db3fda4645730
row_more_sep_row66_col7.csv	3350f7f13fae1696698384acaf990d9a283588580c20f4908a6db3fda4645730
row_more_sep_row66_col8.csv	3350f7f13fae1696698384acaf990d9a283588580c20f4908a6db3fda4645730
row_more_sep_row67_col0.csv	3350f7f13fae1696698384acaf990d9a283588580c20f4908a6db3fda4645730
row_more_sep_row67_col1.csv	3350f7f13fae1696698384acaf990d9a283588580c20f4908a6db3fda4645730
row_more_sep_row67_col2.csv	3350f7f13fae1696698384acaf990d9a283588580c20f4908a6db3fda4645730
row_more_sep_row67_col3.csv	3350f7f13fae1696698384acaf990d9a283588580c20f4908a6db3fda4645730
row_more_sep_row67_col4.csv	3350f7f13fae1696698384acaf990d9a283588580c20f4908a6db3fda4645730
row_more_sep_row67_col5.csv	3350f7f13fae1696698384acaf990d9a283588580c20f4908a6db3fda4645730
row_more_sep_row67_col6.csv	3350f7f13fae1696698384acaf990d9a283588580c20f4908a6db3fda4645730
row_more_sep_row67_col7.csv	3350f7f13fae1696698384acaf990d9a283588580c20f4908a6db3fda4645730
row_more_sep_row67_col8.csv	3350f7f13fae1696698384acaf990d9a283588580c20f4908a6db3fda4645730
row_more_sep_row68_col0.csv	3350f7f13fae1696698384acaf990d9a283588580c20f4908a6db3fda4645730
row_more_sep_row68_col1.csv	3350f7f13fae1696698384acaf990d9a283588580c20f4908a6db3fda4645730
row_more_sep_row68_col2.csv	3350f7f13fae1696698384acaf990d9a283588580c20f4908a6db3fda4645730
row_more_sep_row68_col3.csv	3350f7f13fae1696698384acaf990d9a283588580c20f4908a6db3fda4645730
row_more_sep_row68_col4.csv	3350f7f13fae1696698384acaf990d9a283588580c20f4908a6db3fda4645730
row_more_sep_row68_col5.csv	3350f7f13fae1696698384acaf990d9a283588580c20f4908a6db3fda4645730
row_more_sep_row68_col6.csv	3350f7f13fae1696698384acaf990d9a283588580c20f4908a6db3fda4645730
row_more_sep_row68_col7.csv	3350f7f13fae1696698384acaf990d9a283588580c20f4908a6db3fda4645730
row_more_sep_row68_col8.csv	3350f7f13fae1696698384acaf990d9a283588580c20f4908a6db3fda4645730
row_more_sep_row69_col0.csv	3350f7f13fae1696698384acaf990d9a283588580c20f4908a6db3fda4645730
row_more_sep_row69_col1.csv	3350f7f13fae1696698384acaf990d9a283588580c20f4908a6db3fda4645730
row_more_sep_row69_col2.csv	3350f7f13fae1696698384acaf990d9a283588580c20f4908a6db3fda4645730
row_more_sep_row69_col3.csv	3350f7f13fae1696698384acaf990d9a283588580c20f4908a6db3fda4645730
row_more_sep_row69_col4.csv	3350f7f13fae1696698384acaf990d9a283588580c20f4908a6db3fda4645730
row_more_sep_row69_col5.csv	3350f7f13fae1696698384acaf990d9a283588580c20f4908a6db3fda4645730
row_more_sep_row69_col6.csv	3350f7f13fae1696698384acaf990d9a283588580c20f4908a6db3fda4645730
row_more_sep_row69_col7.csv	3350f7f13fae1696698384acaf990d9a283588580c20f4908a6db3fda4645730
row_more_sep_row69_col8.csv	3350f7f13fae1696698384acaf990d9a283588580c20f4908a6db3fda4645730
row_more_sep_row6_col0.csv	3350f7f13fae1696698384acaf990d9a283588580c20f4908a6db3fda4645730
row_more_sep_row6_col1.csv	3350f7f13fae1696698384acaf990d9a283588580c20f4908a6db3fda4645730
row_more_sep_row6_col2.csv	3350f7f13fae1696698384acaf990d9a283588580c20f4908a6db3fda4645730
row_more_sep_row6_col3.csv	3350f7f13fae1696698384acaf990d9a283588580c20f4908a6db3fda4645730
row_more_sep_row6_col4.csv	3350f7f13fae1696698384acaf990d9a283588580c20f4908a6db3fda4645730
row_more_sep_row6_col5.csv	3350f7f13fae1696698384acaf990d9a283588580c20f4908a6db3fda4645730
row_more_sep_row6_col6.csv	3350f7f13fae1696698384acaf990d9a283588580c20f4908a6db3fda4645730
row_more_sep_row6_col7.csv	3350f7f13fae1696698384acaf990d9a283588580c20f4908a6db3fda4645730
row_more_sep_row6_col8.csv	3350f7f13fae1696698384acaf990d9a283588580c20f4908a6db3fda4645730
row_more_sep_row70_col0.csv	3350f7f13fae1696698384acaf990d9a283588580c20f4908a6db3fda4645730
row_more_sep_row70_col1.csv	3350f7f13fae1696698384acaf990d9a283588580c20f4908a6db3fda4645730
row_more_sep_row70_col2.csv	3350f7f13fae1696698384acaf990d9a283588580c20f4908a6db3fda4645730
row_more_sep_row70_col3.csv	3350f7f13fae1696698384acaf990d9a283588580c20f4908a6db3fda4645730
row_more_sep_row70_col4.csv	3350f7f13fae1696698384acaf990d9a283588580c20f4908a6db3fda4645730
row_more_sep_row70_col5.csv	3350f7f13fae1696698384acaf990d9a283588580c20f4908a6db3fda4645730
row_more_sep_row70_col6.csv	3350f7f13fae1696698384acaf990d9a283588580c20f4908a6db3fda4645730
row_more_sep_row70_col7.csv	3350f7f13fae1696698384acaf990d9a283588580c20f4908a6db3fda4645730
row_more_sep_row70_col8.csv	3350f7f13fae1696698384acaf990d9a283588580c20f4908a6db3fda4645730
row_more_sep_row71_col0.csv	3350f7f13fae1696698384acaf990d9a283588580c20f4908a6db3fda4645730
row_more_sep_row71_col1.csv	3350f7f13fae1696698384acaf990d9a283588580c20f4908a6db3fda4645730
row_more_sep_row71_col2.csv	3350f7f13fae1696698384acaf990d9a283588580c20f4908a6db3fda4645730
row_more_sep_row71_col3.csv	3350f7f13fae1696698384acaf990d9a283588580c20f4908a6db3fda4645730
row_more_sep_row71_col4.csv	3350f7f13fae1696698384acaf990d9a283588580c20f4908a6db3fda4645730
row_more_sep_row71_col5.csv	3350f7f13fae1696698384acaf990d9a283588580c20f4908a6db3fda4645730
row_more_sep_row71_col6.csv	3350f7f13fae1696698384acaf990d9a283588580c20f4908a6db3fda4645730
row_more_sep_row71_col7.csv	3350f7f13fae1696698384acaf990d9a283588580c20f4908a6db3fda4645730
row_more_sep_row71_col8.csv	3350f7f13fae1696698384acaf990d9a283588580c20f4908a6db3fda4645730
row_more_sep_row72_col0.csv	3350f7f13fae1696698384acaf990d9a283588580c20f4908a6db3fda4645730
row_more_sep_row72_col1.csv	3350f7f13fae1696698384acaf990d9a283588580c20f4908a6db3fda4645730
row_more_sep_row72_col2.csv	3350f7f13fae1696698384acaf990d9a283588580c20f4908a6db3fda4645730
row_more_sep_row72_col3.csv	3350f7f13fae1696698384acaf990d9a283588580c20f4908a6db3fda4645730
row_more_sep_row72_col4.csv	3350f7f13fae1696698384acaf990d9a283588580c20f4908a6db3fda4645730
row_more_sep_row72_col5.csv	3350f7f13fae1696698384acaf990d9a283588580c20f4908a6db3fda4645730
row_more_sep_row72_col6.csv	3350f7f13fae1696698384acaf990d9a283588580c20f4908a6db3fda4645730
row_more_sep_row72_col7.csv	3350f7f13fae1696698384acaf990d9a283588580c20f4908a6db3fda4645730
row_more_sep_row72_col8.csv	3350f7f13fae1696698384acaf990d9a283588580c20f4908a6db3fda4645730
row_more_sep_row73_col0.csv	3350f7f13fae1696698384acaf990d9a283588580c20f4908a6db3fda4645730
row_more_sep_row73_col1.csv	3350f7f13fae1696698384acaf990d9a283588580c20f4908a6db3fda4645730
row_more_sep_row73_col2.csv	3350f7f13fae1696698384acaf990d9a283588580c20f4908a6db3fda4645730
row_more_sep_row73_col3.csv	3350f7f13fae1696698384acaf990d9a283588580c20f4908a6db3fda4645730
row_more_sep_row73_col4.csv	3350f7f13fae1696698384acaf990d9a283588580c20f4908a6db3fda4645730
row_more_sep_row73_col5.csv	3350f7f13fae1696698384acaf990d9a283588580c20f4908a6db3fda4645730
row_more_sep_row73_col6.csv	3350f7f13fae1696698384acaf990d9a283588580c20f4908a6db3fda4645730
row_more_sep_row73_col7.csv	3350f7f13fae1696698384acaf990d9a283588580c20f4908a6db3fda4645730
row_more_sep_row73_col8.csv	3350f7f13fae1696698384acaf990d9a283588580c20f4908a6db3fda4645730
row_more_sep_row74_col0.csv	3350f7f13fae1696698384acaf990d9a283588580c20f4908a6db3fda4645730
row_more_sep_row74_col1.csv	3350f7f13fae1696698384acaf990d9a283588580c20f4908a6db3fda4645730
row_more_sep_row74_col2.csv	3350f7f13fae1696698384acaf990d9a283588580c20f4908a6db3fda4645730
row_more_sep_row74_col3.csv	3350f7f13fae1696698384acaf990d9a283588580c20f4908a6db3fda4645730
row_more_sep_row74_col4.csv	3350f7f13fae1696698384acaf990d9a283588580c20f4908a6db3fda4645730
row_more_sep_row74_col5.csv	3350f7f13fae1696698384acaf990d9a283588580c20f4908a6db3fda4645730
row_more_sep_row74_col6.csv	3350f7f13fae1696698384acaf990d9a283588580c20f4908a6db3fda4645730
row_more_sep_row74_col7.csv	3350f7f13fae1696698384acaf990d9a283588580c20f4908a6db3fda4645730
row_more_sep_row74_col8.csv	3350f7f13fae1696698384acaf990d9a283588580c20f4908a6db3fda4645730
row_more_sep_row75_col0.csv	3350f7f13fae1696698384acaf990d9a283588580c20f4908a6db3fda4645730
row_more_sep_row75_col1.csv	3350f7f13fae1696698384acaf990d9a283588580c20f4908a6db3fda4645730
row_more_sep_row75_col2.csv	3350f7f13fae1696698384acaf990d9a283588580c20f4908a6db3fda4645730
row_more_sep_row75_col3.csv	3350f7f13fae1696698384acaf990d9a283588580c20f4908a6db3fda4645730
row_more_sep_row75_col4.csv	3350f7f13fae1696698384acaf990d9a283588580c20f4908a6db3fda4645730
row_more_sep_row75_col5.csv	3350f7f13fae1696698384acaf990d9a283588580c20f4908a6db3fda4645730
row_more_sep_row75_col6.csv	3350f7f13fae1696698384acaf990d9a283588580c20f4908a6db3fda4645730
row_more_sep_row75_col7.csv	3350f7f13fae1696698384acaf990d9a283588580c20f4908a6db3fda4645730
row_more_sep_row75_col8.csv	3350f7f13fae1696698384acaf990d9a283588580c20f4908a6db3fda4645730
row_more_sep_row76_col0.csv	3350f7f13fae1696698384acaf990d9a283588580c20f4908a6db3fda4645730
row_more_sep_row76_col1.csv	3350f7f13fae1696698384acaf990d9a283588580c20f4908a6db3fda4645730
row_more_sep_row76_col2.csv	3350f7f13fae1696698384acaf990d9a283588580c20f4908a6db3fda4645730
row_more_sep_row76_col3.csv	3350f7f13fae1696698384acaf990d9a283588580c20f4908a6db3fda4645730
row_more_sep_row76_col4.csv	3350f7f13fae1696698384acaf990d9a283588580c20f4908a6db3fda4645730
row_more_sep_row76_col5.csv	3350f7f13fae1696698384acaf990d9a283588580c20f4908a6db3fda4645730
row_more_sep_row76_col6.csv	3350f7f13fae1696698384acaf990d9a283588580c20f4908a6db3fda4645730
row_more_sep_row76_col7.csv	3350f7f13fae1696698384acaf990d9a283588580c20f4908a6db3fda4645730
row_more_sep_row76_col8.csv	3350f7f13fae1696698384acaf990d9a283588580c20f4908a6db3fda4645730
row_more_sep_row77_col0.csv	3350f7f13fae1696698384acaf990d9a283588580c20f4908a6db3fda4645730
row_more_sep_row77_col1.csv	3350f7f13fae1696698384acaf990d9a283588580c20f4908a6db3fda4645730
row_more_sep_row77_col2.csv	3350f7f13fae1696698384acaf990d9a283588580c20f4908a6db3fda4645730
row_more_sep_row77_col3.csv	3350f7f13fae1696698384acaf990d9a283588580c20f4908a6db3fda4645730
row_more_sep_row77_col4.csv	3350f7f13fae1696698384acaf990d9a283588580c20f4908a6db3fda4645730
row_more_sep_row77_col5.csv	3350f7f13fae1696698384acaf990d9a283588580c20f4908a6db3fda4645730
row_more_sep_row77_col6.csv	3350f7f13fae1696698384acaf990d9a283588580c20f4908a6db3fda4645730
row_more_sep_row77_col7.csv	3350f7f13fae1696698384acaf990d9a283588580c20f4908a6db3fda4645730
row_more_sep_row77_col8.csv	3350f7f13fae1696698384acaf990d9a283588580c20f4908a6db3fda4645730
row_more_sep_row78_col0.csv	3350f7f13fae1696698384acaf990d9a283588580c20f4908a6db3fda4645730
row_more_sep_row78_col1.csv	3350f7f13fae1696698384acaf990d9a283588580c20f4908a6db3fda4645730
row_more_sep_row78_col2.csv	3350f7f13fae1696698384acaf990d9a283588580c20f4908a6db3fda4645730
row_more_sep_row78_col3.csv	3350f7f13fae1696698384acaf990d9a283588580c20f4908a6db3fda4645730
row_more_sep_row78_col4.csv	3350f7f13fae1696698384acaf990d9a283588580c20f4908a6db3fda4645730
row_more_sep_row78_col5.csv	3350f7f13fae1696698384acaf990d9a283588580c20f4908a6db3fda4645730
row_more_sep_row78_col6.csv	3350f7f13fae1696698384acaf990d9a283588580c20f4908a6db3fda4645730
row_more_sep_row78_col7.csv	3350f7f13fae1696698384acaf990d9a283588580c20f4908a6db3fda4645730
row_more_sep_row78_col8.csv	3350f7f13fae1696698384acaf990d9a283588580c20f4908a6db3fda4645730
row_more_sep_row79_col0.csv	3350f7f13fae1696698384acaf990d9a283588580c20f4908a6db3fda4645730
row_more_sep_row79_col1.csv	3350f7f13fae1696698384acaf990d9a283588580c20f4908a6db3fda4645730
row_more_sep_row79_col2.csv	3350f7f13fae1696698384acaf990d9a283588580c20f4908a6db3fda4645730
row_more_sep_row79_col3.csv	3350f7f13fae1696698384acaf990d9a283588580c20f4908a6db3fda4645730
row_more_sep_row79_col4.csv	3350f7f13fae1696698384acaf990d9a283588580c20f4908a6db3fda4645730
row_more_sep_row79_col5.csv	3350f7f13fae1696698384acaf990d9a283588580c20f4908a6db3fda4645730
row_more_sep_row79_col6.csv	3350f7f13fae1696698384acaf990d9a283588580c20f4908a6db3fda4645730
row_more_sep_row79_col7.csv	3350f7f13fae1696698384acaf990d9a283588580c20f4908a6db3fda4645730
row_more_sep_row79_col8.csv	3350f7f13fae1696698384acaf990d9a283588580c20f4908a6db3fda4645730
row_more_sep_row7_col0.csv	3350f7f13fae1696698384acaf990d9a283588580c20f4908a6db3fda4645730
row_more_sep_row7_col1.csv	3350f7f13fae1696698384acaf990d9a283588580c20f4908a6db3fda4645730
row_more_sep_row7_col2.csv	3350f7f13fae1696698384acaf990d9a283588580c20f4908a6db3fda4645730
row_more_sep_row7_col3.csv	3350f7f13fae1696698384acaf990d9a283588580c20f4908a6db3fda4645730
row_more_sep_row7_col4.csv	3350f7f13fae1696698384acaf990d9a283588580c20f4908a6db3fda4645730
row_more_sep_row7_col5.csv	3350f7f13fae1696698384acaf990d9a283588580c20f4908a6db3fda4645730
row_more_sep_row7_col6.csv	3350f7f13fae1696698384acaf990d9a283588580c20f4908a6db3fda4645730
row_more_sep_row7_col7.csv	3350f7f13fae1696698384acaf990d9a283588580c20f4908a6db3fda4645730
row_more_sep_row7_col8.csv	3350f7f13fae1696698384acaf990d9a283588580c20f4908a6db3fda4645730
row_more_sep_row80_col0.csv	3350f7f13fae1696698384acaf990d9a283588580c20f4908a6db3fda4645730
row_more_sep_row80_col1.csv	3350f7f13fae1696698384acaf990d9a283588580c20f4908a6db3fda4645730
row_more_sep_row80_col2.csv	3350f7f13fae1696698384acaf990d9a283588580c20f4908a6db3fda4645730
row_more_sep_row80_col3.csv	3350f7f13fae1696698384acaf990d9a283588580c20f4908a6db3fda4645730
row_more_sep_row80_col4.csv	3350f7f13fae1696698384acaf990d9a283588580c20f4908a6db3fda4645730
row_more_sep_row80_col5.csv	3350f7f13fae1696698384acaf990d9a283588580c20f4908a6db3fda4645730
row_more_sep_row80_col6.csv	3350f7f13fae1696698384acaf990d9a283588580c20f4908a6db3fda4645730
row_more_sep_row80_col7.csv	3350f7f13fae1696698384acaf990d9a283588580c20f4908a6db3fda4645730
row_more_sep_row80_col8.csv	3350f7f13fae1696698384acaf990d9a283588580c20f4908a6db3fda4645730
row_more_sep_row81_col0.csv	3350f7f13fae1696698384acaf990d9a283588580c20f4908a6db3fda4645730
row_more_sep_row81_col1.csv	3350f7f13fae1696698384acaf990d9a283588580c20f4908a6db3fda4645730
row_more_sep_row81_col2.csv	3350f7f13fae1696698384acaf990d9a283588580c20f4908a6db3fda4645730
row_more_sep_row81_col3.csv	3350f7f13fae1696698384acaf990d9a283588580c20f4908a6db3fda4645730
row_more_sep_row81_col4.csv	3350f7f13fae1696698384acaf990d9a283588580c20f4908a6db3fda4645730
row_more_sep_row81_col5.csv	3350f7f13fae1696698384acaf990d9a283588580c20f4908a6db3fda4645730
row_more_sep_row81_col6.csv	3350f7f13fae1696698384acaf990d9a283588580c20f4908a6db3fda4645730
row_more_sep_row81_col7.csv	3350f7f13fae1696698384acaf990d9a283588580c20f4908a6db3fda4645730
row_more_sep_row81_col8.csv	3350f7f13fae1696698384acaf990d9a283588580c20f4908a6db3fda4645730
row_more_sep_row82_col0.csv	3350f7f13fae1696698384acaf990d9a283588580c20f4908a6db3fda4645730
row_more_sep_row82_col1.csv	3350f7f13fae1696698384acaf990d9a283588580c20f4908a6db3fda4645730
row_more_sep_row82_col2.csv	3350f7f13fae1696698384acaf990d9a283588580c20f4908a6db3fda4645730
row_more_sep_row82_col3.csv	3350f7f13fae1696698384acaf990d9a283588580c20f4908a6db3fda4645730
row_more_sep_row82_col4.csv	3350f7f13fae1696698384acaf990d9a283588580c20f4908a6db3fda4645730
row_more_sep_row82_col5.csv	3350f7f13fae1696698384acaf990d9a283588580c20f4908a6db3fda4645730
row_more_sep_row82_col6.csv	3350f7f13fae1696698384acaf990d9a283588580c20f4908a6db3fda4645730
row_more_sep_row82_col7.csv	3350f7f13fae1696698384acaf990d9a283588580c20f4908a6db3fda4645730
row_more_sep_row82_col8.csv	3350f7f13fae1696698384acaf990d9a283588580c20f4908a6db3fda4645730
row_more_sep_row83_col0.csv	3350f7f13fae1696698384acaf990d9a283588580c20f4908a6db3fda4645730
row_more_sep_row83_col1.csv	3350f7f13fae1696698384acaf990d9a283588580c20f4908a6db3fda4645730
row_more_sep_row83_col2.csv	3350f7f13fae1696698384acaf990d9a283588580c20f4908a6db3fda4645730
row_more_sep_row83_col3.csv	3350f7f13fae1696698384acaf990d9a283588580c20f4908a6db3fda4645730
row_more_sep_row83_col4.csv	3350f7f13fae1696698384acaf990d9a283588580c20f4908a6db3fda4645730
row_more_sep_row83_col5.csv	3350f7f13fae1696698384acaf990d9a283588580c20f4908a6db3fda4645730
row_more_sep_row83_col6.csv	3350f7f13fae1696698384acaf990d9a283588580c20f4908a6db3fda4645730
row_more_sep_row83_col7.csv	3350f7f13fae1696698384acaf990d9a283588580c20f4908a6db3fda4645730
row_more_sep_row83_col8.csv	3350f7f13fae1696698384acaf990d9a283588580c20f4908a6db3fda4645730
row_more_sep_row8_col0.csv	3350f7f13fae1696698384acaf990d9a283588580c20f4908a6db3fda4645730
row_more_sep_row8_col1.csv	3350f7f13fae1696698384acaf990d9a283588580c20f4908a6db3fda4645730
row_more_sep_row8_col2.csv	3350f7f13fae1696698384acaf990d9a283588580c20f4908a6db3fda4645730
row_more_sep_row8_col3.csv	3350f7f13fae1696698384acaf990d9a283588580c20f4908a6db3fda4645730
row_more_sep_row8_col4.csv	3350f7f13fae1696698384acaf990d9a283588580c20f4908a6db3fda4645730
row_more_sep_row8_col5.csv	3350f7f13fae1696698384acaf990d9a283588580c20f4908a6db3fda4645730
row_more_sep_row8_col6.csv	3350f7f13fae1696698384acaf990d9a283588580c20f4908a6db3fda4645730
row_more_sep_row8_col7.csv	3350f7f13fae1696698384acaf990d9a283588580c20f4908a6db3fda4645730
row_more_sep_row8_col8.csv	3350f7f13fae1696698384acaf990d9a283588580c20f4908a6db3fda4645730
row_more_sep_row9_col0.csv	3350f7f13fae1696698384acaf990d9a283588580c20f4908a6db3fda4645730
row_more_sep_row9_col1.csv	3350f7f13fae1696698384acaf990d9a283588580c20f4908a6db3fda4645730
row_more_sep_row9_col2.csv	3350f7f13fae1696698384acaf990d9a283588580c20f4908a6db3fda4645730
row_more_sep_row9_col3.csv	3350f7f13fae1696698384acaf990d9a283588580c20f4908a6db3fda4645730
row_more_sep_row9_col4.csv	3350f7f13fae1696698384acaf990d9a283588580c20f4908a6db3fda4645730
row_more_sep_row9_col5.csv	3350f7f13fae1696698384acaf990d9a283588580c20f4908a6db3fda4645730
row_more_sep_row9_col6.csv	3350f7f13fae1696698384acaf990d9a283588580c20f4908a6db3fda4645730
row_more_sep_row9_col7.csv	3350f7f13fae1696698384acaf990d9a283588580c20f4908a6db3fda4645730
row_more_sep_row9_col8.csv	3350f7f13fae1696698384acaf990d9a283588580c20f4908a6db3fda4645730
source.csv	3350f7f13fae1696698384acaf990d9a283588580c20f4908a6db3fda4645730
