md5	source	annotator	delimiter	quotechar	escapechar	bytes	url
00eb68dca3507abb10b30475ae44d2c5	github	human	","	"\""	""	530	https://raw.githubusercontent.com/franciscom/testlink-code-playground/76f1a6676a962ce6deb2653dde418e0abca95367/docs/file_examples/requirements/engine_reqs_2.csv
00f41377342a8249b3385f9452b09dd0	github	normal	"\t"	""	""	265	https://raw.githubusercontent.com/clholgat/Fall11/cebeddd1d3ad35126d42ed5f12dbbc54c210e84f/ST370/carson_holgate_data.csv
01173939de9922f6df842304e5b70796	github	normal	"\t"	""	""	3728	https://raw.githubusercontent.com/serso/android-calculatorpp/7da69a20838710da065f9d28b2131e608bcbb9db/app/src/test/resources/org/solovyev/android/calculator/model/nb_table.csv
02a4ede17e5ac3c706351afe64b212b9	github	human	","	"\""	""	40016	https://raw.githubusercontent.com/jeyrb/playpen/212cd57eb79cb24c5ce7ebc36ab8b0f16a9c8fa2/iphone1/glasgow-veggie.csv
02a9094371d6e6e9cd02552fdbbaf31b	github	human	","	"\""	""	82026	https://raw.githubusercontent.com/nkapser/studyp/dd14449f54bf04f23eb5555a7af2cdd92ea6b1aa/db/data/college-address-seats.csv
046b3418031b1a67127b6adf62ece75e	github	human	","	""	""	362	https://raw.githubusercontent.com/tazzben/csvToLedger/30b177548f6e5bf7605b264bfb113096691e91bf/sample_csvs/expenses.csv
0476b562bb101c3c3c7cef585376cfe0	github	human	","	"\""	""	236807	https://raw.githubusercontent.com/bewest/insulaudit/2e2e44bfc1a2b28c57690e9b58ce4b8220cb2ffc/pcap/andy/CareLink-Export-1319060221528.csv
0624df95ed28dde56ffd83bc2bfd0eb4	github	normal	","	""	""	2602	https://raw.githubusercontent.com/ilblackdragon/pymisc/346dde16c417e6d217ff13ef495a3cab8c6167e4/examples/data/iris.csv
0640d6810aedf0763f59bbf63449dcd1	github	human	","	"\""	""	79112	https://raw.githubusercontent.com/rgan/birthdefectstracker/7884dd5721292b83c62579672b96949025f7b8ec/war/WEB-INF/NAIC.csv
064b283376123b2f21b7e9e9dfd55b83	github	human	","	""	""	43325	https://raw.githubusercontent.com/firnsy/loco/35f46f4e56a0f46dc5d6173cc2a0b846ec9f0af2/tests/1.csv
067af7c63b48b113514eba39cb2a50cc	github	normal	","	""	""	112	https://raw.githubusercontent.com/LukasKoudela/agros2d/7582e0a1a45bc092e07b06e9beddc89bf5f360e6/resources/examples/PythonLab/Polynomial%20regression.csv
06a52f791dd3d78903cbf96f05ccb1d1	github	human	","	""	""	113	https://raw.githubusercontent.com/dcobas/cvorj/f40fde6df1c93ff7758e918d045c47a3835ae093/ctc_mod.csv
06b08f8ca4ef8c7b458155feff896fe4	github	normal	","	""	""	2145	https://raw.githubusercontent.com/jackbunny/Astraeus/273387afc219d8ef2757e1872234163970a9306e/point_five/tests/kinematicsdata.csv
08194ba47d5ea863220e66b24ce889ae	github	human	","	""	""	17	https://raw.githubusercontent.com/cornelius/inqlude/bb12e902a84cd9a98ef3402c2bb0fa184bb149e0/topics/Manifest_updater/topics.csv
0827c26a13481eeaf5183626bd48c057	github	human	","	""	""	484	https://raw.githubusercontent.com/tante/fahrgemeinschaft/b250a4cdd044621340bf89a4d44fbdb452b2c996/data.csv
08b5e7ec6126b220659cda369677ce55	github	normal	","	""	""	2131	https://raw.githubusercontent.com/tlossen/cloudexchange.org/2ebb1c1d8015e3e581a183a28b282aa8ba20e87f/app/public/data/regular.csv
090a25645786f0379b0f97e56280f90e	github	human	":"	""	""	1210	https://raw.githubusercontent.com/LANC003/lanc-webif/85292666eee3c32d3899b9f4b37de13fdfeaeb12/usr/lib/webif/apn.csv
0a76ba38d6ac47164ee1507fba1d9050	github	normal	";"	""	""	530	https://raw.githubusercontent.com/frcoelho/pesti/a6768a3c3488bd4c80d3258e35a722d8b11d513e/results/crcr/pesti-results.csv
0a8baad8ff30df59c7e29929e2feb83b	github	human	","	""	""	15358	https://raw.githubusercontent.com/ck1125/sikuli/135e91cbb96f5e181158abe9a65fc71438902819/utils/jacoco/coverage/coverage.csv
0b2acfa908b08850803407db6d82db30	github	human	"\t"	""	""	519	https://raw.githubusercontent.com/mysociety/fixmytransport/ba3b2e73799a470d498fab1368ba2780488a797a/data/NPTDR/manual_stops.csv
0bc58d3f531d9c77591c3be31a22b23d	github	normal	";"	"\""	""	1100	https://raw.githubusercontent.com/rweverwijk/neo4jworkshop/767e7c7fef112224d4a92fed53dd0ace6d21167c/src/test/resources/commission.csv
0c0d044ba6785848a3d4228ea9dec3da	github	normal	","	""	""	667	https://raw.githubusercontent.com/swenker/ministone/a34ff9283d8b0cdeca1e8463efd68c083337320a/javascript/d3/devices_all_unique.csv
0c97561e2c7b67ff9b7d914ce3d8dd32	github	human	","	""	""	30866	https://raw.githubusercontent.com/polytech-projet-ig3/projet/99a96833747109362b0e9d188404aa522c013dec/villes.csv
0c9f7a41e130d411c4538aa54fc91a5e	github	human	","	"\""	""	293	https://raw.githubusercontent.com/kdar/bitpim2google/5b4964c50d3ce13bff7bb83180d9c8f5f665b0a5/example/bitpim%20input.csv
0cc4d168573a07a63814ab4131572fd8	github	normal	","	""	""	4626	https://raw.githubusercontent.com/DGaffney/140kit_sandbox/19be3a2f0b19378bc7afc0240e95cf97373cf05d/raw2.csv
100d07759142cdc015f70e4244565b9d	github	normal	","	"\""	""	25509	https://raw.githubusercontent.com/laabroo/NgixingApps/293adbc5996cdc7293d50ef957c2de8ac6763a95/.metadata/.plugins/org.eclipse.epp.usagedata.recording/upload0.csv
105a13e004656b5463f0127d20b57840	github	human	";"	"\""	""	835	https://raw.githubusercontent.com/liu-chong/wxbanker/386824c91b5b6caab6203d982128c111ee6a0272/src/wxbanker/data/fixtures/Sparkasse.csv
11e919e0295c972c6409754f75f6ceb2	github	human	","	"\""	"\\"	16222	https://raw.githubusercontent.com/HBehrens/phonet4n/13f023bfc670476a0ac68eabef38eaf7a696616b/rules/german_1.csv
12381e1b36981482cb53cef74a1f8aa0	github	normal	"\t"	""	""	841	https://raw.githubusercontent.com/zaggo/ReplicatorG/3b2bca3e1c374fe04a744e1bde868f1b600f0c81/skeinforge/prefs/cupcake-abs/fill.csv
132366d68c5ba73a7deacead82dbbaa2	github	normal	","	""	""	623	https://raw.githubusercontent.com/HTML5Wiki/HTML5Wiki/c54e069eba2af6408bb489e0cdf7ec7e91b6d5e0/doc/statistics/foreign-code.csv
145855af10cf5f943f28fb93bc9bc142	github	human	","	"\""	""	36998	https://raw.githubusercontent.com/auranet/adb-demo/577c115378742fede4a847c46547e8613d7f19fd/test/fixtures/mlrs.csv
14cdcd997915c9ed249965a96e582202	github	human	","	""	""	3324	https://raw.githubusercontent.com/cognitom/ModernAqua-Theme-for-SugarCRM/04380d0ed8894cf68c28e5138fa58075d212b736/ModernAqua/icon_info.csv
14e64880baf15f1380a80107d6db0bc7	github	human	","	""	""	110	https://raw.githubusercontent.com/kanban/kanban-app/f9f57acf0b395907d27bd3a997cb51be9ac213f6/src/test/resources/Test%20Project%202/feature.csv
155d71ce0ad0ec4fc49142b758d8f325	github	human	","	""	""	1485	https://raw.githubusercontent.com/shalomb/dotfiles/583e2bc20f63408fbe3298582b09c4390db353d4/.idesktop/iconbar-hermes.csv
168e3d3ce07d0ae7bda4448dd497b9f5	github	normal	";"	""	""	1336	https://raw.githubusercontent.com/Kibo/irregularVerbs/2dc9f07c3f832566c216d4927328e4ffeb53c723/import/irregular.csv
16b500398983f0b6b3b8c01dbeb899a5	github	human	""	"\""	""	83	https://raw.githubusercontent.com/barrettclark/jquery-governance/a43131b5b5747323ebc7a8e32866e26f895fe4d9/db/seeds/tags.csv
16e16b19f13fda198fa662fd46ccff52	github	human	","	"\""	""	226	https://raw.githubusercontent.com/awingert/Balihoo-Rest-Client-Helpers/8db54655203e19a4429f93aa510d4447d4f42a67/samples/testDataLoad1.csv
18044f19b3697520c36393e2968fdec8	github	human	","	"\""	""	15159	https://raw.githubusercontent.com/joidegn/Bachelor-thesis/e6247e9f9a2e121b27e9de72fc16645eefee9d35/Data/AL%20in%20D%20simple%20%28only%20table%29.csv
18642cfdec71819bf4e615cb5512e5b2	github	human	","	"\""	""	50	https://raw.githubusercontent.com/hugocorbucci/Lojinha-Online/e63215715e6e384f7688848f67d2acbeda9d96c2/products.csv
189b3991a3b20e5988b7e08608e2433c	github	normal	","	"\""	""	25994	https://raw.githubusercontent.com/mkozeny/Intro_to_Computer_Forensics/07ce1aa1ebeaae00c0320ae20efb85f86b8342e1/reports/.metadata/.plugins/org.eclipse.epp.usagedata.recording/upload0.csv
1b0ea2dbcf39038571a9773f2ea695a3	github	human	";"	"\""	""	114	https://raw.githubusercontent.com/fnk/java-utils-text/d6e09c593845080669e301f92cd7c4b3e571af57/src/test/resources/csv/cp1252.csv
1ba7e5325de3d7831e07aabaacfa0763	github	normal	","	"\""	""	2858	https://raw.githubusercontent.com/gut/MC011-G06-1s2011/d45302b9c7350bf9ca50d89bf4ffaf5c8cab3b6c/MiniJavaAluno/.metadata/.plugins/org.eclipse.epp.usagedata.recording/upload0.csv
1bb55ea87fe8694109fa0850b43774c5	github	normal	","	"\""	""	110	https://raw.githubusercontent.com/fedegl/condominios/d93f14c613a479d052361b33c336624e271727ab/db/csv/complex_types.csv
1c0dd059572b284dcdbb19148cb0bf19	github	normal	""	""	""	6498	https://raw.githubusercontent.com/davidcoallier/easybib-cookbooks/52a4b06b252ed9de9a1ded5ed9b72385ceb36f77/tsung/files/default/listids.csv
1c59f76345b07c8cff982f67fd80f7bd	github	human	","	"\""	""	10107	https://raw.githubusercontent.com/magebidforktest/Magebid/8581c9e38003fe5d70bcf9e25d864daad3c75c1e/app/locale/de_DE/Mbid_Magebid.csv
1d2675b5d8230d5ffdd2d2a67bc204c0	github	normal	","	"\""	""	181	https://raw.githubusercontent.com/gisce/proxy/cb4256853db476df830d1c995a2a78a85730de72/security/ir.model.access.csv
1d3a3adae5475f942c7f6722058ed535	github	normal	","	"\""	""	26933	https://raw.githubusercontent.com/rapidftr/RapidFTR---BlackBerry-Edition/c10c1be0570a7baf18d781f7024de53e0f11d199/.metadata/.plugins/org.eclipse.epp.usagedata.recording/upload0.csv
1de3886f4f34ec760a8408a2858f946d	github	human	","	""	""	10444	https://raw.githubusercontent.com/sbrossie/zuora-catalog/6d355598c4ba3732433be75ea7f9e4bc6f04dac4/test/data/catalog_ref.csv
1ed9d0b7a7a1dea9bcb1bdfd880abe3e	github	normal	","	"\""	""	171	https://raw.githubusercontent.com/dstywho/podcast_csv/fdb775b6ae8f5b11a5f5cbbc8f4a477277f69f3a/podcasts.csv
1f18b9ece4b0b8307400ec2861b759ec	github	normal	";"	""	""	3233	https://raw.githubusercontent.com/scurrility/TIT08AIB.WBS.NN/35877b7896d6abfde95832df42da662ad3b06935/gruppe_ca6_t1.csv
1f9eac4e642e69f224a15f6975b2350c	github	normal	","	"\""	""	97662	https://raw.githubusercontent.com/juddblair/Euclid-Demo/fe5bc4ef51710d1dbd1ce2684851ddc261010839/sample.csv
205b5617527dfd5d0f5860ab72ea8eac	github	normal	","	""	""	808	https://raw.githubusercontent.com/qrunchmonkey/Super-Shotgun-Deathrace/2a958ab230a27bc680120727c538004a0b078299/src/data/Background0.csv
2096fdbfc7f025e2c5ec7cd5da71653e	ukdata	human	","	"\""	""	782	https://www.gov.uk/government/uploads/system/uploads/attachment_data/file/80112/sia-table-11.csv
20ed479386fe4fd2ed660823192b0099	github	normal	","	""	""	872	https://raw.githubusercontent.com/Vengadeswaran/TimeSheet-Project/d176f69f09f54fb7c4e3545a6454448b7315339f/CIMB%20TimeSheet%20Application/CIMB_TimeSheet_RMS/CSVFiles/210311094923326.csv
21715a67fd7cae168c899d871ad3e52d	ukdata	human	","	"\""	""	6189	https://www.gov.uk/government/uploads/system/uploads/attachment_data/file/565278/workforce-management-information-dft-201605.csv
21cde7f77b3f5fc3a670c166ae381776	github	human	","	"\""	""	332	https://raw.githubusercontent.com/cgsoftware/VariantiBase/b0c22b96d22932ff4219a3e130cb7b163b965ea0/security/ir.model.access.csv
21e2665f375198f348186af07a4168d8	github	human	"%"	"\""	""	939	https://raw.githubusercontent.com/alextfish/multiverse/18e2d64a081202e6d88fbd1bd5f9f5d51f1f9f51/Fewcards.csv
2204f771ac0a4936a38a81611134b114	github	normal	","	"\""	""	25841	https://raw.githubusercontent.com/ncraycraft/Project-euler/40f1d7c26d1797624bd34fad72cd06df2292e647/.metadata/.plugins/org.eclipse.epp.usagedata.recording/upload0.csv
22db08a44433297dca7bad5c627d9c41	ukdata	human	","	"\""	""	5524	http://www.nationalgallery.org.uk/upload/csv/transparency-return-march-2017.csv
2309288a00a0464b88bb43ece1f8eb25	github	human	","	""	""	49	https://raw.githubusercontent.com/WhiteOwl/Barley-break/532268e391c5fb1879ec9b777a1fbd6f079a165e/db/default_content.csv
231ec924c8c214808e4bd77b1244da67	github	human	","	""	""	24206	https://raw.githubusercontent.com/neilfws/BioStar/39a53b6a4daefa900de28e48cca4c59e233d6a18/data/latlong.csv
231f0d25b3c702041e81997c2b2b3a96	github	human	";"	""	""	3929	https://raw.githubusercontent.com/janaya/swc2rdf/0b818839cfa824c5f30870d76ac652957696e20e/data/rr2008-data/chairs_rr2008.csv
236d371999b17240ef39dd6da46f01f1	github	normal	","	""	""	319	https://raw.githubusercontent.com/WilDoane/RTutorial/43beeeb8d9e4e4e08f31e0bc9dbbf7ca9ed07d8a/rawdata.csv
238a3a16f7a6de76db9b351e42262daa	github	human	""	""	""	70000	https://raw.githubusercontent.com/majek/dump/acbafbede6df9a6a9b777ed027c2e19619c87cb2/concurrent-read/norm.csv
24329d7e6b80a984dfa7c6db7128923e	github	human	","	"\""	""	74489	https://raw.githubusercontent.com/HiFiSamurai/CCCP/cb57d2962bff65e2d26665eeefc7d28b3623545a/dummyData.csv
244d5557a51700f937d13b37e4ef9058	ukdata	human	","	""	""	1335	https://plymouth.thedata.place/dataset/67cb45cd-7c9b-4c07-b689-130931a3e7aa/resource/55846744-fa18-4fe5-9cb9-330b8771c678/download/029-13-households-by-composition-plymstock-dunstone.csv
247b612a256fa87076af74c7acf5804a	github	human	"\t"	""	""	5541	https://raw.githubusercontent.com/bcdev/calvalus2/fc50e12f42d0fb741ca11cd358f4ed357c656523/calvalus-processing/src/main/resources/com/bc/calvalus/processing/ta/oc_cci.South_Pacific_Gyre.csv
24b33a5eb665fc6f93c4a8a94a13416f	github	human	","	"\""	""	8090	https://raw.githubusercontent.com/whitethunder/moscalc/ef53bd9d2edb13fe7fef193250004dc53bd2fb7f/results.csv
24dff1d287de7f017b26f46a5ca9483a	github	normal	";"	""	""	279	https://raw.githubusercontent.com/Dahie/DDS-Utils/99e98f34bc332611b85df95aea992d1cdda61cd5/Badds/src/de/danielsenff/badds/resources/presets.csv
25204255f9b22f5f62870b133b17ec14	ukdata	human	","	"\""	""	1218	http://www.nhm.ac.uk/transparency/hr/2010-06-30-senior-staff-posts-dataset.csv
254d714189c1061b3b024bfa8f7e02ac	ukdata	human	","	"\""	""	26670	https://www.eden.gov.uk/media/4524/council-spending-over-500-december-2017.csv
25693a4380c5fd7e426af84e036ec452	ukdata	human	","	"\""	""	229596	https://www.gov.uk/government/uploads/system/uploads/attachment_data/file/226187/20130731_gpc_spend_May13.csv
25982cadd91b910002239e4c4d71afe9	github	normal	","	""	""	149243	https://raw.githubusercontent.com/offensivepolitics/chicago-mayor-2011/befd0daafe520116c22f48f72633d2af25fbaab7/precincts.csv
25bdb47df7f1d3a9303b91491d2139d9	github	human	","	""	""	3431	https://raw.githubusercontent.com/jmct/WriteUp/9fc204cd0597728e1c83fe6afe53136297b8c56e/wordCount.csv
26414ac053a3a1fbdb00c65bba3ae60b	ukdata	normal	","	"\""	""	289	https://www.gov.uk/government/uploads/system/uploads/attachment_data/file/212405/bmspadhospitalityjanmar2013.csv
265edc03b97a7ce326063ab0fcaefb2f	ukdata	human	","	"\""	""	2004	http://www.nationalgallery.org.uk/upload/csv/transparency-return-February_2011-Return.csv
2685c0379f1a00961d34d8432f705b68	github	normal	","	""	""	2608	https://raw.githubusercontent.com/EqualMedia/dojox/727c967d121bf9a78658419e9ecf049fa4b13a49/treemap/tests/freight.csv
26d5cd5438639f4f4450b4ff2d30cac3	github	human	","	""	""	157	https://raw.githubusercontent.com/garethr/appengine-books/d66562f0af7885949d36883551c8bac4cd323efe/ws/books.csv
270f6c94f4a8fb30b6d98bf1ff72f13b	github	normal	","	"\""	""	12327	https://raw.githubusercontent.com/mberg1120/LoveCraft/55cea830ca24f31311bb3a5ca6f89dfcf9333154/.metadata/.plugins/org.eclipse.epp.usagedata.recording/usagedata.csv
28dc875eaa7384fc111860237af938df	github	normal	""	""	""	22	https://raw.githubusercontent.com/it-workshop/UniSched/d14f4168b19eb617d6791ab3c3e75237422b3d3d/fixtures/events.csv
296032483cb85953dd925f4b418a2ba5	github	human	","	""	""	56001	https://raw.githubusercontent.com/zaza/fiz-gpw/74d3343a57a74a8e8514dad1f32a09d00c16da9e/data/arkafrn12_d.csv
2979753c16b2eb3c5912a8cf44be39c9	github	normal	","	"\""	""	133865	https://raw.githubusercontent.com/Mayeu/iscoco/2cbd33e00b4915dd1f6847da3a44f611f54172a2/Chen_Hall_Chklovskii_2006.csv
29c322dadb7de83cc76a1ba7c6b1a131	github	human	","	""	""	386	https://raw.githubusercontent.com/MarkusH/pyChallenge/b1d256a407722dded3fa59fa5be5b69471d54665/docs/constants.csv
29c65081b6a29a829f8de4351299af98	github	normal	","	""	""	105	https://raw.githubusercontent.com/leeoniya/dump_r.php/18e88b1dfcdb824bc2ae6540707b784cf77b7947/test/data/people.csv
29dd66b1d591427725c281f47ff62bad	github	normal	","	""	""	689	https://raw.githubusercontent.com/tquoc229/git_test/0ab2bd86228537feaabb60f7e33c31a932f620e5/random_zones.csv
2ad31214f67a07149192c9e1d0b19387	github	normal	","	"\""	""	287	https://raw.githubusercontent.com/yourenglishsolution/YES-ML/a8c7e94e6ff26f4d90fcf8ccca22ed2e640f3f7b/files/common/iofiles/demo_20060313_095630.csv
2adb6d6ef27e89ed1f8e24dba231da11	github	human	","	""	""	37506	https://raw.githubusercontent.com/ox-it/time-series-api/3e5a78a2ac490bd3321df5ae452512a3bf7756d9/openorg_timeseries/demo/data/example_data.csv
2aebc878ac1c87c479d0a510a2a562b4	ukdata	human	","	"\""	""	2391	http://data.defra.gov.uk/statistics_2015/food/poultry_income.csv
2b0714140014539bceaf253452c1a4d1	github	human	","	""	""	414	https://raw.githubusercontent.com/bcampbell/metareadability/00e331df348dc08407f02c2320c9e4711b4fb50f/metareadability/test/aspirational/belfasttelegraph.co.uk.csv
2b16e79057c817ece75fdc63ce43a334	ukdata	human	","	"\""	""	101105	https://www.gov.uk/government/uploads/system/uploads/attachment_data/file/696159/dhsc-spend-over-25000-february-2018.csv
2b678828781fb890c3718d240ec9ce37	github	human	","	"\""	""	25605	https://raw.githubusercontent.com/da319/CULS/c62fa3d736ef5e7732865354bd308b92688a2389/wp-content/plugins/sitepress-multilingual-cms/res/languages.csv
2b723d1427567abae55446f1dea30141	ukdata	human	","	"\""	""	409	https://www.gov.uk/government/uploads/system/uploads/attachment_data/file/98681/meetings-external-ghosh.csv
2b795380c0723fb67962481432341b22	ukdata	human	","	""	""	153991	http://www.royalgreenwich.gov.uk/download/downloads/id/2047/february_2014_payments_over_500_csv.csv
2bbbcb3f40018ffcfee0c4af3b0c88b8	ukdata	human	","	"\""	""	800	https://www.gov.uk/government/uploads/system/uploads/attachment_data/file/343025/Table_6_Total_identifiable_expenditure_on_services_by_country_and_region_08-09_to_12-13.csv
2bd198e7465a78e3cac10a47963fb784	github	normal	","	"\""	""	75712	https://raw.githubusercontent.com/johnmyleswhite/cyclical_weather/019b7a01dc7e650a42da70f807c5c2cc3af24e9e/data/new_york.csv
2cb42139c8d25d09fa1878f3c8514a12	github	human	""	"\""	""	97	https://raw.githubusercontent.com/sti-ipf/avalia-sorocaba/478d0678d802cd52e75acedd4b6b911af6adc190/db/csv/groups/EMEF%20%2B%20medio.csv
2d1944789758fb290a26415a473c48ec	github	human	" "	""	""	65416	https://raw.githubusercontent.com/mszafran/scikit-learn/e95bc43c7001b3b287daefe371db4ba6248bd590/scikits/learn/datasets/data/diabetes.csv
2d25ad87214fbfc81aca5cddd3115c52	github	normal	","	""	""	4550	https://raw.githubusercontent.com/lsipeki/csci568/56dbf34ca6e7bd0ec21c29325d52b0329a1ced3c/project05/kmeans/iris.csv
2d3eabb4520b9649fe6d034c9d75c6da	github	normal	","	""	""	47	https://raw.githubusercontent.com/dellsystem/comp206/96feba616d44770a67fe7db6c942de9e017f0929/database/inventory1.csv
2d69b3950a430a5e3d53c0bad3d2f10f	github	human	","	""	""	123707	https://raw.githubusercontent.com/robertkhamilton/udkosc/cf508aa52ddf06ae6403c6d45db10bedf2375aba/Scripts/pawn_0_spiral_oscoutput.csv
2d842540c8fe58ba050dbfbba20f3b8d	ukdata	human	","	"\""	""	39690	https://www.gov.uk/government/uploads/system/uploads/attachment_data/file/89096/25kaug11.csv
2daeecee174368f8a33b82c8cccae3a5	github	normal	";"	"\""	""	84199	https://raw.githubusercontent.com/elyrwen/snr_wines/d6d76568805fcf7718dc6fd24845c6c95fb71858/src/data/winequality-red.csv
2db8fc4328b160939fc995fa94391aca	github	human	";"	""	""	140	https://raw.githubusercontent.com/hotgloupi/pybnf/2574745115ed01e11f446fbd5ecf132df2035bfe/test.csv
2e4f7ecd11d0a704852fd54fb2de3f96	ukdata	human	","	"\""	""	8790	https://www.gov.uk/government/uploads/system/uploads/attachment_data/file/184340/transparency_nov11.csv
2e532af14628438d78ed2562d1013fa7	github	normal	";"	"\""	""	133	https://raw.githubusercontent.com/preceptor/trilhas-plugin-panel/c98f67a2a00f95fc4940be4b7f4bba68417843f5/data/language/pt_BR/panel.csv
2e71ed4acd455441614b523a33be7ae5	github	human	","	"\""	""	1713	https://raw.githubusercontent.com/adgaudio/Bin/3a4ed869b6c794e17cc3f7340ad89ef64085484e/projects/food_nutrition/header_NUT_DATA.csv
2eaa43f06133367d47e68b149292b228	github	human	","	""	""	38934	https://raw.githubusercontent.com/team-fiveoh/sns.thermo/f972c5f2985fd40a5565245b2356916360b8b2ef/sample/HidTEMPer_2011Y4M15D10h51m52s.csv
2ef6e90fa9bfa2017d8b3492e7b6869f	ukdata	human	","	"\""	""	3826	https://www.gov.uk/government/uploads/system/uploads/attachment_data/file/276635/Workforce_MI_Dec13.csv
2f2e36cc466987c5449e8c7b968618be	github	human	","	""	""	751	https://raw.githubusercontent.com/c-steindl/Bachelor/c4cdc278a8cdd02a1e1b81351ebed8894ff43d99/Code/T/results.csv
2ff03bf4ed29cfe19069b9aa820f7ad5	github	normal	","	"\""	""	11127	https://raw.githubusercontent.com/elakkiya/Sundroid/101352cd66e059e097d21fd8c75b0464f89db1fb/Sundroid/.metadata/.plugins/org.eclipse.epp.usagedata.recording/usagedata.csv
2fffa0ec1dff02e82c5eebccd9ac2ef7	github	human	";"	""	""	45	https://raw.githubusercontent.com/archaelus/tsung/9726a65db1140691b57fd8400ce5a1d78aa3fcda/src/test/test_file_server.csv
307911d7fa497ca11208f8edfd5b9311	github	normal	","	""	""	899	https://raw.githubusercontent.com/krix/SlopesTest/a24579bfc361edced1d456744b7c9e8d5144f021/src/slopeTest.csv
320b65e8b553cd3653fe7da140f02b39	ukdata	human	","	"\""	""	771	http://www.nationalgallery.org.uk/upload/csv/transparency-january-2012.csv
3293715fd5a9308936b2ec516397adfb	github	normal	","	"\""	""	196	https://raw.githubusercontent.com/jaredcohe/sec_scrape/6ef8b3440afd449cdfafc907693b6a94558d2f4f/test/test_data.csv
331d16c1896478472fa4f7998b7ba1a6	ukdata	human	","	"\""	""	50758	https://www.gov.uk/government/uploads/system/uploads/attachment_data/file/185592/BIS_ministerial_meetings_October_to_December_2012.csv
33ce73fbb05d527db36f41eb3f0aedec	github	human	"\t"	""	""	10568	https://raw.githubusercontent.com/andrewxhill/MOL/9abe15e39862297a7849800707e5c80b1919b14e/colapp/bulkloaders/mammalia-10.csv
33fb22e38153691701602ffe0721a827	github	human	""	""	""	40	https://raw.githubusercontent.com/peplin/august23/c0029977c0087a80ef70c1e60ab31ebe75ea0ae2/src/gallery/DesktopClient/data/core.csv
341b9cd964e94bb3db28599d25153fd7	github	human	";"	""	""	2277	https://raw.githubusercontent.com/DaciCop/dacicop/895f27d8162f85fd7eb3f31f85a4a59e6c1f4ab8/DacicoProc/build/classes/com/cubit/dacicoproc/resources/ListaProc.csv
345a9af5f980ac7166b56dce3f4fcb7f	github	normal	","	"\""	""	1096	https://raw.githubusercontent.com/pradeepbp/stocker2/d32ba100b7b0c1f70144701970d643219391f67b/transaction.csv
34aba3370f7d30653b9a96258b48aebe	github	human	","	""	""	31295	https://raw.githubusercontent.com/tostan/rapidsms-tostan/b8b0157f595d5216acee068f2aeddb86ba232cb0/apps/rapidsuivi/data/Tostan2.csv
34da854dcc84e08dfac26c97c993dca4	github	normal	""	""	""	19785	https://raw.githubusercontent.com/zcy421593/jfl/3c06473b9f5d380b67324b053a6d622453e470e4/Debug/codes.csv
3538b88acfc1e60ed6517333480c6517	github	normal	","	""	""	257	https://raw.githubusercontent.com/enricmcalvo/contiki-2.x/2e33e1694ae893846507d2026fb9f1b549bf09a8/cpu/mc1322x/doc/lqi-pdr/1000pkt-64len.csv
354779d8c37f0c854748483b98c31584	github	human	","	"\""	""	24715	https://raw.githubusercontent.com/7mary4/geoaccess/bc4704f757ed135cbb797eacbb12e1782f19f306/db/csv/attractions.csv
3551aec44d6e31a1ccd5c57e46fd9ae9	github	human	","	""	""	332	https://raw.githubusercontent.com/xamarin/ios-samples/478534f09ec83335e3876773cc3d61c7aa2427df/ios8/SceneKitFSharp/FSSceneKit/Content/city.csv
356c680aaab3a5940120108c043231bb	github	normal	""	"\""	""	31	https://raw.githubusercontent.com/Momus/Multipass/f67212d432ec4255a79f2113b09ba8db21b95a73/test/2_ip_test.csv
3603ea657c7856881148b19a8c86b578	github	human	","	""	""	1367	https://raw.githubusercontent.com/gsbuser/code/263075911e8a795e0dcc65a43bf11488282e416f/ast398_scripts/noisecal/Dec10nocal.csv
36548a1a9d6eed54e9bec875e63e82ee	github	normal	"\t"	""	""	493	https://raw.githubusercontent.com/davr/makerbot-profiles/259af92beb259ea78452be616fd8da2763aeaaec/AMT-bob-acrylic-platform-35/profiles/extrusion/ABS/carve.csv
38042ee0e59fd6a5e9c33495d44c912d	github	human	","	"\""	""	463	https://raw.githubusercontent.com/mcrisc/mock-resultset/eec4f4d7d9123bb0e2f0802bd830698bc4369407/src/test/resources/data.csv
38101451ef254d8eabcb6a74e9054d31	github	human	";"	"\""	""	4185	https://raw.githubusercontent.com/ikharlampenkov/gkh/9811666b72156778324c948a06677125c1d52771/public/site_gkh/temp_files/2_18-05-2011-17-21-59_0.csv
38690657cc3979699bb0af0d83badf7e	ukdata	human	","	"\""	""	114236	http://data.defra.gov.uk/ops/government_procurement_card/Defra_GPC_feb17_rev.csv
3871e210462c53b1bb73fac48ca1cb7b	github	human	";"	""	""	11694	https://raw.githubusercontent.com/ukhas/dl-fldigi/982f3357674af4acc0e35749652d128bcc17ee30/data/NAVTEX_Stations.csv
38b5b9e5f8855d3b4b58615da01a8b4c	ukdata	human	","	"\""	""	41379	http://data.rushmoor.gov.uk/Datasets/Open/Spend/RushmoorSpend250_2018-02.csv
3974a269fecba0b2f799823a2cc5bf26	github	human	";"	""	""	54	https://raw.githubusercontent.com/dynamicpacket-public/opensips/65316fd739d85d28cbe084f8aa4388cb01682a35/test/publish.csv
3988dcf9a3b647d9df27bf8f60188e4d	ukdata	human	","	"\""	""	13012	https://www.gov.uk/government/uploads/system/uploads/attachment_data/file/485311/bis-workforce-management-information-October-2015.csv
39c4b55fc94b706ea743735e1a9b145d	github	human	","	"\""	""	5014	https://raw.githubusercontent.com/USGS-R/RSurvey/9d2e5ac89422b76ee984d1d270d50e4f277ea850/inst/extdata/ex.data.csv
39fad4f21276d7ada8b86c9c82a71b01	ukdata	human	","	"\""	""	3737	https://www.gov.uk/government/uploads/system/uploads/attachment_data/file/212103/mos-jan-march2013.csv
3a3117a1224fd1d0893b5230a01cb63c	ukdata	human	","	"\""	""	60212	https://www.gov.uk/government/uploads/system/uploads/attachment_data/file/307465/moj-spend-data-nov-13.csv
3a723d26f475503b41f14db2f9c9368a	github	normal	","	""	""	2335	https://raw.githubusercontent.com/marcinpohl/vebiasoptimizer/ca3fc429515532b9c9f3dae937bf9856ce56a16b/BIAStable.csv
3a73c58b5bf348455c0d7289f4dace0c	github	human	","	""	""	236	https://raw.githubusercontent.com/rpgmoney/document/b26882e2f1e5cf3bb7a2085d2928eabab663fbde/2011-05-13.csv
3b29d5f936964d351bb4335d77a20c03	ukdata	human	","	""	""	125	https://www.gov.uk/government/uploads/system/uploads/attachment_data/file/470099/04._GPC_Transparency_Report_Jul_1516_CSV.csv
3b431c62a85f26e7526f876b54caab88	ukdata	human	","	"\""	""	31781	https://www.eden.gov.uk/media/2370/period_10_2012.csv
3b630ad090037312b6c4464f8092679e	ukdata	human	","	"\""	""	6168	https://www.gov.uk/government/uploads/system/uploads/attachment_data/file/667791/workforce-management-information-dft_201707.csv
3b8b22a569639216f087f39a57b95825	ukdata	human	","	"\""	""	1274	https://www.gov.uk/government/uploads/system/uploads/attachment_data/file/476745/Page_158_-_Investments_in_Associates.csv
3bc46845a6b54dc819413f89b64378d7	github	normal	"\t"	""	""	252	https://raw.githubusercontent.com/ehec-outbreak-crowdsourced/BGI-data-analysis/492dfe865a0e82858e12dee25d3a3cd2b3799064/strains/comparativeAnalysis/Regions-of-difference/rod_list.csv
3beb4aa862a25a83b2635d5dc4b9bfb7	ukdata	human	","	"\""	""	4423	https://www.gov.uk/government/uploads/system/uploads/attachment_data/file/498521/Workforce-MI-November-2015-amended.csv
3bf519f7ae6b314504dc11fe60088fb1	github	human	","	"\""	""	237833	https://raw.githubusercontent.com/chrisberkhout/npcr_for_anymemo/5ef0701f6f108607a5b0af89fda08c53df39b841/hskflashcards.com_npcr.csv
3c0eb592ded33929ca3da7b6c376b5f9	github	human	","	""	""	1475	https://raw.githubusercontent.com/Santhoshonet/SEWDashboardV3/1ad8e88e9c41199e45191878bdd4edb9facd824e/TDR.csv
3c617e22ca0aed707516c60761bb1741	github	normal	""	""	""	8792	https://raw.githubusercontent.com/normanb/mapserver/0d1f433029f9131754b89316a330ec121c66683c/mapserver/mapaxisorder.csv
3cd16af03deacee978da49e10e79e639	ukdata	human	","	"\""	""	12795	https://www.gov.uk/government/uploads/system/uploads/attachment_data/file/693625/beis-senior-officials-expenses-october-to-december-2017.csv
3d59a518db99fb3ed8a833aad770ebe3	ukdata	human	","	""	""	162	https://www.gov.uk/government/uploads/system/uploads/attachment_data/file/486802/SPADS_Meetings_with_newspaper_and_other_media_proprietors_July_to_Sept_2015.csv
3dc771b673358422e15737b4a61ac40d	github	human	","	"\""	""	8	https://raw.githubusercontent.com/dimitri/pgloader/36805afc6478e39cf5c84406ab73c6fbd28bf8b5/test/data/matching-1.csv
3dd7de2b56d56d41878f6f1b6148ab6d	github	human	"\t"	""	""	2049	https://raw.githubusercontent.com/cgodefroy/FBA-Invoice-creator/74fc4846fc6354edf726a8ce37c57859a2d18b1c/amazon.csv
3de426bdc5958aed29429d04f18e2d6e	github	normal	","	""	""	197	https://raw.githubusercontent.com/faradayio/motorcycle/2eb5f17ed93dc51b45c7c5b3a7ada2d069c74d74/features/support/db/fixtures/automobile_fuels.csv
3de9e8f43809b1b4d8553b74bc3770c9	github	human	","	"\""	""	3549	https://raw.githubusercontent.com/gwt/fraengeraedor/b00fa6d15b5dc80f6e8ee60096b31260bf9e0f1b/src/fraengerador/client/d.csv
3e20ac68fdba272e67ffc7113ff396d4	github	human	","	""	""	94	https://raw.githubusercontent.com/Dzess/DMARF/a392bbd45ff821d3390909f10e30e0cd52242aec/core/resources/data/trail.csv
3e26973a6c3b16ac3f0280672ac20b03	ukdata	human	","	"\""	""	2695	http://www.nationalarchives.gov.uk/documents/march-spend-over-10k.csv
3ea18fb469435e2b9531684287910bf1	github	human	","	""	""	33	https://raw.githubusercontent.com/flavioamieiro/forkinrio_exercicios/6834034ffd6394df2dff7b41b24f16d8608a72aa/arquivo.csv
3ea8b2e29bde112543cc9f00aff2a8e4	github	human	","	"\""	""	3623	https://raw.githubusercontent.com/nahurst/hn_jobs/317a943f2aac95425e74587297118f624f11b8d6/hn_data.csv
3eb71f254dd9b77068ab6a601fa48d35	ukdata	human	","	"\""	""	194	https://www.gov.uk/government/uploads/system/uploads/attachment_data/file/271878/pmgiftsreceivedjulsept13.csv
3edb357d5983e9cd269bd3ba8a99c337	github	human	","	"\""	""	295	https://raw.githubusercontent.com/amazingPhil/basex/02afa8ccf713ec8c7ffa24ec34fc69ad89c327fb/etc/xml/input.csv
3f0474c6eddcb37d41a845a10dc1b9d1	github	human	","	"\""	""	42008	https://raw.githubusercontent.com/idsol/books/554edacea5a91bc6bc35100379a88d0549b92dc0/db/book.csv
3f6afc647bc913d5341e6536a4b732e3	github	normal	","	""	""	59562	https://raw.githubusercontent.com/iriscouch/browserid_couchdb/a97981a70693ecee4b6112c49c7137aca5bc8c8c/example/node_modules/static-plus/node_modules/txn/node_modules/log4js/node_modules/compress-buffer/test.csv
400e5e9754ddcb1debbe181df6204832	github	normal	";"	""	""	34416	https://raw.githubusercontent.com/disbeat/signature_validator/0d8f502db55983e6b42270c206108a0987d2bf31/Code/mutualinfo.csv
4024bd32efe20f1ea2b8618b94676516	github	normal	","	""	""	22484	https://raw.githubusercontent.com/justjkk/dotpath/f5d5c5541151e7768a840ac56e85a5020a730851/mtc_dataloader/routes.csv
413d47f375c51cd3f0d5088034a9a883	github	normal	";"	"\""	""	1049	https://raw.githubusercontent.com/mikehale/timetracker/b8ae0022fa487fbe1afb7d2df3b65c0200034f48/spec/times.csv
4148cf2058cb8c575d2c3d9c95c353bc	ukdata	human	","	"\""	""	6871	https://www.gov.uk/government/uploads/system/uploads/attachment_data/file/693628/beis-senior-officials-hospitality-october-to-december-2017.csv
4317e17470ad0f6d1ed6f2440866d3de	github	normal	","	"\""	""	1129	https://raw.githubusercontent.com/hitode909/webexperiment/86990c599ce18f171eed0b25d31159a0398d7ab1/BookList.csv
437dd31c76307c7998d0eb2abfe7eaca	ukdata	human	","	"\""	""	7280	http://data.defra.gov.uk/ops/workforce_management_information/2016/Defra_WMI_022016_rev.csv
438b80b5f35fc1a06a0339c94536e59d	github	normal	","	""	""	170101	https://raw.githubusercontent.com/codeodor/miscellany/5c39d9e728eaaa69c08a79ac849841c61e200b5a/java_external_sort/test.csv
445fbc4dcc3639fab00e065ae89df064	github	human	","	""	""	1255	https://raw.githubusercontent.com/mateu/Bracket/3bcf754fa26ad019707a041100153f4297b988f2/data/2008/teams.csv
4486f4074f05793481b355e6ba489f0f	github	normal	","	""	""	5576	https://raw.githubusercontent.com/nagaviper/Scoville/103e8ee0072943172c97222c324e01188b56a958/test/data/100users.csv
44a66ccdb9f760bea649643c58be5d24	github	human	";"	""	""	4012	https://raw.githubusercontent.com/floriankrueger/LWBS-CA5-KB1/c85494db05894adaad8432349395e66701eb941b/gruppe_ca5_kb1.csv
44d76e12813eb5221bb6db4c3f4592b1	ukdata	human	","	"\""	""	699	https://www.gov.uk/government/uploads/system/uploads/attachment_data/file/486813/advertising-july-sept2015.csv
44f4bee4e18e72dba212cbe2b580e137	github	human	","	""	""	5785	https://raw.githubusercontent.com/railsatwork/orgchart/f25295017ebb221d4b9d27eb3aadda96b1a027b0/lib/tasks/employees.csv
44f7dae61885d65770050cc1335f3be9	github	human	","	"\""	""	9976	https://raw.githubusercontent.com/derekcroft/connectwithaca.com/d066f4f10a200cd3a4483d8c3fd95f649fd495ef/db/import/aca_trainers_10102010.csv
452cec788787e71404efea666d3d79ba	ukdata	human	","	"\""	""	2564	https://www.gov.uk/government/uploads/system/uploads/attachment_data/file/506622/11._Transparency_Report_Feb_1516_CSV.csv
453e35c6b19be65e0b5d22bff2578db7	github	human	","	"\""	""	1899	https://raw.githubusercontent.com/klaasdm/image/64d14a66c0802cde2228c5d07fe697e5565437b5/image_library/php/_books.csv
46104712b791214c190b4eb686eb949c	github	normal	","	"\""	""	1669	https://raw.githubusercontent.com/openemr/openemr/09b37d7334a13d6724b02e302ec7af3885dc314d/library/html2pdf/locale/ca.csv
467ae1afa7ba72c93ecbaa9e533683d2	github	human	","	""	""	14608	https://raw.githubusercontent.com/scourger/wehaveweneed/a02a6a10ff50db293081afe49b691ce8ad2bd86c/data/taxonomy.csv
46d17808f3e348267626c9a52cb7cbba	github	normal	","	"\""	""	187	https://raw.githubusercontent.com/benjaminhaley/janus/ad700b96d8cf414f7ff84be1654e8dd6353c182b/data/10-2.csv
46fae6bd6f6c94909104fe8558f2875d	github	human	","	"\""	""	176	https://raw.githubusercontent.com/OpenTreeMap/otm-legacy/d2bea36ef6e15abe86e7f43e876352c7464fdfe5/treemap/management/commands/species_import_template.csv
47097e1475b6c31d1c1347c006199d77	github	human	","	"\""	""	2279	https://raw.githubusercontent.com/yrgoldteeth/rbcurse/5eab660fdd38838a64c46310e481aa6922747b1a/examples/todocsv.csv
4740ffd8a7aa9dbf358cf890a326ec97	github	human	";"	"\""	""	9558	https://raw.githubusercontent.com/kristjanjansen/ol_migrate/37eefc8b80f79c339bb48446931bd9916eeba7a1/data/ol_article.csv
4761df41ba939989b6351bbad57fd4d0	ukdata	normal	","	"\""	""	1752	https://www.gov.uk/government/uploads/system/uploads/attachment_data/file/487512/HO_FY1516_AP4_ProcCard_500_CSV.csv
47a24fd5c1444671fe41f512a5e45573	ukdata	human	","	"\""	""	4566	http://www.nationalgallery.org.uk/upload/csv/NG-spend-march-2012.csv
47dcc98883f782dc5cefc559fc062c91	github	human	","	"\""	""	135799	https://raw.githubusercontent.com/adhirajrankhambe/Export/fd1965d6c92ccded4236f37f605958f03d1ac527/doc/forbes2000list_for_2011.csv
47ecdbecb2466293eb1dbe285585537c	ukdata	human	","	"\""	""	4057	https://www.gov.uk/government/uploads/system/uploads/attachment_data/file/301027/DCLG_Monthly_Workforce_Management_Information_-_February_2014_-_CSV.csv
4821be5e1c52b6781e722cc4a0128a4f	github	normal	","	"\""	""	14970	https://raw.githubusercontent.com/chrisdolan/rakudo/5423d30e76f346a05f6705736b88c4d69a6d8d09/docs/spectest-progress.csv
482bffae343525444ae6529c61c96945	github	human	","	""	""	15571	https://raw.githubusercontent.com/mwollenweber/Dragonslayer/d2e6ce1b4302ded609e1729964068f41270e0c2e/code/misc/network_dec2010.csv
483207fd994b9a68f5d4362715003796	github	human	","	"\""	""	8011	https://raw.githubusercontent.com/justin1986/forbes/61128f9501424425a2006a900df5ff261b29df21/data/test.csv
488473683dedb6c37f597be3c5c25041	github	human	","	"\""	""	188	https://raw.githubusercontent.com/mhausenblas/schema-org-rdf/98bf5f29ce757b02a79dcf7028a71fc45336ca2b/tools/schema-gateway/test/solar-system.csv
493386b64e62286d2b2175211d81a2bb	github	normal	","	""	""	91	https://raw.githubusercontent.com/edmz/csv2lighthouse/4f896934df0e8b0b8bf7c7ab7f9d318182aef2b4/tickets-example.csv
4997582b933393b4eff13d6d85023fcb	github	human	","	""	""	92640	https://raw.githubusercontent.com/cybunk/zaptext/a4b8f1008e0e998a6a15d71411fd812169c3aecf/MyLastLoad.csv
49d14fc3d01b42277a90138f8071fc7b	github	normal	","	""	""	81	https://raw.githubusercontent.com/nkokkos/spot-us/19a5802b95817687cabaf75d9f85a107b24323dc/vendor/gems/fastercsv-1.4.0/examples/purchase.csv
4a2132ee65f03dd48a3e27f0e9f3a7de	ukdata	human	","	"\""	""	2583	https://www.gov.uk/government/uploads/system/uploads/attachment_data/file/426984/DCMS_February_Monthly_WF_Man_Info_2015.csv
4aa59a13bf087a8ffe5c53042f6aa55e	github	human	","	"\""	""	5126	https://raw.githubusercontent.com/itd/iqbio.pasurvey/2621a03e11721bc66a71302b7a2204da423f9f6d/iqbio/pasurvey/profiles/default/workflow_csv/iqbio.pasurvey.workflow.csv
4b161c5140c57d869eac9576684dc22a	github	human	","	""	""	3619	https://raw.githubusercontent.com/dripton/groupelo/13c143e5926fd914db6388795063d76ca46d3acd/arena.csv
4b242019a6cb4b2a02e3c8645b67b314	github	normal	","	""	""	14629	https://raw.githubusercontent.com/smwesten-usgs/swb/1e407b0b1653a31bf71954585862341aab532751/tests/irrigation/Daily_ET0_CROPWAT_1990.csv
4b482b0cdb5798b31f8c737a99102271	github	normal	","	""	""	602	https://raw.githubusercontent.com/punchagan/talks/c2752199efd2712c0d1b3248e48846b85c030bba/pycon-2012-scipy-kids/sachin-odi-year.csv
4c1733855c85c19bd5abb896103ec433	github	normal	","	""	""	21719	https://raw.githubusercontent.com/pjotrp/qtl/fb07731ce13997ccab7036ddd3077e98b4431502/test/DLLtest/TEST.csv
4c8a668fa0ca7ff319980b54289f78c7	github	human	","	"\""	""	312	https://raw.githubusercontent.com/nikobordx/OOCms/35cb272b7ed7acd68f9881be60cd5caf3721193d/databases/comments.csv
4c9bf35e96de057a76a30daa9c0fab49	ukdata	human	","	"\""	""	5311	http://data.defra.gov.uk/ops/procurement/ah-vla-over%2025k-1109.csv
4ca12909d15b5d404ad147d420a51bc4	github	human	";"	"\""	""	7723	https://raw.githubusercontent.com/bashofmann/opensocial_demo_game/95733e249c75ad05324a967892fb5afe7a928954/backend/questions.csv
4d5014240e248603d621597dcc4c7ec6	github	human	","	""	""	734	https://raw.githubusercontent.com/cdeming/LogParser/d4da01ef0504d980d443eff97bed828f913c3a56/LogMerge/bin/Debug/output.csv
4d63e8715acaf6fba7d8f6c486f2cc34	ukdata	human	","	""	""	166	https://www.gov.uk/government/uploads/system/uploads/attachment_data/file/595033/dwp-property-spending-control-exceptions-july-to-september-2016.csv
4d86860cd2a803df7b3f365a2cb694fe	github	normal	""	"\""	""	30	https://raw.githubusercontent.com/th3hamburgler/Datamapper-DMZ/0570110e7fe02de36d15763f1496ee32d94908bd/examples/application/sql/data/category.csv
4db933064a4a6aef9d13598e6e20d8ea	github	normal	","	"\""	""	27452	https://raw.githubusercontent.com/techniker/bht/d3a1a73f59e7c17c81040732ea3a972e03cff411/scheffler/programmierung/src/.metadata/.plugins/org.eclipse.epp.usagedata.recording/upload0.csv
4debb81c0a86423145fbc93260a6cbc1	ukdata	human	","	"\""	""	3283	https://www.gov.uk/government/uploads/system/uploads/attachment_data/file/430809/cabinet-office-workforce-management-report-april-2015.csv
4dff8dc875020ff054a68dea9f563f56	ukdata	human	","	"\""	""	2448	https://www.gov.uk/government/uploads/system/uploads/attachment_data/file/317323/ICT_exceptions_January_-_March_2014.csv
4e41bd589db74401701ad145d8e4c772	ukdata	human	","	"\""	""	49918	https://www.gov.uk/government/uploads/system/uploads/attachment_data/file/245714/spend-december-2010.csv
4ef0fb53f9482e0199c4c76a49ee8696	github	human	","	""	""	64	https://raw.githubusercontent.com/cesarolea/Boynas/63304807c5494a9388014887f8b3a1726777d9ca/test.csv
4f0484ea7383eba99bbd11210d3c58d0	ukdata	human	","	""	""	623	https://www.gov.uk/government/uploads/system/uploads/attachment_data/file/224647/PromptPaymentReturn13P2-5.csv
4f91995cd49150450c6dc24b4b5dff24	github	normal	","	""	""	1374	https://raw.githubusercontent.com/cameronbracken/classy/00b06faa59535f8fee8272b9178fb90a7eb2a011/hydrology-ta/hw09/solutions/rivers.csv
4ff2987a38c615f8c832430a05a6349c	ukdata	human	","	"\""	""	2386	http://data.defra.gov.uk/statistics_2015/food/poultry_output.csv
4ffc61bb63bfd4fbaabc4f82e1aef45e	github	normal	","	""	""	166	https://raw.githubusercontent.com/neurus/neurus/6d2654165854ebc11974c7d25f643f790a30c12f/samples-symbolic-regression/src/test/java/org/neurus/samples/symbolicregression/polynomial.csv
508fe0f7696e9ec8c6556680cf301d1c	github	human	","	""	""	237870	https://raw.githubusercontent.com/wingsit/optimisation/9cb992a12e01884f05370c12dc282bf6d49b0a1a/test/SPY_100_5.csv
509518019ab29a3d541369cd72080511	github	human	";"	""	""	78505	https://raw.githubusercontent.com/janfabry/iRail/a73e65e7183ef39e61a6b345d430f2801414622c/docs/stations/PTCAR-GPS.csv
50e60980771ea4a7d90251168c5fd143	github	normal	","	"\""	""	74	https://raw.githubusercontent.com/nikobordx/OOCsv/fd8aafad2e702e5f74449b124fe3151691c918f5/test.csv
5171d291e8fec3055c3b7a5f23532455	ukdata	human	","	"\""	""	2261	https://www.gov.uk/government/uploads/system/uploads/attachment_data/file/202910/ministers-hospitality-jan-mar-2013.csv
51b2554eda750b3c63a1e0383c929556	github	human	";"	""	""	14589	https://raw.githubusercontent.com/nlehuen/pytst/eb62863662789676547e2be0abb91fa2210f5e20/python/test/stats.csv
51f59167b88b58ad63dde9e0db1daf2e	github	normal	";"	""	""	112	https://raw.githubusercontent.com/stefanschramm/aggr/aad841595cbb554778da6828d85aec6d124189f0/examples/name_city_age.csv
52bb6568dd718afa72d68ce4774c874c	github	human	"\t"	""	""	424	https://raw.githubusercontent.com/jlaker/Acctuate/5d17c3ba9eb132daddd9d58080b7cd4bcddb6b74/failedRecords11241202123325.csv
52cabb6ddbb91d57c30385a8809f7e1e	ukdata	human	","	""	""	842	https://www.gov.uk/government/uploads/system/uploads/attachment_data/file/413012/GPC_feb_15.csv
53797bd7d133009ebe51815226bec602	ukdata	human	","	"\""	""	14951	https://www.gov.uk/government/uploads/system/uploads/attachment_data/file/351562/UKTI_GPC_and_HRG_Consolidated_data_for_April_to_June_2014.csv
537a13dc2b7eccec175efec735231517	github	human	";"	""	""	35852	https://raw.githubusercontent.com/jhamel/WebDynpro-Translator/8073850fd985445b64659ab4e519cbdb052594cf/ExSP_Frontend_now.csv
539aa631a4e604901d84b8730fddafd1	ukdata	human	","	""	""	623	https://www.gov.uk/government/uploads/system/uploads/attachment_data/file/224648/PromptPaymentReturn13P2-10.csv
5427d4dbacdc6aba88b86e0b55bfd361	github	human	";"	"\""	"\\"	9045	https://raw.githubusercontent.com/lboaretto/Stratos/bb32cd9028c4fce12c68b321836b54744ffe4d41/data/languages/en.csv
54602f6f9ecf2a76711a9331950bc7d5	github	normal	","	"\""	""	441	https://raw.githubusercontent.com/jimbojsb/beginning-php/19fe4968b0dfc9cb7ff2bcfe5e31a1f7ce48bb68/class-9/test.csv
552bc028cfccb555978e400be7f3fbbd	github	normal	","	"\""	""	25618	https://raw.githubusercontent.com/lixinso/html5/a33f046b41dd0affac9c2c4016b7092c3ca8c099/workspace/.metadata/.plugins/org.eclipse.epp.usagedata.recording/upload0.csv
552f4609fa356a994ca278b157f889d2	github	normal	","	""	""	571	https://raw.githubusercontent.com/mjsottile/hsgep/9eaafca457c127256ff93dd88038518c8a1d995e/Examples/Regression/test1.csv
5551d185b09793af0b301ef2def018da	ukdata	human	","	"\""	""	73072	http://data.defra.gov.uk/inspire/UK+MR_indicators_Report_2011V6.csv
555c7ebbce52b4c9238782f7ae49757f	github	human	","	""	""	2054	https://raw.githubusercontent.com/jkeirstead/r-slopegraph/67f02a58f6e5cf495d3cd666804a7a1d4fe01982/cancer_survival_rates.csv
55bc33227e52f071c27dca6d2c0c2e49	github	human	","	""	""	34117	https://raw.githubusercontent.com/sherifgmansour/openaustralia-parser/ef0513f050306548d38375215a044724255f016c/data/people.csv
56201fda13114a15fd44aebea5517cda	ukdata	normal	","	""	""	1037	https://www.gov.uk/government/uploads/system/uploads/attachment_data/file/396462/dwp-cmg-spend-1114.csv
5683068a1848ef203cd6eaf3a7df91c2	ukdata	human	","	"\""	""	3024	http://www.nhfd.co.uk/20/hipfractureR.nsf/xsp/.ibmmodres/domino/OpenAttachment/20/hipfracturer.nsf/2DDF8A65BF03EE57802579F00043610E/Attachment/21BPTChartEng.csv
56e59c780d66e49d27cf0240c312e20e	github	human	";"	""	""	1228	https://raw.githubusercontent.com/danijelst/PlsService/e0e002cea9c7549ae32174a1610eae6763888272/provider/ch_basel_list.csv
578c8b50a992f19072f75fa35deabd57	github	normal	","	""	""	7988	https://raw.githubusercontent.com/fuglphoenix/fuglphoenix.github.io/00e99fee2f71afe8540fd80d80b26e0ee19818de/flare.csv
57dd51432001a729665de8fd56af5934	ukdata	normal	","	"\""	""	1474	https://www.gov.uk/government/uploads/system/uploads/attachment_data/file/61490/cohospitalityjanmar2012_0.csv
587d62098c982a80942dc972c887ae1e	github	human	""	""	""	145	https://raw.githubusercontent.com/yoni/csv_wordcount_analyzer/64e8455f8319405a32ebe16dfac215e7b3ef0d53/test/data/titles.csv
58be8666c4ad2728bd143853a89b2fcc	github	normal	","	"\""	""	101	https://raw.githubusercontent.com/thiyagarajan/AR-Loader/a1e72c8c20f16da31bd880606150ddf7e7f83419/spec/fixtures/SpreeZoneExample.csv
58de11988c55a51c23c77c1039c06165	github	normal	","	""	""	51	https://raw.githubusercontent.com/ddossot/mule-in-action/ca3aa440f39dbb3a9a27b3e01fc2eb403b4c441d/chapter14/transformer/data/in/order.csv
596414ddac4294f2d241f45c985d6aed	github	normal	","	""	""	54707	https://raw.githubusercontent.com/JasonH1/cityindex/18a70f957d6e98de80a4a3d49340b6ea55e5e6af/CityIndex/examples/TestSuite/CityIndexConsoleTest2/CityIndexConsoleTest2/bin/Debug/data.csv
598c29d854d55427ba254d9679faff1c	ukdata	human	","	"\""	""	1432	https://www.gov.uk/government/uploads/system/uploads/attachment_data/file/486067/ICT_Exceptions_Q2_15-16.csv
59a5b9b2a70af3954210f1ddfa38815f	github	human	","	"\""	""	49164	https://raw.githubusercontent.com/meadmaker/scheduler/b44bfd5089121a3c54f43da7c710e42666d9e136/db/PDASchedule.csv
5b141be6c5b38987a8ea728afbc681c4	ukdata	human	","	"\""	""	1307	https://www.gov.uk/government/uploads/system/uploads/attachment_data/file/666399/dwp-ministers-overseas-travel-jul-sep-2017.csv
5b7ed00460c1db2d1c1de465566f747c	github	human	","	"\""	""	10082	https://raw.githubusercontent.com/codeforamerica/schoolselection/e112971abf8065ae6fff7feb51023a24157a9905/public/data/school_selections/Sheet1-Table%201.csv
5bb898fb41fd93efbfae2f7059adf96d	ukdata	normal	","	""	""	4741	https://data.yorkopendata.org/dataset/559265cc-ff33-432c-b5ab-6d7a6bb34302/resource/f665c77d-9e23-4c7e-b364-9dd23d48539b/download/admissionssummaryallprimary2014.csv
5c09b71cce719b7b00e9246fd2d1304f	github	human	","	""	""	4815	https://raw.githubusercontent.com/petewarden/geodict/fee57b323e6b0d4de3dfb09df0c4b22a136b9bb9/source_data/countrynames.csv
5c1da9acc4714708523276dab85f5557	ukdata	human	","	"\""	""	49897	https://www.gov.uk/government/uploads/system/uploads/attachment_data/file/271833/Mar_2012.csv
5c4e3b40febf1161ac6fc53519748b59	github	normal	","	"\""	""	828	https://raw.githubusercontent.com/rechner/Taxidi-volunteer/956f8de4bb4ccf0fabd085bda97d5598e5a8db53/volunteer/database/report.csv
5c5654dc6114a79eb31eed2b8302d432	github	human	";"	""	""	1136	https://raw.githubusercontent.com/agimenezpy/CentroHistorico/71bac3e3e354b509e98640501854122b3ac3fc31/barrio.csv
5ccd460885082ed6e176df388a2e2b20	github	human	","	""	""	1683	https://raw.githubusercontent.com/encog/encog-dotnet-core/99d73beb751c0821f7fc8fdb19829b6dc9a586ff/encog-core-cs/Resources/analyst.csv
5cdc787b72f55f9478af084518b053ef	github	human	","	"\""	""	346	https://raw.githubusercontent.com/chaddro/EasyPopulate-4.0/d5db9d815717fb4d8122182ead4a803d83c12e22/examples/Attrib-Basic-EP-examples.csv
5d20b19351d645cedba44e128e725d61	github	human	","	"\""	""	62485	https://raw.githubusercontent.com/johnmyleswhite/DebtCeiling2DamnHigh/da855882b5c3bda07f6e3dd4acfa6c0702b48a56/1usagov/data/test_urls.csv
5d26f67af2d744591fd8378dac7e1fd3	ukdata	human	","	"\""	""	1200	http://data.defra.gov.uk/ops/procurement/mmo-over-25k-1111.csv
5d3e0de630727e37608ee4ef6df58344	ukdata	human	","	"\""	""	373	https://www.gov.uk/government/uploads/system/uploads/attachment_data/file/239334/Sustainability-Carbon-energy-p55.csv
5d82b0ced78d616ecfc8af3259654c56	github	human	","	"\""	""	4979	https://raw.githubusercontent.com/tomwhite/donors-choose-hack/e2f935b84dc914b8d613719bf2fcba514bb1c609/donations-min.csv
5d92d5cc8755f0e4de0b55595c588951	github	normal	","	""	""	211	https://raw.githubusercontent.com/datashaman/solder/65d1d688dc36be6757e7d9670b7dcb598a51a8d6/test/datasets/Users.csv
5da42e6b017c4d3f6a55de7321064fdf	ukdata	human	","	"\""	""	2431	https://www.gov.uk/government/uploads/system/uploads/attachment_data/file/370098/table-C6.csv
5f04ec14767abd180b7bef7724874ff7	github	human	","	""	""	784	https://raw.githubusercontent.com/schleyfox/cs-final/3397e4ff366e1060976ce5f7bde79f2060471f4c/BusRoutes-1.csv
5fb887d04ea1b30e8d083f3ada53f5b3	github	human	","	""	""	194	https://raw.githubusercontent.com/hwrd/wwex/af7086f09f4db2682b0dd65707c708f43cf30e3c/spec/fixtures/expanded_rate_matrix.csv
5ffc1c6ca7ec7dee22c6020f10104f9b	ukdata	human	","	"\""	""	233	https://www.gov.uk/government/uploads/system/uploads/attachment_data/file/214675/Q2-SPAD-Gifts-Given.csv
60ca78ef70fc94b16c0d4847f7f3e8b7	github	normal	";"	"\""	""	253	https://raw.githubusercontent.com/MikePearce/Data-Reader/732d8cfd94de10a8b8ac24d0e846ad23af84cc2e/data.csv
60cc2601abb12aa5c49ea02ce9c6fb17	ukdata	human	","	"\""	""	16503	https://www.ulh.nhs.uk/content/uploads/2016/02/03_spend_over_25k_2011_march.csv
60fff744f88feb26ae93f0fc826d51b4	github	human	""	""	""	717	https://raw.githubusercontent.com/suttree/Hello-Operator/3ab978cf215085cf91be126799e0cefe5e17a010/signups/data.csv
6103d46e82b3a28f157729eb98670151	ukdata	human	","	"\""	""	146012	https://directgovinnovate.s3.amazonaws.com/ext-search/050212.csv
61054e722b90f517c2ac8ff62a381d75	ukdata	human	","	"\""	""	3841	https://www.gov.uk/government/uploads/system/uploads/attachment_data/file/313360/DFID-Government-Major-Projects-Portfolio-data-September-2013.csv
6144c31d02f0ade2e4a26c3b5789cab3	ukdata	human	","	"\""	""	8698	https://www.gov.uk/government/uploads/system/uploads/attachment_data/file/408461/dwp-ict-spending-control-exceptions-oct-to-dec-2014.csv
619a58431b17c81ab17f476bd3047bbd	github	human	","	""	""	17773	https://raw.githubusercontent.com/ReactionMechanismGenerator/RMG-Py/c69bf29a0baa81f86ca2c534dffb079f69a16cb6/ipython/data/minimal_model/chemkin_mole_fractions.csv
61ab29a20218c89358d4d082e7cc6a53	ukdata	human	","	"\""	""	1184	https://www.gov.uk/government/uploads/system/uploads/attachment_data/file/239384/Note_18_1_12-13.csv
61f4f13cb9e8cd2b3466e409dd6e838b	github	human	","	"\""	"\\"	73952	https://raw.githubusercontent.com/darpified/kunagi/c9b6ba4922e9b02dfebbe161dbecb5c3371547c6/src/model.csv
622acf3b58ceacf372e41f92b600f425	github	human	","	""	""	4702	https://raw.githubusercontent.com/idrisr/ml102/e94958e70c856139fa6969c5b7650d0bfa1328d4/irisdata.csv
62a831624bcf70d3a43f2059f5c2a1c6	github	human	";"	""	""	1218	https://raw.githubusercontent.com/hidetobara/voices/ce9a101900889e53fae76276c54e38997d9af193/conf/messages/common.csv
631f9b9d67b969bc423360924f4b94fd	github	human	","	""	""	6715	https://raw.githubusercontent.com/l33z3r/pos/786cde666444cc25989fef7a2ce02261fbb619a8/public/files/sample_products.csv
63322ca3c6174a080db846ed03235453	github	human	","	"\""	""	5108	https://raw.githubusercontent.com/news21/response/2261b0ac300492ea371dbf27fa76fb6a8ae2497c/tables/STEC_O157_model.csv
6367b9c5338b9a035a221cfffd928e92	github	human	","	"\""	""	233	https://raw.githubusercontent.com/FlossWare/jplate/9850a09497f64d8ebc22b2ac8d1a6d280d04877d/to-do/broken-csv-for-parsing.csv
637258ccd4d8e59ec1e34bb11dd26016	github	human	";"	"\""	""	2712	https://raw.githubusercontent.com/19ceng/ceng201pro/03148e949ed9e0091378e6ac48d84b20838d8e70/sinav/as10.csv
638861bd58a7b495e233cf3b26593bea	github	normal	","	"\""	""	221	https://raw.githubusercontent.com/xdotcommer/resourceful-csv/5ca810c0f5dce7d01de9e638b51cfb4c3a2c9fdd/csv/cats.csv
63a25aed1eacc7d20a0ac742061c372a	github	normal	""	"\""	""	26	https://raw.githubusercontent.com/AmericanResearchInstitute/poweru-server/a59457bc37f0501aea1f54d006a6de94ff80511c/csv_data/example_regions.csv
63a65fbb055c75d6ae4cb0d311cd4849	ukdata	human	","	"\""	""	4765	https://www.gov.uk/government/uploads/system/uploads/attachment_data/file/594124/TPS_Spend_January_2017.csv
63b4a2cb3a80ea3ce9a475cfdbb376fb	ukdata	human	","	"\""	""	27493	https://www.southlakeland.gov.uk/media/2715/government-procurement-card-transactions-october-2016.csv
63b90b6818598f58c70044a79089cd4f	github	normal	","	""	""	5850	https://raw.githubusercontent.com/armaniacs/debian-cdn-center2/6db7ab6ede92fdb194011a2863e3ca4fdb6f2f9f/surrogates.csv
63cca2db794e64833695406fc6cfbca8	github	human	","	""	""	8838	https://raw.githubusercontent.com/robyoung/war-and-peace/3cae00716e956b246d92686784d14b10ac9e4f5e/data/countries.csv
640441475b095d689a1d022e988d7566	github	human	","	""	""	31919	https://raw.githubusercontent.com/DiUS/ruby-api-bindings/66984df5f3d6958221534c1236126d7217c85d35/spec/lib/test_neighbours.csv
6531adc40fb204f6d2d6b2db58194e96	github	normal	","	"\""	""	36531	https://raw.githubusercontent.com/bjwbell/California-Water-Runoff-Forecasting/374f411302ad7bf03a01e19d8cd60fb679effd84/spreadsheets/AMF%20Full%20Natural%20Flow.csv
65962a909a0030c35728c2c3c738277b	github	human	","	""	""	25161	https://raw.githubusercontent.com/horimin/runkeeper-clone/ac0f3e655a0a0d65f017337e283775503ad7d348/war/gps.csv
66c8f977d15e9048ab600cab6cadf335	ukdata	human	","	"\""	""	17258	https://www.gov.uk/government/uploads/system/uploads/attachment_data/file/263096/DCMS_Spend_over_GBP25k_August_2013.csv
66f33c212605c799826d480516fc20ac	ukdata	human	","	"\""	""	22612	https://www.ulh.nhs.uk/content/uploads/2016/02/03_spend_over_25k_2014_march.csv
67d3b273d581ea4788e827c0b6f84c34	ukdata	normal	","	""	""	441	https://www.gov.uk/government/uploads/system/uploads/attachment_data/file/68962/Nov_2012_GPC.csv
6823bd2bddf56e2a1fc9196312393c95	ukdata	human	","	"\""	""	6689	http://data.defra.gov.uk/ops/procurement/1204/RBGKEW-Over-25k-1204.csv
68530e2ad5cdaa4a6e0bec32601fe940	github	human	";"	""	""	28	https://raw.githubusercontent.com/bigprof/Symptoms-and-diseases-database/3afbbf1e7b33d2c091cc37d8427dedf3887f8e6d/hooks/patients.gender.csv
68a7b6f97a5dade6f48489ce741af808	github	normal	","	"\""	""	17445	https://raw.githubusercontent.com/mauropm/padpress/cf7dc2f10093a66c13e09e26af0558c72178a5ff/resources/sencha/.metadata/.plugins/org.eclipse.epp.usagedata.recording/usagedata.csv
68e5d19e6add877e3ebe81078f28e550	ukdata	human	","	"\""	""	65535	https://www.gov.uk/government/uploads/system/uploads/attachment_data/file/27203/20111018_MOD_QDS_Ver4_annexb.csv
68f0073e29351936987b24d497cf7f0b	github	normal	","	"\""	""	7849	https://raw.githubusercontent.com/cboettig/socialR/8004de446c92fd739bb56e87f05cd28a88aaebee/demo/searchterms.csv
68ff418964b1ce51b3719509a303cc40	ukdata	human	","	"\""	""	6641	https://www.gov.uk/government/uploads/system/uploads/attachment_data/file/668968/september-2017-card-transparency.csv
692c4453ed2996002c43f54ffe54e125	github	normal	","	""	""	883	https://raw.githubusercontent.com/virgilio/MC548_G17/40756d4095e3632904fac7c6c77157807edcf003/util/results/r5000_40_100_1039_best.csv
6958ef3bcfe7daafd89820de0be64d44	ukdata	human	","	"\""	""	225	https://www.gov.uk/government/uploads/system/uploads/attachment_data/file/214693/Q4-SoS-Gifts-Given.csv
696d936e82ebd103ce2447a9357bd6c5	ukdata	human	","	"\""	""	273	https://www.gov.uk/government/uploads/system/uploads/attachment_data/file/358445/Jul_Sep13_Special_Advisers_Meetings_External_Organisations.csv
6a22147d12ea463b62ae6f071f3df62c	ukdata	normal	","	"\""	""	3032	https://www.gov.uk/government/uploads/system/uploads/attachment_data/file/537788/03_transparency_report_june_1617.csv
6a75cb696c9d6eeb08d7378b2eb78fdc	ukdata	human	","	"\""	""	5274	https://www.gov.uk/government/uploads/system/uploads/attachment_data/file/205121/sos-april-june-2012.csv
6a970796c7fb908993d8c677e7633cd1	ukdata	human	","	"\""	""	72650	https://www.southlakeland.gov.uk/media/2699/grants-paid-to-organisations-2015-2016.csv
6aa07a3eac780e2e115cb240db5227c9	ukdata	human	","	"\""	""	108241	https://www.gov.uk/government/uploads/system/uploads/attachment_data/file/175507/oda_british_council_2011-12.csv
6adfaee2ce3ae49fcbcf31db79175522	github	normal	","	""	""	74	https://raw.githubusercontent.com/mpSamples/mps.samples.plugin/dfd8f11bb615bf0070e1797ed743fe2da6e0d0a7/persons.csv
6ae2206f8f98b26b94654595630244a5	github	normal	","	""	""	922	https://raw.githubusercontent.com/mwiesbau/tunneldb-new/7472077d30ffd1e1e336143bcb782d39ad43f48f/doc/STATES.csv
6b2bc1f02fdbf06fed57d6459649aa90	github	human	","	"\""	""	17256	https://raw.githubusercontent.com/Unidata/thredds/249d7ecc0e43d62712fa5c9403f3ace725b6c42d/bufr/src/main/resources/resources/bufrTables/local/brasil.B46.13.diff.csv
6b946ab528af2dbb0e386273a30d3190	github	human	";"	""	""	445	https://raw.githubusercontent.com/archan937/csonv.js/91f329780a2a2d20336ade6ad09c69f5ae701bb1/demo/assets/family.csv
6bc2138fe6e7b97eacfc8bee1a286377	ukdata	human	","	""	""	58062	https://www.gov.uk/government/uploads/system/uploads/attachment_data/file/572404/Consular_cases_October_2016.csv
6c94a8c23dc8176eb0adcfbcbb7b0cc8	github	human	","	"\""	""	26188	https://raw.githubusercontent.com/duskhacker/ruby_on_skis/d2ea3298e2b13a5517688b27440927100ef9a426/sources/data/depends_1736.csv
6cbf64c94917b71201c0c9f10fb3d18f	github	normal	","	""	""	42	https://raw.githubusercontent.com/scnerd/Picasso/630f9212ed48c11675aa638aaa3959260264f343/AForge.NET/Framework/Samples/Genetic/Approximation/Data%20Samples/sample1.csv
6ce6ea8dfae5509eceba6249dea02227	github	human	","	""	""	558	https://raw.githubusercontent.com/dpj/DPJizer/0f752b3f823e8f13f0b42e26184234b2e744eaac/edu.illinois.dpjizer.effect.core.tests/dpj-programs/23-montecarlo/statistics.csv
6d13e82498b6fe9771121ef6b1982cbf	ukdata	human	","	"\""	""	1062	https://www.gov.uk/government/uploads/system/uploads/attachment_data/file/651860/beis-ministerial-gifts-april-june-2017.csv
6d2eb7110a35c6ad6e706d79fe5fd44d	github	human	","	""	""	16193	https://raw.githubusercontent.com/aabbcc456aa/humance/e50cf904491e1f8cbb7452d43bc0a01b8249d173/employees.csv
6d626882e7f5673b2657b1569e0bd26b	ukdata	normal	","	"\""	""	4998	https://www.nice.org.uk/Media/Default/About/Who-we-are/Corporate-publications/Transparency-of-spend/transparency-of-spend-over-25k-dec-16.csv
6d7d50326cdd6039a01b435e12d05756	github	human	","	"\""	""	603	https://raw.githubusercontent.com/da991319/bank/b2ffcfe0871ae3a5ee851276bcdff0014560608b/public/csv57415.csv
6dd4661e00f64a290b564f6c85b3e158	ukdata	human	","	"\""	""	2048	https://www.gov.uk/government/uploads/system/uploads/attachment_data/file/566873/20161013-Minister_s_Travel-Q1-16-17-Transparency.csv
6dfaa3bdef4aac45d6a908841b2853c7	github	normal	","	"\""	""	247	https://raw.githubusercontent.com/okfn/bibserver/fddc7d9c3c2284758a87395a8662bb543f933cb7/test/data/sample.csv
6e5fd9a8a16b0ee606348077ee493072	github	human	","	"\""	""	60185	https://raw.githubusercontent.com/alanbriolat/alanbriolat.co.uk/ef25a29d9c8667a1d95d5b1bf5c93453455e377b/downloads/mp-expenses.csv
6e6cb9fd660057a0f86a38e00043eefe	ukdata	human	","	"\""	""	3543	http://data.defra.gov.uk/env/wdfg2-wild-bird-pop-eng-201111.csv
6ec9c3d39438944aba0699b767b3a087	github	human	","	"\""	""	124330	https://raw.githubusercontent.com/riordan/nypl-medialytics/1ba7fd2a8f65b744e32516edeecf9c67ca5acc9e/stats/eoy_reports/report.csv
6ed00abf2555b797ee524124241ba3f7	github	normal	","	"\""	""	11571	https://raw.githubusercontent.com/jedp/oakland.pm/49212b6cb6007ef77fb07417b69de4c472fcf229/data/oakland-schools.csv
6ee662d5184b035abc6586337dc0777a	github	human	","	""	""	51	https://raw.githubusercontent.com/ae-hse/fca/9a2ba169b6b1626eb54aeb8b6b6b2916fcfddcaa/fca/readwrite/tests/table.csv
6f303da5c92ed672ca022b8ab56dfdf1	github	human	","	""	""	29	https://raw.githubusercontent.com/gradle/gradle/a79ec3601811a575e81fbcdb3ff7a15d4e267289/subprojects/docs/src/samples/modelRules/modelDslCoercion/data.csv
6f7d0046b648d6d56724edc2497158c0	github	human	","	""	""	26614	https://raw.githubusercontent.com/jeremyf/vocation-conversion/293ce280ecb805153fefa56fdd8cb0f192b8560f/url.map.csv
6fa598c9d13a481a21eae4bbcbfcb010	github	normal	","	""	""	106	https://raw.githubusercontent.com/dysbulic/tip/541b7db805f34922cdd3cdb76961e0d275d24fd9/classes/psy304b/spider_data.csv
6fab3df637f532e296feb5aff1507131	ukdata	human	","	"\""	""	470	https://www.gov.uk/government/uploads/system/uploads/attachment_data/file/687094/20180226-ePC_Data-Travel-Stationery-Dec-17.csv
701205c9ad6db829e30562b2195fba69	github	human	"|"	""	""	253197	https://raw.githubusercontent.com/jtanium/randomdata/3563a538028ebb3e2396998cb093af421d047310/lib/raw_data/streets/street_names_alaska.csv
701fb927221987b73152b5f6cdd30f6b	github	human	","	"\""	""	11536	https://raw.githubusercontent.com/silverpond/travel-app/e48b3ea83a69d7d6da2a67b74cf1d544e2546068/src/rails/db/imports/dl_iso_table_a1.csv
705a5fccc3422a0d13fd72a1adb08778	ukdata	human	","	"\""	""	868	https://www.gov.uk/government/uploads/system/uploads/attachment_data/file/198471/permanent_20secretary_20external_20meetings_20april_20to_20june_202012.csv
70e390fb5b8c80ecc96a3135f3273375	github	human	","	"\""	""	2068	https://raw.githubusercontent.com/char0n/pybrowscap/e81a1054c3f1f4f796600228624d4f993f9533b5/pybrowscap/test/data/browscap_14_05_2012.csv
71a54cf083a9b7df62351848a83432ff	github	human	","	""	""	111	https://raw.githubusercontent.com/deadpixels/shadow/9a6aeed1cba91e10c80e1ed11bf2e5592e4bbf53/file/employee.csv
71c830ccc43f320fe5af4ef1184e5d35	github	normal	","	"\""	""	2980	https://raw.githubusercontent.com/laurent35240/Magento-Order-tickets/342098948e2847006d92d5503a3a02ad12ae0753/src/app/locale/en_US/Laurent_OrderTickets.csv
721c66c13667a0bbfda62ed3af8d853c	github	normal	","	""	""	845	https://raw.githubusercontent.com/idclark/Rscripts/0363bfc88672922a5a217fc4e9a3da392fc124e7/unemployment_vis/unemployment.csv
72534741eb4971ef8b69528146a93b42	ukdata	human	","	"\""	""	3814	https://www.gov.uk/government/uploads/system/uploads/attachment_data/file/545184/FCO_workforce_MI_dataset_June_2016.csv
72acf413b96f6e44a340790968fd59b8	github	normal	","	""	""	13431	https://raw.githubusercontent.com/ggobi/qtpaint/8d37c8c367bb16ab069acbf4143a098f5b24ded5/inst/profiling/painter-ogl2.csv
73627f9f72d89d62c817f8c45163aa98	github	normal	","	"\""	""	27464	https://raw.githubusercontent.com/Chnoch/CG-Serie1/8cb49f0fe636d8f2acd1ed7038690dccf4acef92/.metadata/.plugins/org.eclipse.epp.usagedata.recording/upload0.csv
73ff7717a9e45dcf5199fcfeeb6946bd	github	normal	","	"\""	""	1557	https://raw.githubusercontent.com/adamstrickland/prospektor/b69347e34f17e45ce7015cb0bae55fc79dfd9538/db/data/backup/states.csv
740332903a426f51998d46b01dc21275	ukdata	human	","	""	""	633	https://www.gov.uk/government/uploads/system/uploads/attachment_data/file/409687/PromptPaymentReturn14P11-10.csv
7432562e9991d1b1a47d26d4d28f572d	github	human	","	""	""	9927	https://raw.githubusercontent.com/sin3fu3/inkjet-conveni/42087afab6f0898a6f633816ff5eac1fcdf4819e/data/include/mobile_image_map_docomo.csv
747e3dc896dcaa7442a548a88f89428b	github	normal	","	""	""	77926	https://raw.githubusercontent.com/sgonyea/riak-pbclient/7a0aec4152efea02e3c9e0bddbe4e024ebd38be9/goog.csv
74a135643e5a10d21d8563586c2e9baf	github	human	","	""	""	214	https://raw.githubusercontent.com/pingles/mahout-sample/713489ffbd0f6cd7fde74d8f903dd70035b499c9/data/ratings.csv
74e3165cc6af62a1b129b67b46a10ddc	github	human	","	"\""	""	21470	https://raw.githubusercontent.com/ecell/ecell3-spatiocyte/26a3231e9b022a239956938feabab9099baaee97/examples/parameter_estimation/genetic_algorithm/Data/answer.csv
74e6c45f4b91316801db4c38bbd8f5fc	ukdata	human	","	""	""	5421	https://www.gov.uk/government/uploads/system/uploads/attachment_data/file/184312/gpc_feb2012.csv
74e854a596476593b632a435a073e2c8	ukdata	human	","	"\""	""	6040	http://data.defra.gov.uk/ops/procurement/ah-over-25k-1105.csv
750580b138e212fcb8a9658abb75b496	github	human	","	"\""	""	137	https://raw.githubusercontent.com/railslove/fight_csv/5feef0d829d5375724bdd8307bcbcbc3caa114c8/test/fixtures/cocktails.csv
75955fb48c77872afa6582ca8ca6d4bb	ukdata	human	","	"\""	""	8334	https://www.gov.uk/government/uploads/system/uploads/attachment_data/file/252025/6._September_2013_DfE_family_monthly_workforce_management_info.csv
75ec3203f9ec673d9e1276d9a591f180	ukdata	human	","	"\""	""	1221	https://www.gov.uk/government/uploads/system/uploads/attachment_data/file/675830/HMRC_Officials_meetings_with_tobacco_stakeholders_Oct_2017_to_Dec_2017.csv
7615980c1e91d42112fbff803f9883ae	ukdata	human	","	"\""	""	3092	https://www.gov.uk/government/uploads/system/uploads/attachment_data/file/203584/property-Nov2010-dec2012.csv
76233edc63a8f1efd65fe6fdedf6f64b	github	human	","	""	""	645	https://raw.githubusercontent.com/HoyaBoya/responsys_client/2e48bd894643309cb37f71bbb7e02d522c593e15/test/feedback.csv
764adfe83bef3e9ee16911c8e1b2c3ef	ukdata	human	","	"\""	""	710	http://data.defra.gov.uk/ops/procurement/CCW/CCW+Over+25K+-+JUNE+2011.csv
7750a56437826e7e3882e59a3ce66b71	ukdata	human	","	"\""	""	85991	http://data.defra.gov.uk/ops/government_procurement_card/Defra_GPC_sept16_revisedv2.csv
778068a823a075870d8605f451e69b8d	ukdata	human	","	"\""	""	37306	https://www.gov.uk/government/uploads/system/uploads/attachment_data/file/98259/crb-survey-results.csv
77cfc619a6daff5d5caac8eab3c46d4b	github	human	","	"\""	""	6722	https://raw.githubusercontent.com/somaproject/display/7be2368e68111c3bde090309d1141daacc0796c4/pcb/outputs/Pick%20Place%20for%20display.csv
781c05d404437cfdeb4430d65baecc56	ukdata	human	","	"\""	""	3857	https://www.gov.uk/government/uploads/system/uploads/attachment_data/file/486141/P05-UKTI_GPC_data_August_2015__published_.csv
7822f63c89c32c6e3f8d2d382062813b	github	normal	","	""	""	2442	https://raw.githubusercontent.com/darribas/simVizMap/774462e1291f89857e0926d0e4203cac838f57b9/simVizMap_example.csv
7842ace6cd68ba161575bd41402437c5	ukdata	human	","	"\""	""	7251	http://data.defra.gov.uk/ops/workforce_management_information/2015/Defra_WMI_102015_rev.csv
7855f9f1cad29a77c39dbf46f01cbb0c	github	normal	","	"\""	""	263	https://raw.githubusercontent.com/mhausenblas/web.instata/d2496b35c8f77c9ffeef10109a4244a21a5c1eb2/test/potd_0.csv
78bdc827cee2a98a95fa4c938d2ae24c	github	human	","	"\""	""	23389	https://raw.githubusercontent.com/okfn/handbook/49aedd1efd8fc863f528acde9382f9277d52fa2d/sync%20later/Sample-Spending.csv
793e1ff86039f24caff6fad87a094fa1	github	human	","	"\""	""	150	https://raw.githubusercontent.com/alex-zige/magento_silverstripe/fd235041ed40ce3d5bdf31c6241271b3b8de13f9/magento_part/design/frontend/default/blank/locale/en_US/translate.csv
79486f142f1f53f0fd33bf30067d064d	github	human	","	""	""	68367	https://raw.githubusercontent.com/sdvinay/westbrook/5c3dd333373bb5f0ba8dab36f28d2cf4ed714608/weeklies.csv
795964057763da750971f0990cc3ef47	ukdata	human	","	"\""	""	281	https://www.gov.uk/government/uploads/system/uploads/attachment_data/file/699934/Prompt_Payment_Data_Q1-4_2017-18.csv
796c91a66d8e955b4336e0c115bb95ac	github	normal	";"	""	""	199	https://raw.githubusercontent.com/iamdey/Monorail-Cat/b1463f5204ebc1973493f67790dec0bb1647e960/maps/azesomap.csv
7978051d76752b3c645e9c4f07f11afe	github	human	","	""	""	4657	https://raw.githubusercontent.com/oneacross/kaiserstory/6ff5b82e00de4acbae233bad4652d22131556b7a/plugins/stopWords.csv
798b0bb73a60867efcf837b124dea218	github	human	","	"\""	""	264	https://raw.githubusercontent.com/felipelo/FlatFileParser/a9829c09ce405bd2468e09b51f9716592d7d48b4/delimitedFile.csv
79ad56c2c15f6ee621fe91a6d774bd2b	github	normal	","	""	""	44	https://raw.githubusercontent.com/rmcastil/Transpose_CSV/e8d5c922ee6448878b51572ad1d11d6d3799a6b3/example.csv
7ac2c3e056e1084ffbade3bfd0fd6450	ukdata	human	","	"\""	""	89328	https://www.gov.uk/government/uploads/system/uploads/attachment_data/file/495408/April_2015__25k_transparency_spend_data_.csv
7be02bc65fd8ad5b1d42833d0e7258b7	github	human	","	""	""	327	https://raw.githubusercontent.com/sultan-bhatia/data_uploader/dbd6f191569dd62c8c58d1a7a30082e118a1b8b2/public/uploads/tmp/20100924-1236-288-3407/test1.csv
7bed01499422c80ffdfff214d14eb6b3	github	human	","	""	""	512	https://raw.githubusercontent.com/adamgreenhall/minpower/77c4a8935ac8a53a99688365a1889397b3cce24d/doc/source/_static/demos/commitment/commitment.csv
7bf85c06acb8b4be78ec55b43fdb1d69	ukdata	human	","	""	""	122207	https://data.yorkopendata.org/dataset/524b86d4-4623-40d3-82a2-365b18e43aed/resource/aa468653-ddf0-4823-b146-6b74a2a3a4c2/download/plossecondary2017.csv
7c3287665a4054a3268035e76df7b5bb	github	human	","	""	""	560	https://raw.githubusercontent.com/simplegeo/simplegeo-places-import/6383202ea7039c40e2f435bdd13581ea43523c5d/test_raw_input%2BSGh.csv
7c6d6e21829300d4762f4760b67ed0a3	ukdata	normal	","	"\""	""	35526	http://data.rushmoor.gov.uk/Datasets/Open/Spend/RushmoorSpend500_2013-03.csv
7c96c3e9282f6ea4e052e798b34708e9	ukdata	human	","	""	""	3253	https://www.gov.uk/government/uploads/system/uploads/attachment_data/file/648223/GPC_Card_Spend_July_2017.csv
7cf6b191f2f116e509d150d8681a9521	github	human	","	"\""	""	2618	https://raw.githubusercontent.com/markkimsal/Metrof_FBConnect/fa29406d1b3464326db5ea3e72b0ac5ffb6f16cf/locale/de_DE/Metrof_FBConnect.csv
7cff19d6164228d079527d048c158d51	github	normal	";"	"\""	""	169	https://raw.githubusercontent.com/davebcn87/utils/3b4a6d5215942e1bd7bd4f67830003067aae0034/tests/tmp/test1.csv
7d081c17835165b3d1fccd4a6d57cff1	github	normal	"\t"	""	""	304	https://raw.githubusercontent.com/matthiasbreuer/RapMan-3.1-Profiles/1588948b3241b102492c096549c08c92234f973f/profiles/extrusion/RM3.1%20PLA45%20Z0.25%20nr%20x1.5/alteration.csv
7d6e29d8dceed2f4a63a75be162b6b7b	ukdata	human	","	"\""	""	17038	https://s3-eu-west-1.amazonaws.com/live-iag-static-assets/pdf/Transparency/assetsCommunityValue/assets-of-community-value-3-feb-2017.csv
7d82ca0b4b041d19775da744a89777c2	ukdata	human	","	"\""	""	180666	https://www.gov.uk/government/uploads/system/uploads/attachment_data/file/287065/moj-spend-data-mar-13.csv
7ded3be1d00ee9a35a7e2f0e3bde3c59	github	human	","	"\""	""	7909	https://raw.githubusercontent.com/sauger/forbes/3205cf16a3045e85e4dea97030f4abbfe5494a0c/data/test.csv
7e08b666ee061172ecd9c96ad2201826	ukdata	human	","	"\""	""	586	https://www.gov.uk/government/uploads/system/uploads/attachment_data/file/51037/Spend_20over_2025k_20Apr-May_202010-11.csv
7e2de1d04684b3e59eb3d3b39289b6e0	github	human	","	"\""	""	167	https://raw.githubusercontent.com/lolmaus/food_finder/6f4f3a35af2a68fdac5d73cd5e74332687b6dd17/restaurants.csv
7ecb4fdb6e3b515a837e81ec6d39d2eb	ukdata	human	","	"\""	""	185388	https://directgovinnovate.s3.amazonaws.com/int-search/251010.csv
7fc4d81970e78aa57364dd72cae408cd	ukdata	human	","	"\""	""	46252	https://www.gov.uk/government/uploads/system/uploads/attachment_data/file/143636/ukbf-survey-results.csv.csv
800fd5171259b38f279dbb973e90b38f	github	human	","	""	""	3876	https://raw.githubusercontent.com/mikechambers/ActionScript-3-Development-Task-Contests/e0bba07b8668a9fd362d2ea444cbe1ad7482ca8c/AS3DTC_1/results/results.csv
803eec6afff669cbd768c47dd242b476	github	normal	","	"\""	""	3344	https://raw.githubusercontent.com/nerdyworm/collegesvis/f566addf4f5a4d8146e2e22c8d2b6ad57d630ba1/data/data.csv
806c0a6dd38e9da955dd02e9598042bb	github	human	","	"\""	""	4758	https://raw.githubusercontent.com/geocommons/geocoder/dbe8d9aac2961d85cfe65650ca85d205d01de4a2/test/data/address-sample.csv
808151cc3e7dbd97355c9b25755c751b	github	human	","	"\""	""	71343	https://raw.githubusercontent.com/kyleconroy/bitewise/bd2bd457e547882ef0232e9aba2e37307e7f7ebb/data/mobilefoodpermits.csv
809dbef7643ecf3450ce0985e493de76	github	human	";"	""	""	27754	https://raw.githubusercontent.com/Einstein-NTE/einstein/81f0ea4df9f1d93dfe07ffbdadd7aa02651b0dd4/GUI/EINSTEIN%20Parameters%200.4.csv
812f0b3ab27c2a0ca7afd627a31d657c	github	human	","	""	""	223	https://raw.githubusercontent.com/ansoncat/redmine_importer/ca9feb6b94c628dc1df4621d3cd2f733137ac934/example.csv
826ecd927a626f27e3a48265fd4a6c08	github	human	","	""	""	51083	https://raw.githubusercontent.com/syhw/py-tsdisc/dfebc4150c5b394d2eea0a270f0775f48720d189/hup/data_seq.csv
826f9d9cec7f1cd1531cdaa104c2f58c	github	human	","	""	""	238822	https://raw.githubusercontent.com/bewest/diabetes/6f32061aacb051a15a919d2695505e4caab5c479/log/2015/bewest-history.csv
82b85c4a16f64a9c95b48199903161bd	github	normal	","	""	""	63	https://raw.githubusercontent.com/Donovan-Yang/csvparser/f2bd5b6abe80679eea33f95e497903a2877d897c/src/test/resources/com/thoughtworks/csv/fixtures/date.csv
82c720b7091979e27a4de867d0a557d7	github	normal	""	""	""	38234	https://raw.githubusercontent.com/yorkshiretwist/WTester/3e8ecf4d92a92766c736be5cdca4478fe550bc95/WTester/Helpers/CSV_Database_of_First_Names.csv
83161c1fd1a0c3db9d4bed9b45fce079	ukdata	normal	","	""	""	432	http://www.cps.gov.uk/sites/default/files/documents/data/hate_crime/hate_crime_key_findings/Hate_Crime_Table_2_Prosecutions_by_outcome_0607_1011.csv
8325c6de33e1396a4e4e92d2637be04a	github	normal	","	""	""	39150	https://raw.githubusercontent.com/pcj/arterioj/6fb0ee99242d6e42e5dc75cd9d2b9a63f01d0203/ImageJ/macros/data/angles.csv
836513f9c57aebe1a752fbc5a70894f8	ukdata	human	","	"\""	""	4644	https://www.gov.uk/government/uploads/system/uploads/attachment_data/file/205099/mos-oct-dec-2011.csv
83ee0d7bf041c8ce8783f7e5e43c6887	github	human	","	"\""	""	701	https://raw.githubusercontent.com/karlproject/karl/4f07d6ac1612d532803d577c72b16ab2db7c2e4f/karl/views/tests/test_users1.csv
846c36847593f261306eb8499dc24f3a	github	normal	","	"\""	""	26363	https://raw.githubusercontent.com/patdunlavey/Williamstown-Beat/a44228b100bde7427e7dc59f2c16cdb06d4bd27f/.metadata/.plugins/org.eclipse.epp.usagedata.recording/upload0.csv
849753d3390e0c8b440922354430dd14	github	human	","	"`"	""	1611	https://raw.githubusercontent.com/jrk/llvm-py/1c04eb1c87ef30a82aa043250ac7a7bfd27ac8a3/www/src/intrinsics.csv
852819375224503c2f5458dc1a5796e6	github	human	","	""	""	2148	https://raw.githubusercontent.com/hmgaspar/eesddp/d4c98d4f792e144d867afbea8dea4c22c15231de/exit.csv
852efaee7d07a426a0b7c8c692bc55f4	ukdata	human	","	"\""	""	1261	https://www.gov.uk/government/uploads/system/uploads/attachment_data/file/205638/april-june2011.csv
86018cd10e65370b7c8080a16e25f44b	ukdata	human	","	"\""	""	220294	https://www.gov.uk/government/uploads/system/uploads/attachment_data/file/527269/April2016.csv
8646ea78cceaa78b81b3532ce8bdbaf5	ukdata	human	","	"\""	""	5024	https://www.gov.uk/government/uploads/system/uploads/attachment_data/file/214646/Wales-Office-August-Spend-over-_C2_A3500-August-20121.csv
8697a3944ddd799808ea14f5e794700a	ukdata	human	","	"\""	""	1085	https://www.gov.uk/government/uploads/system/uploads/attachment_data/file/239389/Note_13_-_MyCSP_figures_12-13.csv
871cdb26cf901fe48a5d2d88e01df2a2	github	normal	";"	"\""	""	76	https://raw.githubusercontent.com/preceptor/trilhas-plugin-file/53e7310f4215399fbee75d3922de673b2e639bff/data/language/pt_BR/file.csv
8722878e7a864d12ea6d5a6436ba41b9	github	normal	","	"\""	""	49537	https://raw.githubusercontent.com/timcowlishaw/Dissertation/67ad901d5634f598777d671376afc2d8f1dca78d/results/states-choppy-exponentialBackoffPenalty-lowNTraders-500steps.csv
8722c27db7856dededd6107f12b1371e	github	human	"|"	""	""	188824	https://raw.githubusercontent.com/ivbeg/mosgorzdrav/6269784665efbaeb1814f524b4db6235759cd01d/timeseries.csv
87902380fdf7e26622468bd588c2bf8c	github	human	","	"\""	""	187	https://raw.githubusercontent.com/PhillipTaylor/Wardrobe/66e444db07f640e32a98dcda2adf0dc94a8560c4/docs/chisel.csv
88471f328cb7a00c8ac72c07deaff323	github	human	","	""	""	823	https://raw.githubusercontent.com/victorhsieh/Sabermetrics/ef4a8de27d23b5bdfe13b34a95b4d11affa2100e/test/batting.csv
8864183df6c457fac4c69692e229148a	github	normal	","	""	""	71	https://raw.githubusercontent.com/yui/yui2/e8b0c1e50f56d3c71177cc7809a758c85aeb1fec/src/common/tests/functional/yui/src/test/resources/YUI/data/csvdata/logindata.csv
88fb471634cee2f1446449690b1957e4	github	human	";"	""	""	4627	https://raw.githubusercontent.com/brase/rSunny/f833ad67e0d40f99880858def5df9864f9c544dc/rSunnyCsvReader/sunnybeam.csv
893784cbfd63f84c1b26e54f6001ec24	ukdata	normal	","	""	""	247	https://www.gov.uk/government/uploads/system/uploads/attachment_data/file/357216/dwp-cmg-spend-0714.csv
8972ad7519668f56f804f6d897cfe342	github	human	","	"\""	""	3405	https://raw.githubusercontent.com/nimeshnikum/twitter_api/9db55debe08a419c01e0509bdcdabab78035dc0a/my_new_csv.csv
899da9c7258f93b7e85dea5f7f21c145	github	human	","	"\""	""	1535	https://raw.githubusercontent.com/voidfiles/Basic-Drupal/b2eca1349c34fda422093ca461989235d8ad2d65/sites/all/modules/feeds/tests/feeds/nodes.csv
89b9d714043da9ca76d1019193e5e7ef	github	normal	","	"\""	""	402	https://raw.githubusercontent.com/anthonybarone/clinicalcodesets/f06592055b9d82dbf08feeb8bc1cb7a9aba1b302/clinicalcodesets.csv
89f4b201d9afe3f58935a86179360f04	github	human	","	"\""	""	322	https://raw.githubusercontent.com/fadmaa/grefine-rdf-extension/00beca03a7c9ccc6d93f8e5f7dec61ce87a7f770/test/rdfschema-payment.csv
89fcdcc77d2ec92257ce9b39412f76b6	github	normal	","	""	""	2328	https://raw.githubusercontent.com/aldaeron/csci568/27e7cea12833581c0aaa19ed1b52d8f0b7d317ba/project05/iris.csv
8a0e7600a1405cbe2b40993b18fe28ff	github	normal	","	""	""	222578	https://raw.githubusercontent.com/j2labs/crowdsort/d8afd4ca55bff8d759353f7023d82d2aad938529/web/crowdserver/fake.csv
8a4c428e573f4e4d988242ce38aad70c	github	human	","	"\""	""	1349	https://raw.githubusercontent.com/cindeem/PetProcessing/d55ab290e5b66a499235761f7cd89ae0bdff856b/misc/fsrois_pibindex.csv
8b63b5fa97752e15aa185a3eb7b5c82f	github	normal	","	"\""	""	366	https://raw.githubusercontent.com/bicho44/imglistados/a96526add63cb149c5cc97ee0046f3b623eda95c/sql/localidades.csv
8bfe655ade60578b0614c33363924383	ukdata	normal	","	"\""	""	32920	http://data.rushmoor.gov.uk/Datasets/Open/Spend/RushmoorSpend500_2013-09.csv
8c815b6cf07cee4b1c5c8203ed2381b3	ukdata	normal	","	""	""	417	http://www.cps.gov.uk/sites/default/files/documents/data/hate_crime/hate_crime_key_findings/CPS_hate_crime_prosecution_by_hate_crime_type_2006_2010.csv
8c937dbf65ec416ea1dae4536c1dba45	github	normal	","	""	""	203	https://raw.githubusercontent.com/pat2man/Cisco-Interconnect-Generator/b27cd6ff1cd03b9805e889c4291a305b831945a3/example.csv
8dd2e5d58dbf6ffabf3998aae54b15c8	github	human	","	""	""	35	https://raw.githubusercontent.com/ezsystems/ezpublish-legacy/820d853a5fb643065b854f8e9e5fe7048038e69d/tests/tests/kernel/datatypes/ezuser/data/textfile.csv
8dd34891c91597553e2a3e3c9eaf1b0e	ukdata	human	","	"\""	""	2752	https://www.gov.uk/government/uploads/system/uploads/attachment_data/file/70633/Prompt-Payment-March-2012.csv
8e7f9d8c4a64a4bfc6212d738b1109ee	github	normal	","	""	""	2753	https://raw.githubusercontent.com/dataarts/webgl-globe/d2c3449cad6e1946d907d1e708cd4accb66ea881/polymer-globe/polymer/polymer-all/more-elements/Kratu/example/spaceships_data.csv
8e945c094f6e082085a18d6d3f810903	github	normal	","	""	""	105	https://raw.githubusercontent.com/imranraja85/SpeedReader/7675a1a08e8fcb8beae77648f778975fdde7d62e/test/sample_file.csv
8ecafe4742797583d3344920a3a80d71	github	human	","	""	""	3492	https://raw.githubusercontent.com/paulgirard/wikipedia_scrap/bd5525470d4c0dec7493a725075fd96861973932/templates_parsing/bias.csv
8f94db33591ef9cf24d02eb02574a39f	github	normal	","	""	""	30	https://raw.githubusercontent.com/lopnor/Net-Google-DocumentsList/7991d13b38819f0ddedd0ce31b543c6ac9aa83c7/t/data/upload.csv
90274ead8db01f9adf3c1d56d81c49ff	ukdata	human	","	"\""	""	221	http://www.cps.gov.uk/sites/default/files/documents/data/annual_report/cps-caseload-2009-2011.csv
915a7dc2f835d08387b9ccafbe524c82	github	human	","	"\""	""	11941	https://raw.githubusercontent.com/ecell/pd_visualizer/0274dcb5e540cfdb2a9eeb27035cbc1312fdfeb1/catalog/dichroic/365DCLP.csv
91df1e3681e51cd984c9f53b37232c08	github	human	"|"	""	""	7260	https://raw.githubusercontent.com/jabauer/DAVILA/b2f329e7b3cffe182a84317dc0d52765c89ce703/data/customize.csv
922d75b02da0d98e2ccdd85ec365a47e	github	human	","	"\""	""	748	https://raw.githubusercontent.com/Flagbit/Magento-SecurePassword/95500f46346d8d42b8db694654a9556e1112853c/src/app/locale/de_DE/Flagbit_Securepassword.csv
9231ab90b25fdc2c95d97f20df1195b7	ukdata	human	","	"\""	""	765	https://www.gov.uk/government/uploads/system/uploads/attachment_data/file/485836/ministerial-overseas-travel-april-june-2105.csv
92da0940c151f2e102348baa64ca4d3a	ukdata	human	","	"\""	""	3638	https://www.gov.uk/government/uploads/system/uploads/attachment_data/file/562759/puss-Verma-April-June-2016.csv
9317b8f416bdbd78c3e560cf186c9fed	ukdata	normal	","	""	""	1677	https://fsadata.github.io/non-consolidated-performance-related-payments-made-to-scs-and-non-scs-staff/data/non-consolidated-performance-related-payments-made-to-scs-and-non-scs-staff-for-the-performance-year-2015-16.csv
934b8e14e0f0c794c5a211450d6d99ea	github	normal	","	"\""	""	35	https://raw.githubusercontent.com/kennym/itools/59afaa09e967682b9f6164705884d26b66ccc759/test/tests/test.csv
940455f3d2eabc4a72f63f876b37a181	ukdata	human	","	"\""	""	15654	https://www.gov.uk/government/uploads/system/uploads/attachment_data/file/604532/DExEU_Ministerial_Quarterly_Transparency-_October_to_December_hospitality.csv
9407547fbe162bc2e3c7d009d1775ded	github	human	" "	""	""	132	https://raw.githubusercontent.com/matplotlib/sample_data/2c5d1604e592e87953c1e0f7f895498551e48b78/data_x_x2_x3.csv
94117d09adfff56d738d4518387a1171	github	human	","	""	""	564	https://raw.githubusercontent.com/chaffeqa/Team-Maker/ec34f218ac099d1fef9fb0f4f90bf3d060b4e3fb/data.csv
94412daab8ddcced95b60e2235572e04	github	normal	";"	""	""	34526	https://raw.githubusercontent.com/yangboz/LotteryPrediction/cb4e667f6bdfd67173dc8643c911e783677c6262/Flex/lottery-data/red_bule_balls.csv
9568630adbd6c5f67fb61ff12b7be0cd	github	normal	","	""	""	4603	https://raw.githubusercontent.com/mark-burnett/filament-dynamics/cdd32cda60ecf781643d88b0274d8b7fc82dac9e/integration_tests/short_time/st_expected.csv
957534b7038e330bac710e8f21c630a2	github	human	","	"\""	""	1452	https://raw.githubusercontent.com/dudarev/datavis/4f1f5565e196508d687fa5e35d3311c765873f2f/005_list_subscribers/cnc-donetsk.csv
9584d814d46d5c51244d815266178158	github	human	","	"\""	""	80923	https://raw.githubusercontent.com/joshmarcus/philly_legislative/ccaad79c6c2fe10bbf70813d8a6d63218f530d8e/files.csv
965f46d7415fef5e6e21dcce64df5ada	github	human	","	""	""	3336	https://raw.githubusercontent.com/geoiq/acetate/7c22bfb99989e511726b0aa2cc4b4f7e7308699d/places/Countries-Africa.csv
966d39b67fa766fc89312eb11a278c8b	github	normal	","	"\""	""	147	https://raw.githubusercontent.com/verifeye-xx/inventory/7c05281ff9d5f56f11b48f3485543e821de10e30/i.csv
96837041c19b176dacae6f092f2f1f57	ukdata	human	","	""	""	135	https://www.gov.uk/government/uploads/system/uploads/attachment_data/file/51081/GPC_20Transparency_20over_20500.csv
9687799d0a3bc056bde3ab24b2cec8c3	github	normal	","	""	""	197591	https://raw.githubusercontent.com/anolson/joule/c1a25107fbf7960cd42a34fd5aa102092b116262/test/files/11202008.csv
9697a3ec0dbeeef25f70821871f030fb	github	human	","	"\""	""	139566	https://raw.githubusercontent.com/rcroxyosox/transitap/98c5635ab9f0ba5f4c7fb2c7d5b3eddcd9ef5b38/stop_times_r.csv
96b5213f5b7a29d93ebf6e9e3e260102	ukdata	human	","	"\""	""	549	https://www.gov.uk/government/uploads/system/uploads/attachment_data/file/256170/Transparency_GPC_Transactions_Over_500_Apr_2013.csv
96e41368570949c0b6fb1a93bc7032ae	github	human	","	""	""	1822	https://raw.githubusercontent.com/coderholic/pyradio/92a6725aef3edc86a0f45b5b808769a0dcefea48/pyradio/stations.csv
96f14d06ecffae1f73e02eededfe44ae	ukdata	normal	","	""	""	844	https://fsadata.github.io/average-daily-footfall-in-aviation-house-by-week/data/average-daily-footfall-in-aviation-house-by-week-in-2016.csv
975ebdba0a50061b1798da50f03be6d4	github	normal	","	"\""	""	679	https://raw.githubusercontent.com/SteveMcGrath/pySecurityCenter/0b39f266a3e40462ec706038fb0ecd26f67bb386/examples/sc4/software_simple_report/example.csv
980ea550114fb9a58764c5f6f7997594	ukdata	human	","	"\""	""	4261	http://www.nationalarchives.gov.uk/documents/spend-over-10k-oct-10.csv
9866514f3242e98564336dad482c1a0a	ukdata	human	","	"\""	""	362	https://www.gov.uk/government/uploads/system/uploads/attachment_data/file/80097/sustainability-report-table-4.2.csv
987311a6214041b087c26ce183a8466f	ukdata	human	","	"\""	""	21674	http://data.defra.gov.uk/Waste/NotesforUK_StatisticsonWaste_dataset_Feb_2018.csv
98a5e114b71f9afa9246d36a10293708	github	human	","	"\""	""	10737	https://raw.githubusercontent.com/apache/bigtop/74a66b1e8e0a3721f834bd9c36b826a68b494d34/bigtop-data-generators/bigtop-location-data/src/main/resources/input_data/ACS_12_5YR_S1903/ACS_12_5YR_S1903_metadata.csv
98d5b65cf990125a8167e5fd331e48e4	github	normal	","	""	""	81510	https://raw.githubusercontent.com/nchong/ic_liggghts/58612c15054453f6e7ddb9b71793a818c543dcad/play/pairwise_data.csv
98df4b3ba9ffbf1597e5f3fe272495fe	github	normal	","	"\""	""	103	https://raw.githubusercontent.com/splunk/splunk-sdk-java/b7a527e34b65bf3d20f057d8514c5c46e543efaa/tests/com/splunk/results.csv
98e8da1cf70d307f243f3d10032e695c	github	normal	","	""	""	231253	https://raw.githubusercontent.com/markmo/experiments/0db39dcaa789e436f9b765f23955bda2bf8e77af/market_rent/items.csv
990eaa913930423f181d237a24698db7	github	human	","	""	""	64	https://raw.githubusercontent.com/JackeLee/drobnosti/f2e538deaefd076fbbca471168a3c1710028f55e/mergecsv/classwork10.csv
9997fb7b5e0a715c223695e98ad033da	ukdata	human	","	"\""	""	1018	http://data.defra.gov.uk/statistics_2015/env/bd/ebi_4b_2015.csv
9a2535912d43beaa2238257e5838069b	github	human	" "	""	""	31776	https://raw.githubusercontent.com/sergiokas/utn/38f622db8592a85e41fe9810f87e9f7a00d43bf9/exams/2011-p2-encrypted-transmission/data.csv
9ad8df1a3f129d24d5767bfadbba30ea	ukdata	human	","	""	""	1624	https://www.southlakeland.gov.uk/media/2619/sldc-expense-payments-september-2016.csv
9aef1074648889f350de2bf0f94dfa9e	ukdata	human	","	"\""	""	12892	http://data.defra.gov.uk/ops/government_procurement_card/Jan-Dec%202015/over_%C2%A3500_jul_2015.csv
9b2afd0e74715753c4a479090b01cb8b	github	human	","	""	""	16744	https://raw.githubusercontent.com/ZenCocoon/Maptimize---Demo-1/ee377a17cb781750ec6a69fe408694fad1376a3a/db/bootstrap.csv
9b569e0d12795bf86b7bde1552d37d5c	ukdata	human	","	"\""	""	398	https://www.gov.uk/government/uploads/system/uploads/attachment_data/file/35773/adevertising_q2_2012_13.csv
9c91aec048cfcf8229ffebe2841f415b	github	normal	""	""	""	10	https://raw.githubusercontent.com/wakaleo/game-of-life/7882d5c848c058b65bd6d2901c97143550844a10/gameoflife-web/tools/jmeter/bin/examples/CSVSample_actions.csv
9c9bc4da36c1ca980d44f1497dfe4183	ukdata	human	","	""	""	170470	http://www.royalgreenwich.gov.uk/download/downloads/id/2017/december_2013_payments_over_and_pound500_csv.csv
9cff3101135876578de6d7a3b73a9aaa	github	normal	","	"\""	""	2275	https://raw.githubusercontent.com/rdpeng/cacher/628dbaf11c31e37ad75c7aea94453ce0412ad171/inst/examples/faithful.csv
9d097fa82130f9f7da21385485d6d321	ukdata	human	","	"\""	""	685	https://www.gov.uk/government/uploads/system/uploads/attachment_data/file/214790/Q2-SoS-overseas-travel-05-09-2011.csv
9d1962ce2980c1a6850f8d4569bebf4e	ukdata	human	","	"\""	""	485	https://www.gov.uk/government/uploads/system/uploads/attachment_data/file/381436/GPC_Transparency_data_Mar_2014_travel_and_stationery_contracts.csv
9dbfcfadfe7dd5016bf88e4ced90cc61	ukdata	human	","	""	""	1240	http://data.defra.gov.uk/Waste/Table6_1_Capacityofpermittedfinaltreatmentfacilities_UKandEngland_2012_2014.csv
9dccfcf47490cc4c85caa2f953f31472	ukdata	human	","	"\""	""	643	https://www.gov.uk/government/uploads/system/uploads/attachment_data/file/80150/note-15.csv
9dda17405efc7f39e7ac54bc593ef866	github	human	","	""	""	100997	https://raw.githubusercontent.com/joeroot/mapthedebate/b27a1bfe7ca7bc885459a133ec3f7a212c28879e/db/names.csv
9dee3f18c9fcaf4e69603aa55c865312	github	human	"\t"	""	""	876	https://raw.githubusercontent.com/jwcxz/ACRIS/59c63ce6e6544e93490f402b484e1f70f80b6ea2/boards/prj/commbrd/commbrd.csv
9dfca275f5bf55c43b7027800e724daa	github	human	","	"\""	""	63756	https://raw.githubusercontent.com/WeedMachine/DownUnder-2.0/0642ab0557e9f07d1d17e55935fc9f0a802d6b0e/stringtable.csv
9e03f231511cb4073e9148aa9dc8ffa6	ukdata	normal	","	""	""	14289	https://www.esht.nhs.uk/wp-content/uploads/2018/01/December-2017-Financial-Transparency.csv
9e900b5f4a0308f2a6aacd3f438c7751	github	normal	","	""	""	7284	https://raw.githubusercontent.com/midas-journal/midas-journal-320/999dfa15ef4d0822c3216f6b40feddd4371d4ce9/Morphon/2D_QuadPhaseFilter.csv
9ed2d2573d8dc1d2e014edf2bb93db8e	github	normal	","	""	""	193800	https://raw.githubusercontent.com/hddm-devs/hddm/e3f603a7ffe55412c3152987f9fe73942818c430/hddm/examples/cavanagh_theta_nn.csv
9f01b3ff59ed358e96c8d7251504a485	github	human	","	""	""	9889	https://raw.githubusercontent.com/oivoodoo/Demo-Machine/2f4d964b9091746627499cf2cbde6c3b906e788e/Cache_pad.csv
9f2c3ea68cd16a61b69fa73928db0be9	ukdata	human	","	""	""	400	https://www.gov.uk/government/uploads/system/uploads/attachment_data/file/468614/151014-spads-gifts-given-october-december-2014.csv
9f4be743cb4ba29284b5df373a77d5e4	github	normal	";"	"\""	""	58	https://raw.githubusercontent.com/preceptor/trilhas-plugin-forum/9f19fac92a70704e42379359c349788594515b5a/data/language/pt_BR/forum.csv
9f62de55be5a553a929b0f5e12631631	github	normal	","	""	""	147	https://raw.githubusercontent.com/madsen/postscript-graph/828d5dd0257a15a11cc582b646a668240c9b691a/t/birds.csv
a011958b1ebcc1f4d7ca593a362f4cf7	ukdata	human	","	"\""	""	2896	https://www.gov.uk/government/uploads/system/uploads/attachment_data/file/357963/23_May_14_Ministerial_Travel_Transparency_Data_Oct-Dec_2013.csv
a02561ae94b61c2a9720972ac6b23f94	github	human	";"	""	""	18	https://raw.githubusercontent.com/Saaman/MI-Data-Transformer/65de2fc6b493940be8b9c63c82803754ca0eede5/src/Dictionnaires/albumTypesReplacements.csv
a12794ac08939f780e9ea500f15368ef	github	human	";"	""	""	745	https://raw.githubusercontent.com/Dahie/ecega/a4f37453fb18b678c7f9bb539f06a3d52c302810/energyConsumption.csv
a1341e4b49cd048d8731356aafd6deb8	ukdata	normal	","	"\""	""	2963	http://www.nhfd.co.uk/20/hipfractureR.nsf/xsp/.ibmmodres/domino/OpenAttachment/20/hipfracturer.nsf/44FC84FF048EEFEA80257A7F00359E42/Attachment/17%20Cementing%20of%20arthroplasties.csv
a14e16722549d46c6f548c4006175c4d	github	human	","	""	""	83	https://raw.githubusercontent.com/asami/simplemodeler-prototype/5490c6e6d32016ba429d451c45046e31f240bdde/demo/src/demo.csv
a1b5dadd5b8ebb054057387b3db70215	github	human	"\t"	"\""	""	194181	https://raw.githubusercontent.com/crschmidt/haitibrowser/f45305e6c03e15723e954d499475c55cffc27ba0/supporting/mgrs_index.csv
a24394b6e77b08aa051ec0659675aa40	github	normal	","	""	""	16	https://raw.githubusercontent.com/lisa-lab/pylearn2/ee1350237a3438902ae4df40a2a07029dcf2d6b6/pylearn2/datasets/tests/test.csv
a2a32fc891aba9ca7f5035e05b2c9675	github	normal	","	"\""	""	26184	https://raw.githubusercontent.com/rodrigocabral/workspace/8ad758c6956b6d0f045337988d4d68d9ada90486/.metadata/.plugins/org.eclipse.epp.usagedata.recording/upload0.csv
a3734ad69ff390ba93680b726f66dc5c	ukdata	human	","	""	""	293	https://www.gov.uk/government/uploads/system/uploads/attachment_data/file/356552/HMRC_GPC_spends_over__500_July_2014.csv
a3b3b69d0ea4716a6d7df4c4699fdcf7	ukdata	human	","	"\""	""	7610	https://www.highpeak.gov.uk/media/2795/Brownfield-Register-CSV/Excel/High_Peak_Brownfield_Land_CSV_3.csv
a40d016a19720ee08df00497f6d1ed08	ukdata	human	","	"\""	""	6927	http://www.nationalarchives.gov.uk/documents/gpc-spend-2017-12.csv
a472cde617b7dd904507b7df6c22d059	github	human	","	"\""	""	37874	https://raw.githubusercontent.com/bsavelev/exmo2010/d8d6b50d4639f947325b968ba7eb0a7efd74a381/helpers/sites.csv
a4c5b3c5ff4d7b611681154946c07aad	github	normal	","	""	""	51866	https://raw.githubusercontent.com/blatyo/decision_tree/53b189294078422cd130949e7bcb1f8f68e07fce/data/car.csv
a4f6c40fb1a3525ee76aaa1d8477c7e6	ukdata	human	","	"\""	""	3026	https://www.gov.uk/government/uploads/system/uploads/attachment_data/file/62015/july11.csv
a50cc1aa825a9fbf2293ac6618c1885f	github	human	","	"\""	""	175	https://raw.githubusercontent.com/dooglus/supercali/7ef22691e5bf444e2e0343525fea8b7b6925cb78/files/supercali_import_template.csv
a66e3c7e8ca042f7799f9326985a6a38	ukdata	human	","	"\""	""	43934	https://www.cps.gov.uk/sites/default/files/documents/data/CPS-expenditure-over-25K-Oct-17_0.csv
a6835310cdad2bba3b4a96c36f2cfef2	github	normal	","	"\""	""	24553	https://raw.githubusercontent.com/2011coen316/DiabetesAndroidApp/9e28c50276649331b160bebe8bb50492c45c5b12/AndroidDibetes/.metadata/.plugins/org.eclipse.epp.usagedata.recording/usagedata.csv
a690568da03b977c55d7978c7ddb11be	github	human	","	"\""	""	2592	https://raw.githubusercontent.com/trabian/hyperlocalcu-prototype/0aa0d59343c9f3e6a828360badfe7c13b246c9da/db/seed/items.csv
a6ccf7aa7958dce6bfce0f0a3ebd948f	github	human	","	"\""	""	88	https://raw.githubusercontent.com/rbreu/python-course/e667a6d908ffad3b5ee4bf9d63208f719de5afc3/loesungen/uebung2/adressen.csv
a6d28fe3450b1e9a86a77e13d0e56c70	ukdata	human	","	"\""	""	200806	https://www.gov.uk/government/uploads/system/uploads/attachment_data/file/656933/500-spend-sep17.csv
a6dbe35c1c67fbe84a233f63833f9e91	github	normal	","	""	""	159	https://raw.githubusercontent.com/streety/Unitised-return/2e1657857fb987edaba803e63f7a17731117d8b7/MIDD.L.csv
a72fa7269d8362445892662587e406ca	github	normal	","	""	""	125	https://raw.githubusercontent.com/thealey/slim/2c3df87482730ea21af00ee8b0c55518bccbd208/misc/imports.csv
a74522e060b229a80883268c8751bcf0	github	human	";"	""	""	67	https://raw.githubusercontent.com/mike-park/praxisbills/59cc11e955bdb3d754c161f8aab7a4ec286e3a04/db/private.csv
a7a1efafecd56774d4a74cb3e29b61f2	ukdata	human	","	"\""	""	1575	https://www.gov.uk/government/uploads/system/uploads/attachment_data/file/603259/February-2017.csv
a7d40fc23fa57d878656ebc5365ccb92	github	normal	","	""	""	181	https://raw.githubusercontent.com/jbogard/presentations/a88ae5f2f4742daafc25625e8777065a96d5e9a4/KeepIntegrationSaneWithNServiceBus/src/FileConsumer/ProductData.csv
a8f92db449587bedadac5d0fdf8c7bc5	ukdata	human	","	"\""	""	2621	https://www.gov.uk/government/uploads/system/uploads/attachment_data/file/89061/work-mis-july11.csv
aa228e7dd3fe436ada39133ebb004378	github	normal	","	""	""	29788	https://raw.githubusercontent.com/bvargo/csci568/14f121ccbaa27010053b8881b8467ade284cf2a6/project06/extended.csv
aa27d75ad81a694ea86f133d7af619b2	github	human	";"	""	""	172	https://raw.githubusercontent.com/dalsgaard/turtle.rb/054b608b719d28ba3014ae07cfb30e3759bdc4d1/examples/people.csv
aa93df0f177f3aa822b11aa6dee8b305	github	normal	","	"\""	""	105	https://raw.githubusercontent.com/webpulser/forgeos_core/4b38a7725c8caf0b3050b17a3128adfc27fa3161/test/files/users.csv
aae35d0c322dd176737270ea7328943c	ukdata	human	","	""	""	1580	https://www.gov.uk/government/uploads/system/uploads/attachment_data/file/207089/Table12.csv
aafa9f988c379722af2fe39bb0f2cb8b	github	normal	","	""	""	3800	https://raw.githubusercontent.com/deric/bicing/636f7043110985bf75ed4ee51da3046624fd7a9d/trunk/Bicing/src/aima/learning/data/iris.csv
ab5b1eda4fb90deb863d3e21c7cdfa58	ukdata	human	","	"\""	""	11723	https://www.gov.uk/government/uploads/system/uploads/attachment_data/file/692281/FCO_-_Q3_Ministers_Transparency_Return_-_MEETINGS.csv
ab754ef5bcdf0a3d87680455e63b8c75	ukdata	human	","	"\""	""	108995	https://www.gov.uk/government/uploads/system/uploads/attachment_data/file/586182/HMRC_Spending_Over_25000_December_2016.csv
ad59e4f775fd7e47fdf1daaea0c73b2e	github	human	" "	""	""	1200	https://raw.githubusercontent.com/GaelVaroquaux/mayavi/84286b5646feed3763ecdcb71df059130df3eee3/mayavi/tests/csv_files/11.csv
ad677494cf2033b2eafffc76d9ea8b79	github	human	","	"\""	""	51	https://raw.githubusercontent.com/terabyte/RecordStream/b62cb94533d96816f283308c44e3cc834958d807/tests/files/data.csv
ad6b8927934631196063facb47c6f4c5	ukdata	human	","	""	""	232	https://www.gov.uk/government/uploads/system/uploads/attachment_data/file/342150/HMRC_GPC_spends_over__500_September_2012.csv
adaf8e78680dcc57581a39802661de12	github	normal	","	""	""	23	https://raw.githubusercontent.com/janstey/rider-auto-osgi/a7fbecf605ea054a890f3c4166f7a6a2771a032b/rider-auto-common/src/data/message2.csv
adb22b94b78cf0d8a748a10d80993925	github	normal	","	""	""	874	https://raw.githubusercontent.com/jheer/d3/6c8cef1eefe8ca1beb4d34c7672acf3e38ba6cf8/examples/box/morley.csv
adccb460f62695dc22be087200f39d9c	github	human	","	"\""	""	25767	https://raw.githubusercontent.com/Prizzm/prizzm/30076becb118a713269f364ea097332fc53a64a7/imports/companies.csv
add9de7cc8ea04776b0d956cd0f4da86	github	human	","	"\""	""	125	https://raw.githubusercontent.com/gautamk/FeedPaper/51a5aa841e20eade83eb1625c324776792d9d3a7/some.csv
adeb401ce6fb64fafc0abb3adb25f019	github	normal	","	""	""	48	https://raw.githubusercontent.com/adamgoucher/rspec-selenium-pageobjects/d2b6bc3603111ae782595a950d1a6f73f6c7b85a/lib/providers/usernamepassword.csv
ae1d625981058794c6390f5b1f8abae4	github	normal	","	""	""	364	https://raw.githubusercontent.com/moquist/Moodle-MNetDB-SIS-Integration-Plugins/11bd7c8fb093e15a4b7e1ce30571092b1c73ae5f/demo/moodle-users.csv
ae52a72d1f95c5ae6b76bc669e2b750c	ukdata	human	","	"\""	""	11077	http://www.nationalarchives.gov.uk/documents/gpc-spend-2017-11.csv
af289bebfa1c378165fdccbba5077d99	ukdata	human	","	"\""	""	3449	https://www.gov.uk/government/uploads/system/uploads/attachment_data/file/488996/20150902-Ministerial_-Meetings_with_external_organisations-_Transparency_Q4-Amendment.csv
af3923d1779406bb23669c6ddc1354e6	ukdata	human	","	""	""	19786	http://publicdata.landregistry.gov.uk/transaction-data/Number-of-applications-in-England-and-Wales-divided-by-local-authority-2017-11.csv
af6428cfac6ce33fe8989569dc39d0b1	ukdata	human	","	"\""	""	169485	https://apps1.wdm.co.uk/odr/drdni/Pothole_Enquiries_2014.csv
af66760e8f7d47caa5cb95bfa8b44895	github	normal	","	""	""	155	https://raw.githubusercontent.com/NUBIC/ncs_navigator_configuration/536c75139ac9c1c43ebb9fb5f7b8032ab5a10477/spec/ncs_navigator/every_su.csv
b0085e9a16818698518a49d8720e27c7	ukdata	human	","	"\""	""	6381	https://www.gov.uk/government/uploads/system/uploads/attachment_data/file/203359/October-2012.csv
b18c7a6ff47a0f6baf06cd774cde22d7	github	human	";"	""	""	10	https://raw.githubusercontent.com/facebook/hhvm/dcb1edb726bdaffbd77d33336c7320d21a3b7007/hphp/test/slow/ext_spl_file/csv.csv
b1b39b2b72025c9f90d68db225396469	github	normal	""	""	""	52598	https://raw.githubusercontent.com/brozzis/catalog/a686063000a492909a730787ab33227a0f946ee0/controlla_doppi/solonomi.csv
b1bd37abbb036b320865cb8d225ce81b	github	human	","	""	""	57	https://raw.githubusercontent.com/geishatokyo/GTEMiniGames2011/cf6407c9a8e810f379f94ca5083ecef20dd04e99/murakami/maked/enemylist.csv
b28115736101390f70779a4e81f84bb3	ukdata	human	","	"\""	""	487	https://www.gov.uk/government/uploads/system/uploads/attachment_data/file/286286/GPC_transparencydata_Dec2013_travel_stationery_cotnracts.csv
b311c3d4946459fd05d6b32726969bf7	github	normal	";"	""	""	58	https://raw.githubusercontent.com/uweschmitt/emzed/9c0dba860ba1c8854abc259f102f0fa0fec0cfcf/emzed_files/example.csv
b32f8f685a192aed1abc614ed1f35d81	github	normal	","	"\""	""	269	https://raw.githubusercontent.com/chancemedia/cmlib/89470fddc4e118f514c7e807e27a98050f8d31eb/test/tmp/csv1.csv
b3374ba132d81530b34df075b97511fd	github	normal	","	"\""	""	3457	https://raw.githubusercontent.com/rboulton/registryoffices/3d3dd78d32f52f3611dd12f91628851c95f0fb7e/sourcedata/GRO%20Offices%20Data%20Councils.csv
b33f8ea7b06990d953e72cd1b720d3c8	github	normal	","	""	""	75	https://raw.githubusercontent.com/thepurpleblob/gumoodle/08ad325702848661355cde4a650bc20df2a7fe32/lib/phpunit/tests/fixtures/sample_dataset.csv
b369b47f54ad0b1d0c7792dd62e8e9e9	github	human	","	"\""	""	18861	https://raw.githubusercontent.com/pogigroo/py3k-__format__-sprint/79f59f8d1209003d11fa3d004c7be8f6b0e4c790/Doc/tools/sphinxext/susp-ignored.csv
b3e4af2b3d51665b2ef87b9105d9b422	github	human	","	""	""	10161	https://raw.githubusercontent.com/org-mode-doc-ja/org-ja/624d8578e4fca05a5e841e70a814d7e6aef33d0a/glossary/glossary.csv
b44cdcd61d2c55d3f0117eaebcec56f2	github	human	","	""	""	8665	https://raw.githubusercontent.com/mranga/sipxecs/a435ea62ae1f46968a8fb86ab27eda0bc45fe139/meta/diff_default_exceptions.csv
b4b8efa12aa399ff519b5fcc05030c69	github	normal	";"	""	""	349	https://raw.githubusercontent.com/nilswloka/infodays-example/2f3fb258c075d3784a1a9497c5050a2008b70eb3/src/test/resources/confirmations.csv
b50b0c6b4f7a37104ecf4629a983268c	github	human	","	"\""	""	70418	https://raw.githubusercontent.com/vinjana/bioperl-live/b0b52cc1eebeef12f5704cbf10a99e231c3a7856/maintenance/big_split/file_classification.csv
b512344385b3799732a053d9b88b9c97	github	normal	","	""	""	625	https://raw.githubusercontent.com/IanLawrence/InnovationManagement/0df1bbe736ebfc58e9edc350eb8b02e643207da7/core/media/dhtmlxGrid/dhtmlxGrid/samples/common/grid.csv
b552565e2482341e429298d46ef91411	github	normal	""	""	""	6880	https://raw.githubusercontent.com/sundewei/sadoopClient/1e75d3c210657b11738b1a09f0cdf5831e6890f9/data/randomNumbers.csv
b7232e4060c5f209f470e94c62bbf73e	github	human	";"	""	""	2234	https://raw.githubusercontent.com/denisoid/homebank_import_scripts/994ecbdf6b43e35e9fff4a73d36c57e7d2bc5b9f/Alpha-bank/alfa_example.csv
b7288267f46539729f2227ce68bc3d58	github	normal	","	"\""	""	267	https://raw.githubusercontent.com/nedjo/openoutreach/b453ce62e68e4237b92a954d00937460c56e1b9d/profiles/openoutreach/modules/contrib/entityreference/tests/feeds_test.csv
b72eb3362b142e62bc6196121b0b1deb	github	human	"|"	""	""	3338	https://raw.githubusercontent.com/astory/cs4740_1/c7966c1eff98dd567deb7b066ca32149719a96af/paper/shakespeare.csv
b830d8e1eac3ea07e6548eeae5649d17	github	normal	","	""	""	38086	https://raw.githubusercontent.com/logic/sh2dis/f35ff22f6fcb9f2d9f00f112ceb4fab696168734/extra/sh7052.csv
b8344f47979a15b38874dd89e83e8cf7	ukdata	human	","	"\""	""	32673	http://nhfd.co.uk/20/hipfractureR.nsf/xsp/.ibmmodres/domino/OpenAttachment/20/hipfracturer.nsf/04B437A319018F3980257DB200571C83/Attachment/141015%20NHFD%202014%20commissioners%20report%20transparency%20data.csv
b862c306771770f17fb5f453b8520e9f	ukdata	human	","	"\""	""	8050	https://www.gov.uk/government/uploads/system/uploads/attachment_data/file/562756/sos-April-June-2016.csv
b878e4aaa09c2e08a98a4aa21c8c8f2a	github	normal	","	""	""	4112	https://raw.githubusercontent.com/backlogs/redmine_backlogs/7863c8a8333758ad68905f10c18ff92ecb56795a/assets/javascripts/jquery/jquery.jqplot/examples/KCPsample4.csv
b88353875cfebb99d05ab00ac6a670d6	github	human	","	"\""	""	9881	https://raw.githubusercontent.com/cestella/better_news/497a48175e7cef866defb5de184c9139a3148d62/better_news/data/ideal_points.csv
b8e7860ff304ad36bffa78f8f5560ee3	ukdata	human	","	"\""	""	479	https://www.gov.uk/government/uploads/system/uploads/attachment_data/file/630617/DExEU_contracts_over__10k_1617_FINAL.csv
b95f2e2804c696549205f4b7ba8c1fc8	github	human	","	"\""	""	16994	https://raw.githubusercontent.com/amritamaz/amritamaz.github.io/b8aec0c384ce5ec4c02c7db1bc16c30a6450011f/img/books2017/books.csv
b9682581b1b803c7356582595c7dc84a	github	human	"\t"	""	""	7	https://raw.githubusercontent.com/chadlyon/pydbcopy/94fd5dfc84f711fc2321d54af42b693d0932346c/test/fixtures/testLoadDataInFile.csv
b9836498c294635160b566f5fd45cee9	github	human	","	"\""	""	2746	https://raw.githubusercontent.com/theRocket/wsbaracing/fbcb739f0b736c38bce327c8ab7fadfde2364612/test/fixtures/membership/55612_061202_151958.csv%2C%20attachment%20filename%3D55612_061202_151958.csv
b9b97da8f2d408a1fcdd26bbed0e740a	github	normal	","	""	""	348	https://raw.githubusercontent.com/BiRG/Immune-System-Model/7466d631f00332f0497a35de8628c34763614309/Hall_data_for_AcslXm.csv
b9eabeeb52ee130aa80c6fa8ce921d37	ukdata	human	","	"\""	""	2658	https://www.gov.uk/government/uploads/system/uploads/attachment_data/file/470650/06._Transparency_Report_Sept_1516_CSV.csv
ba11ca3220b07a95db32ca7e121c3a00	ukdata	human	","	"\""	""	9071	http://data.defra.gov.uk/statistics_2015/food/btb_head3_09dec15a.csv
ba99580e38b71ff1a7ad693226837e72	github	human	","	"\""	""	6097	https://raw.githubusercontent.com/driki/Watertown/529a59f503fca867b2f12a69b3d9fa90e213919f/building-permits.csv
bb2a2676180a2e37aacbbed654d55ca3	github	normal	","	""	""	1706	https://raw.githubusercontent.com/jwineinger/Kate-Plot/0c4ab6750a5dfd624db535ab2dc2728d14fec4d5/fenton.csv
bb48958e1589aa59c129a255df48f1a4	github	normal	","	""	""	1141	https://raw.githubusercontent.com/jre21/EECS-341-Project/156ee409c4cb225c837b3bff296f0c7bf824ea7b/players1.csv
bb84d2b6189870a9ecee35698bb5e019	ukdata	human	","	""	""	1739	http://data.defra.gov.uk/Wildlife/Trends_in_UK_butterflies_1976_2016_species_wider_countryside.csv
bb9da80569670bd868ff101303309163	github	human	","	""	""	466	https://raw.githubusercontent.com/diegovalle/Unam-admissions/63ea866d8071aad9f06439b4b4f5b0d2674c12c1/data/enarm-2007.csv
bc335c8b6410acf73082d12136786bd7	github	normal	","	""	""	351	https://raw.githubusercontent.com/TheGiftsProject/Lunchtime-Public/5be93cf6650fd6f5daf5c8c997c74677b54e2706/rest.csv
bdaf966938b63a6f3869624aa8a0678f	ukdata	human	","	"\""	""	2469	https://www.gov.uk/government/uploads/system/uploads/attachment_data/file/476418/Page_141_-_Programme_costs_analysed_by_programme.csv
bdc6f74a2b80f54c2899a48a6594afea	github	normal	","	"\""	""	12951	https://raw.githubusercontent.com/mbrit/AmxMobile.BlackBerry.SixBookmarks-1.1/3d446dbbf77defc009d14e68c6bede81ccad9f47/.metadata/.plugins/org.eclipse.epp.usagedata.recording/usagedata.csv
be2032c4b558822fca13b857820bd99f	github	normal	","	"\""	""	241	https://raw.githubusercontent.com/kovax/dslforge/986b5f85f633a5bbb0fbb5b0cca76eb0476a3ba9/src/test/data/address.csv
be666ed1cb035618b6645f3fca2a22fc	ukdata	human	","	"\""	""	2554	https://www.gov.uk/government/uploads/system/uploads/attachment_data/file/98306/fbo-by-club-supported.csv
bed2380db5e67f25568f3b12477b2b47	github	human	";"	""	""	449	https://raw.githubusercontent.com/foodcoops/foodsoft/1063aea4afa30dfa8024b7256c3f60d2a65e5dcf/spec/fixtures/foodsoft_file_01.csv
befe5a2d9a65edef862a21b21cda9524	github	human	","	"\""	""	175667	https://raw.githubusercontent.com/JoFrhwld/jofrhwld.github.com/43fb36a42d3bd10f47041cfb8a4052c208313ae1/data/ay.csv
bf6fc5f4d2f059f881d8a67f008291de	github	normal	","	"\""	""	2749	https://raw.githubusercontent.com/lampjunkie/php-datatables/463dc8ced2294ff33471c956fc34d25ae80a6dac/demo/data/browsers.csv
bf7848c40421d5222af4a77e5bab4450	github	human	","	"\""	""	14703	https://raw.githubusercontent.com/Freeseer/freeseer/179b66648bfe4416c618cba676be51ede41239c4/src/freeseer/tests/framework/sample_talks.csv
bf7f23df13e66d38a5eff9dcb8c656ea	github	human	"\t"	""	""	73207	https://raw.githubusercontent.com/niraj-dudani/connpy/d194a50fe751af154fee465b74d8fd1bfb7e3d28/tests/analysis/dat/kali-freund-cell-file.csv
bfe7bb02198b0556cc9fa2eb2962c2da	github	human	";"	""	""	38530	https://raw.githubusercontent.com/mblackwell8/sniper/aa5975e76a61b05d69510facfa93df328abd0625/build/Debug-iphoneos/sniper.app/percentHandData.csv
c02633706c63bb0ee63dfc3acd0c950f	github	human	","	""	""	5328	https://raw.githubusercontent.com/smwesten-usgs/tsproc_exp/5b9c8ac4635e9198e5620ca64c9a067b4b021ff7/tests/calcs/BEC_HIT_ANALYSIS.csv
c028f94fea7e8bd607abc0daf7f8e299	ukdata	human	","	"\""	""	5103	https://www.gov.uk/government/uploads/system/uploads/attachment_data/file/198589/workforce-info-nov12-csv.csv
c06bed35e809b716dec805b1f1b9319e	github	normal	","	""	""	60	https://raw.githubusercontent.com/geekrohit/python-db-importer/cc6abdeb5e6518964c3fb69f4262a4db4c4a3a52/csv.csv
c09d3fd37b9b2d8da6819c45c3dfc687	ukdata	human	","	"\""	""	41645	https://s3-eu-west-1.amazonaws.com/live-iag-static-assets/pdf/Transparency/purchaseCardTransactions/Purchasing+Card+-+July+17.csv
c0dd8db31da7148681dc76e4dae9cd8b	github	normal	","	"\""	""	129	https://raw.githubusercontent.com/alexdreher/accounting/c694b2797ea892723c9698b85255cdd8f970e0bb/db/seedfixtures/account_types.csv
c0e0131afd6264de062c44a247bd4e5c	github	human	","	""	""	27480	https://raw.githubusercontent.com/tlberglund/grails-training/d411ea37817d67bf3dce1698795936b325b64a57/three-days/labs/data/people.csv
c145b5a0ee3e3b34312aa2fcaea3fac7	github	normal	","	"\""	""	26751	https://raw.githubusercontent.com/exic/VIS-Labor/9bffc0864044754482ac412a9834fe6de6857cc5/workspace/.metadata/.plugins/org.eclipse.epp.usagedata.recording/upload0.csv
c1d9a9d12b992c323a48b54b067b7129	github	human	","	""	""	23345	https://raw.githubusercontent.com/joshuamiller/loose_change_demo/3bd303b1cec77a569cf5f2d569756847e4daf864/lakes.csv
c223ccf9ccaaa77f7d949b25e8841524	github	normal	","	"\""	""	25372	https://raw.githubusercontent.com/calebshortt/SECAM/286577e1103b3a968b8b7d84b87245fb4325064f/.metadata/.plugins/org.eclipse.epp.usagedata.recording/upload0.csv
c2cc5d32a4394982025627e04306b293	github	human	","	"\""	""	706	https://raw.githubusercontent.com/troywill/tomtom-rails/4eb455f05d5b58a0ee30c9caa1d6632d2ee7284e/lib/csv/1_Sharima.csv
c2e4a5dfc8acc7c112d68da97a3a2c45	github	normal	";"	"\""	""	135	https://raw.githubusercontent.com/vakaras/pysheets/8faa2fc2ad6fb179e0e20f864b27d69d4006d4a3/src/pysheets/test/readers_test/files/sheet.csv
c34be5f5801bbd9210072bfe2b65cb1a	github	human	","	"\""	""	17244	https://raw.githubusercontent.com/cavvia/Flowprint/575690c9cea61eac7671a5a6b59c16d448bce0d3/dat/ldnsub_stops.csv
c3811c3ca7b8e3c0c73563bc1a9c3fb9	github	normal	","	"\""	""	262	https://raw.githubusercontent.com/ifandelse/Parserl-Sample/df0241bbd9231555433dd11623cdedf848ad0fc5/ebin/Test.csv
c3f0494678bb33777e132106facb2504	github	human	","	""	""	393	https://raw.githubusercontent.com/jtedesco/PUREMatchingSelector/5dfa743313c502f0a67bd65879f8fb786be76a32/test/parser/data/mentee/multipleMentorMentee.csv
c4a6c4cd1767185d9bbf57aaff6700ff	ukdata	human	","	"\""	""	152147	https://directgovinnovate.s3.amazonaws.com/ext-search/030711.csv
c6326dc93efd3bb033ed4c957aa7fb85	ukdata	human	","	"\""	""	18044	https://fsadata.github.io/directors-and-board-members-expenses/data/directors-expenses-april-2016-june-2016.csv
c633cde165095fea383d3026057c4c83	github	human	","	"\""	""	1344	https://raw.githubusercontent.com/eilara/GameFrame/40aa0cc36fa3001af7b900f64776cae902f5e94f/doc/diagram.csv
c6e27821bbc60d0c0c6f92f9c53f2c42	github	normal	""	""	""	40797	https://raw.githubusercontent.com/cyrusstoller/Initial-Tag-Library/3068bc8fc1700adb87094222b1872c6be09b2abd/tags_sorted.csv
c786d3b50de74c6908d0355f0a5d0a08	github	normal	","	""	""	189	https://raw.githubusercontent.com/besquared/chugalug/4cecdd85dace91d499384c3b63fdfca654ffba11/spec/data/data_small.csv
c7f19f02899a9ce5d92898fcef218451	github	human	","	"\""	""	56972	https://raw.githubusercontent.com/WeedMachine/LifeRemake/472c5698af1af8bb193defb67d7e58e18565cc58/stringtable.csv
c8033c974557d607215a54bf1e7ed708	github	human	","	"\""	""	54469	https://raw.githubusercontent.com/Vizzuality/whs.old/2f334d3da48555ad97d91bfb7bfd14e693b01bc4/db/import_data/whs-no-wikipedia.csv
c83f2b0b6084258941f8206bffe58efe	github	human	","	""	""	1287	https://raw.githubusercontent.com/mlandauer/openaustralia2/8f81fd450ff182818215f35562b012e5ce31b3d0/spec/fixtures/personinfo.csv
c84167af440bc4fad57b16d659835c47	github	normal	","	""	""	57664	https://raw.githubusercontent.com/michaelbarton/cost_in_evolution/884e7c5a1e578d8cf5d11be35b6d8ae7e9ebc39e/analysis/001_load_sequence_and_alignment_data/r/data/gene_alignment.csv
c8773e8b9df1dda40fcd864dddd3946f	github	normal	","	"\""	""	39917	https://raw.githubusercontent.com/thejefflarson/nicar-mvc/c6ff324ecfc445530d5e5a0e64c410d6bb7c6540/data/data.csv
c8d2d41ec8b8620c912b9ec3c4491ee5	github	human	","	"\""	""	61758	https://raw.githubusercontent.com/mx3/mx/1f76ac6309ed1469764a249f3bdc267a783591d5/lib/tasks/user/my/big/con_img.csv
c926f6876b5453c1a661752a178eb60e	github	human	","	"\""	""	1358	https://raw.githubusercontent.com/propublica/timeline-setter/b84546cb08ef0d45cc0eda0ac0571ce60a4e0e36/spec/test_data.csv
c96088144765d4434d867936f7d65c81	ukdata	human	","	"\""	""	553	https://www.gov.uk/government/uploads/system/uploads/attachment_data/file/661517/HMRC_exceptions_to_the_Government_spending_moratorium_1_Jan_2017_-_31_Mar_2017_-_Advertising_and_Marketing.csv
c971d14ddf55c24cce3996bf65356a2e	github	normal	"\t"	"\""	""	254	https://raw.githubusercontent.com/mstover/AllarPhotos/5db73c89d4531694cd1512d1d95fb7940d0fdc58/test/import_files/ia_bali.csv
c9a723eca2dbd255ff942a0f3515d15e	github	normal	","	""	""	11849	https://raw.githubusercontent.com/davidkellis/stocktrader/d8d5fd3a5e91dce6d98ec6cb6187eab4378e473f/experiments/buyandholdresults_sp500_10_years.csv
c9f18bc7a2d398a3b91469344f7e62e5	github	human	","	""	""	26114	https://raw.githubusercontent.com/titasakgm/man53/20116d34c6dadaf434ea7d7f3954c9bf22e1e636/db/code-educ.csv
c9f2a9900e6ac85ce4f035dedc4eae7c	github	human	","	"\""	""	467	https://raw.githubusercontent.com/cciechad/brlcad/4a785474e5ad5f2c6fc5c0d9074131d322d0e604/src/conv/Formats.csv
ca0b7b76074b9dc55d7c458ea3e11e0c	github	human	","	"\""	""	1907	https://raw.githubusercontent.com/troywill/shilohSchema/a3fbee5aeb91268172d5d33ed223d68cd096d3c3/2010_spring/csv/latest_tarball.csv
ca112a78e2bb7212a85eeba0fbfddcdb	github	normal	","	""	""	915	https://raw.githubusercontent.com/rll/surgical/c0b67f13694254731c64715bf67075a38673ff24/legacy/threadenergy/labeltemplate.csv
ca4cf3e07962ec319c5154d0bfbd1a1f	github	normal	","	""	""	411	https://raw.githubusercontent.com/daisystanton/Anki-Android/a6d9b0b2bcdaeb5bab49b2dc99c38fe3bfe0b9c3/country-capitals.csv
ca50a723363290f2967fd601442dd944	ukdata	human	","	"\""	""	5627	http://data.defra.gov.uk/ops/procurement/1203/rbgk-over-25k-1203.csv
ca88d2c6b70a4d396620ee4fc6060d66	ukdata	human	","	"\""	""	4669	http://data.defra.gov.uk/statistics_2015/food/btb_head4_09dec15a.csv
cabe5f6ae092c6e3184da386c109ad4f	github	normal	";"	"\""	""	120965	https://raw.githubusercontent.com/adrianodemoura/izend/61bd6bc83205758b048b02c483147aa4fd305ad0/docs/csv/cidades.csv
cacaacef5bc7d580346e2182b7e2ce90	ukdata	human	","	"\""	""	72158	https://www.gov.uk/government/uploads/system/uploads/attachment_data/file/251588/noms-pheonix-june-12.csv
cad14917f3ff54730492a4bb75fd5113	github	human	","	""	""	136	https://raw.githubusercontent.com/php2code/School/52cc754390c02dd7d8133c5a78b46e93aede1239/app/attendance.csv
cafb4a5f772886f491f2f2249e57f205	ukdata	human	","	"\""	""	1665	https://www.gov.uk/government/uploads/system/uploads/attachment_data/file/651449/meetings.csv
cb34529492709f3bf5b2e448dab70fb0	ukdata	human	","	"\""	""	2627	https://www.gov.uk/government/uploads/system/uploads/attachment_data/file/89057/work-mis-may11.csv
cb3c198cd24f00d31a692db28a3e815c	github	normal	","	"\""	""	26844	https://raw.githubusercontent.com/johnsonj/nircd/baff908221ec443c9b4f3984cc2488763de0aae3/.metadata/.plugins/org.eclipse.epp.usagedata.recording/upload0.csv
cbbe2342623a70e379bf9186b19fd291	github	normal	","	""	""	1184	https://raw.githubusercontent.com/RaRe-Technologies/gensim/031400c9620347c25992ee33fe476ddc72a5e3a1/docs/notebooks/datasets/keras_classifier_training_data.csv
cc4250e0578ac178c4ccd293ded7d0bf	ukdata	human	","	"\""	""	3756	http://www.nhfd.co.uk/20/hipfractureR.nsf/xsp/.ibmmodres/domino/OpenAttachment/20/hipfracturer.nsf/D1BD25A285E744DA802579F00042FDF6/Attachment/18SecondaryChartEng.csv
cc5dc2bbd3e4d854e06195c75fdfef2c	ukdata	human	","	"\""	""	2978	https://www.gov.uk/government/uploads/system/uploads/attachment_data/file/232042/Figure_1_12-13.csv
cc94c20736296693f649ab436d24001d	ukdata	human	","	"\""	""	2852	https://www.gov.uk/government/uploads/system/uploads/attachment_data/file/207096/Table15.csv
cd832a2ddd2f62eb435f8fcd5f9b5c04	github	human	","	"\""	""	6350	https://raw.githubusercontent.com/ccaballero/babel/5294ad699a53ecac8b8611a327b65e563477fb06/data/i18n/en.csv
cde62db83cacb7d40e7cb893fc25ca23	ukdata	human	","	"\""	""	180156	https://www.gov.uk/government/uploads/system/uploads/attachment_data/file/696312/Feb-2018.csv
ce0a7d808274c3f5c506ffe9b45cfb4f	github	human	","	""	""	1549	https://raw.githubusercontent.com/joychester/Parser_JMeter_raw_CSV/89cec07c8d0702d086673dcf6e34d1fd7cf4f8b9/20101215_141114_rawdata.csv
ce9d7ef6ca801945b7a181f1a64e916f	github	normal	","	""	""	1912	https://raw.githubusercontent.com/unicefuganda/mtrack/d0da25ed784a478ea3fac2724db1e4eaefebff04/mtrack_project/static/uganda/District%2C%20Sub%20Region%2C%20Region.csv
cf41d61b3903c380c6cb1d499cc217b2	github	normal	","	""	""	416	https://raw.githubusercontent.com/guoboism/Flixel_Replay_DEMO/b24a52410cf63047326aa84f8be6068675c94ec4/src/asst/simpleMap.csv
d0553a1293016675a3ca5ebc0c7b5992	github	human	"\t"	"\""	""	9118	https://raw.githubusercontent.com/ryanGT/teaching/8c6b28fbb4afe850a4bbb44c66a621f5cc45a4fe/assessment_info_482_484.csv
d10bba72ece8a14df3e6905797a228fb	github	human	","	""	""	179	https://raw.githubusercontent.com/moritz/autologout.org/6ddbc69a0a82af24b8ea587ca0966b6a6fc2ac98/data/protected.csv
d1135d6f06204cf18bd370432d06cc4c	github	normal	","	""	""	485	https://raw.githubusercontent.com/glocke/LakeBase-parsing/ee176a4c1979ab40869d180fd1259cb22492214f/Waterbase/Data/iso3166_alpha2_codes.csv
d1809195f88c29175ba0996bd340ae00	github	human	","	""	""	156	https://raw.githubusercontent.com/technoweenie/rack-sparklines/f236afe965628580e8ac3308c3400a201b541d2b/demo/public/temps/portland/2007.csv
d19cb5da867757453307dcd10bb69621	github	normal	","	""	""	2944	https://raw.githubusercontent.com/czarrar/connectir_web/418686e1020b18588b8e00434959a357c3a8db4b/doc/cwas/examples/adhd/adhd_model.csv
d19fabcec89f69f91225fd297e1c9ed5	github	normal	","	"\""	""	8074	https://raw.githubusercontent.com/coredump/crisk/40582eccb6f26c42718e6b08ebe42dabf1fbd699/docs/example_data/27002_en.csv
d20089b65f24b91e7491a47446bfdbc1	ukdata	human	","	"\""	""	1593	http://data.defra.gov.uk/env/iwfg16-flooding-201203.csv
d27a3a7986fd5a98400b9ef230469250	github	human	","	""	""	427	https://raw.githubusercontent.com/bixbydev/Bixby/14c744bd0b5c802fe2ee77be723f4e9e35d1e9d6/first_run/SITE_SETUP_FILE.csv
d2c230bf5d4163377b40f73ed9c55912	github	human	"\t"	""	""	190	https://raw.githubusercontent.com/zyxue/pybin/207103aad9584d031ee807345a73fed53dab4e26/mysys/lala.csv
d307efd1c0fab471cb1db70ae81302a5	github	normal	","	""	""	141	https://raw.githubusercontent.com/Cylindric/Bot/38d1a5f4805ead5f9addff20518e8ce969f6aef6/Hardware/Labels-wires.csv
d3303b3bd1e04db10234ee1ef0e50291	github	normal	","	"\""	""	100	https://raw.githubusercontent.com/ccls/homex/ab0bfcbd2fe21d3d93c1b662e77d8df09fe03104/test/fixtures/counties.csv
d39bd2447cdc99b3147582c9c8bbd7e1	ukdata	human	","	"\""	""	252355	https://www.gov.uk/government/uploads/system/uploads/attachment_data/file/318681/Transparency_UKTI_ADMIN_February_2014.csv
d43bb22c86c8c7f484ebd85d41a9c681	github	normal	","	""	""	4457	https://raw.githubusercontent.com/willtownes/python/708d190d2476f03d2adb88075d0b12edf2e36243/Guile/borders.csv
d4412800845e1113a3170a07c5e214c0	ukdata	human	","	"\""	""	304	http://data.defra.gov.uk/ops/procurement/gla-over-25k-1008.csv
d46442906497349aad5e9bc75c10ac56	github	normal	","	""	""	7200	https://raw.githubusercontent.com/Lannyland/IPPA/4b8baffc5dbc66ae0ed571c660e21f99aee9154c/Maps/DiffMaps/Diff_5_modal_identical.csv
d484d3eda197d0d6e803c53576736d56	github	human	","	""	""	3953	https://raw.githubusercontent.com/BIOFAB/Studio/2347b07b4b2e313ffa0666319f8b413b5739fbfb/python/test/ref.csv
d499b93865902750758e4fb829caae44	ukdata	human	","	"\""	""	623	http://data.defra.gov.uk/GPC/CCW-Qtr1-2011-12-GPC-data.csv
d5352a255f89160367106a52b81fd455	ukdata	human	","	"\""	""	3188	https://www.gov.uk/government/uploads/system/uploads/attachment_data/file/502081/10._Transparency_Report_Jan_1516_CSV.csv
d57e07cb3d6e23e4dc04edf4ae5a0d66	github	human	";"	""	""	14577	https://raw.githubusercontent.com/lapsDEEUFCG/Smart_Antenna/3f25eb6b551fd971d4069e240d6268d9a073d8fc/sm1.csv
d5a936d0dd1799eb5110fc95d2669037	ukdata	human	","	""	""	16607	https://fsadata.github.io/pig-conditions/data/pig-conditions-jul17-sept17.csv
d5bb2b34e28303f3dc6c6c4fb6ff1dbd	github	human	""	""	""	1730	https://raw.githubusercontent.com/cesine/ToolsForFieldLinguistics/8d8ff5aa58ea4a56aa6e08285c8e5f208a62ed16/src/groovy/transcoder_sorted.csv
d672a25b23150628455ef07bba0a384a	github	normal	","	"\""	""	1802	https://raw.githubusercontent.com/EvgeniBenderski/peergroup/bb1914a77dc0665c58e4ed4864c61618a6f8b267/db/default_rules_de.csv
d6bce6a8b5b9694d25ac82f454f4c1ec	github	human	","	""	""	14554	https://raw.githubusercontent.com/mlzboy/resys/9b06898f702de3354d659e1ef60999536759d393/resys/ictclas2009/wordcounts.csv
d6cec03861ac38c8fd6e418c4a6318d0	github	human	","	"\""	""	7296	https://raw.githubusercontent.com/alphagov/publisher/fbcb0f7b4a56a38f9b6fc26b8d741a3f1bc98785/data/local_services.csv
d7a82628cec2b682b007b952f97a5f86	github	human	"\t"	""	""	30683	https://raw.githubusercontent.com/bradfordbarr/HacDC-Intro-to-Programming/b0ecd767131f34123a0a6b6d8f6bdbbcb3b992b4/class_4/code/station_data_1h.csv
d7b3de80cf2aa2ee66fe3981a6154d89	github	normal	","	"\""	""	257	https://raw.githubusercontent.com/pierre/goodwill/66c6672ed61905caba006d89ae7be52d0f53e88b/examples/file_store.csv
d7c7e098c0290f3a2575c34433124c3f	ukdata	normal	","	""	""	132	https://www.gov.uk/government/uploads/system/uploads/attachment_data/file/577722/dft-spads-meetings-return-q3-2016.csv
d7c991337e126b51a139aa84a1c5371c	ukdata	human	","	"\""	""	874	https://www.gov.uk/government/uploads/system/uploads/attachment_data/file/207289/Figure_3.1___3.2_G8_ODA_for_health__2008-11.csv
d8398fa164f02f38011fea49e4278127	github	human	"\t"	"\""	""	664	https://raw.githubusercontent.com/cbulock/Init-Builder/0881908d1d7ce44c5e7fa170c5d648cdef380fc9/inits.csv
d88f55b599fdde26ef1cc19edf0902c6	ukdata	human	","	"\""	""	34386	http://data.defra.gov.uk/GPC/NE-Qtr1-2011-12-GPC-data.csv
d8e66740f9540369ace4dfe377dd0945	github	human	","	""	""	5420	https://raw.githubusercontent.com/rwoodid/phonereport/c7f165718392956d5f021375c3f3d72767e6a142/public/assets/bills/1/original/centres.csv
d944f467eb696e8612ff02cf27d29d8d	github	human	","	"\""	""	103926	https://raw.githubusercontent.com/octolabs/wda-mobile/3e0c75d75c9cb133ea11f9efa01cc543192c7556/data/course-detail-description.csv
d95f97c9397ce956b120428d6883843e	ukdata	human	","	"\""	""	2814	http://data.defra.gov.uk/ops/procurement/fera-over-25k-1201.csv
d963b155c8301da6bdf86ae9d965d205	github	normal	","	""	""	560	https://raw.githubusercontent.com/jaumet/Area/52c14423ffbcb043a56610ebb7d1de4f6bbc7788/area-ir/data/IR/SCRAPY/myjsons/NumPapersPerIssue.csv
da561a1a2b1cafada349ae8c7d9c7acd	github	normal	","	"\""	""	18831	https://raw.githubusercontent.com/timbuchwaldt/Studium/306f6aeb47df40431a6550c3ad4bc77c92449354/.metadata/.plugins/org.eclipse.epp.usagedata.recording/usagedata.csv
da9b3089281e56a404ee00b4492ea0ec	github	human	","	"\""	""	2368	https://raw.githubusercontent.com/hstrowd/community_boards/57d0b83e3399a802a11813d8ac437141e9353a48/doc/event_list.csv
daba21d3ff21506784b35dab0c553d16	github	human	";"	""	""	1081	https://raw.githubusercontent.com/ExM/Money/fe220230278a0e87242ee69b0c09b695e50169ca/doc/unicodeSymbols.csv
db3edb38ed56dac1c4b93fef66441407	ukdata	human	","	"\""	""	9325	https://www.gov.uk/government/uploads/system/uploads/attachment_data/file/508932/UKTI__Administration__December_2015__published_.csv
db9b7f9263a6c19076fb2226200411e0	github	human	","	"\""	""	11347	https://raw.githubusercontent.com/rrenaud/dominionstats/fe2a95ad8b132755db09bc3efb8cceb8724e3eee/card_info/card_list.csv
dbaded9e6daf24d69bfe042ac3f52d57	github	normal	","	"\""	""	457	https://raw.githubusercontent.com/mblwhoi/mblwhoi_capistrano_recipes/2885794f15d13619c81bf1efd53afbdabfb3fa2a/scripts/drupal_scripts/set_dla_users/dla_users.csv
dbb48d4cc573388796f4480bdfb20830	github	human	","	"\""	""	19739	https://raw.githubusercontent.com/dbolser/BioWiki/7f800ea6bf9a45e707f7d411683508d8a06addbd/biowiki.table.csv
dbe36ccd110334b528d5e66e5203aefd	github	human	":"	""	""	577	https://raw.githubusercontent.com/logiclord/MMD-Wrappers/7a9868f1ad1f57bea55febd6d2366acc26148823/ecologylabSemanticsEbay/output.csv
dbffe21648fbd698e675ecfce47db0b7	ukdata	human	","	"\""	""	3793	https://www.gov.uk/government/uploads/system/uploads/attachment_data/file/678610/2016-17_P05_MHRA_GPC_Transparency_Data_-_August_2016.csv
dc19a7eef16e95d2d9d74c2d3b644e3b	github	human	","	"\""	""	116976	https://raw.githubusercontent.com/i494-capstone-35/btown_events/29ed800be49431ad38db4fb7fd8845333769790c/db/Events%20Schedule.csv
dc41b9af4bc3f15e5e09e7677b007a09	github	human	","	"\""	""	979	https://raw.githubusercontent.com/mclabs/moveitserver/f83fcdebad79b84b8d3be3980d3e1e0d9139b46a/oxd-wf-prototype/openxdata/server/src/test/java/org/openxdata/server/service/impl/import.csv
dc43e50abc20df4b863dae2a3f779cfe	github	human	","	"\""	""	299	https://raw.githubusercontent.com/pat/sphinx/36804d76f64e192faea099c98c792dfe951fb210/test/test_068/data1.csv
dc894dfdea2022e26b22943c00f4b517	ukdata	human	","	"\""	""	14799	https://www.ulh.nhs.uk/content/uploads/2016/02/08_spend_over_25k_2013_august.csv
dcb16f35625ddc49430b282c04917d25	github	human	","	""	""	143	https://raw.githubusercontent.com/switchboard/switchboard/26c01cd2cc54c1411e6b78c8f79155067b522a47/test/fixtures/file_uploads/contact_csv_import_one_error.csv
dd27e15084aca8120a737d24d6e5f582	ukdata	human	","	"\""	""	872	https://www.gov.uk/government/uploads/system/uploads/attachment_data/file/232279/July-2013.csv
dd2bee68176391873bd23cd6b41e0155	ukdata	human	","	"\""	""	9294	https://www.gov.uk/government/uploads/system/uploads/attachment_data/file/260997/Table8.csv
dd60432bfd3c389504352e350b2a0e2c	github	normal	","	""	""	158199	https://raw.githubusercontent.com/Subsurface-divelog/subsurface/c9b4562a450586d15cd1d27c2f03d9c4bceb6b08/dives/Poseidon_MkVILog.csv
de186bd9a3ae51bde1c325cd3e35b712	github	human	","	"\""	""	281	https://raw.githubusercontent.com/edcrewe/django-csvimport/50b44c1b5b92641ebf02ea107950298cb060c8e9/csvimport/tests/fixtures/bad_country.csv
de69ee1316aa9d364742a5b4c779f46e	github	human	","	"\""	""	34398	https://raw.githubusercontent.com/shunito/jqCandleChart/6c27d5a3253f33188b16e0483257e1a819cb518d/n225.csv
de7178223921be470b439180eb7509bf	github	normal	","	"\""	""	208	https://raw.githubusercontent.com/medialab/hyphe/d77d2f9d1f7cf1be8d3ef884e556a1553d0748db/bin/samples/start_crawling_webentities_from_csv/start_crawling_webentities_from_csv.csv
dea5cbba53416e91c93d005f239994c5	github	normal	","	""	""	214	https://raw.githubusercontent.com/codereflection/DynoPhile/36768c4ef61c311497d80a57aa4949936d38289e/src/DynoPhile.Specs/TestFiles/Emails.csv
df28e0f586f7efdceaa9af0718f0592e	github	human	","	""	""	633	https://raw.githubusercontent.com/piec/dotfiles/5dbd6a5eb64e37a9ac6fc63c9f38ca6f668f22e6/.vim/plugin/highlights.csv
df311fc488934e0292714d2240099d71	ukdata	human	","	""	""	2005	https://fsadata.github.io/fsa-workforce-management-information/data/fsa-workforce-information-december-2017.csv
df75c442aa6b6c0233185f39f5fe018c	ukdata	normal	","	""	""	5107	http://www.nice.org.uk/media/default/About/Who-we-are/Corporate-publications/Publication-scheme/Transparency-of-spend/Transparency-of-Spend-over-25k-June-2011.csv
e01a00e1f07bd3ce272c7a74c1fab3fd	github	human	","	"\""	""	74133	https://raw.githubusercontent.com/jasherai/maatkit/160ef8fc261ca72d9eb47caa8b8c4cf3918f6b17/maatkit/issue-tracker/reports/maatkit-issues.csv
e049ecfc70abb8f48a4f560b8e0d3721	github	normal	"\t"	"\""	""	967	https://raw.githubusercontent.com/johnmyleswhite/gay_marriage/cb3274a045449acfebafac5b24da18d0e2001657/gay_marriage.csv
e085b0ec6b0d8721a436b4a40fcd59b0	github	normal	","	"\""	""	27289	https://raw.githubusercontent.com/ncosmin2001/cproject/2ba8b84f56c37ef7d0fb225ac395b222e17d7d59/.metadata/.plugins/org.eclipse.epp.usagedata.recording/upload0.csv
e122754dca7ca45499dccc1db72242b8	github	human	"\t"	""	""	2324	https://raw.githubusercontent.com/JackKelly/Sustainable-OSM-maps/8bdba7cc48d2049b7f0be85270869143beac5180/kml_generator/bitsandbobs/data_generators.csv
e14467805fdf9c400513d4596e6c2d9a	ukdata	normal	","	""	""	291	http://www.cps.gov.uk/sites/default/files/documents/data/hate_crime/crimes_against_the_older_person_key_findings/Crimes_against_the_older_person_Table_6_Prosecutions_by_Defendant_Gender_0809_1011.csv
e239b94fd04710b5932a9b469eca8e53	github	human	","	""	""	121	https://raw.githubusercontent.com/haisamido/CMMi_Schema/f547bc91289515f3e5879fb86025dfe9508a736c/SQL/mysql/tools/CMMi_Schema_SQL_mysql_capability_levels.csv
e29f3eac043ff05cbdf308be44c7e9eb	github	normal	";"	""	""	7825	https://raw.githubusercontent.com/LoyVanBeek/SetVision/95aff515c367be909817c9617516634fa2e6c802/recordings.csv
e2c6e3bced6e075ede1fdc6fd55537c1	github	human	","	"\""	""	8941	https://raw.githubusercontent.com/jeromyanglim/Sweave_MCQ/3550fa13def87ed30d909aeb0396c07dc47668cf/data/items.csv
e2d1ee54d174756bf6f03b70fbd1b473	github	human	","	"\""	""	232	https://raw.githubusercontent.com/etirelli/jbpm/2d1f6f318d95d6ea0f32103b76646cacec283e21/jbpm-runtime-manager/src/test/resources/data/resource.csv
e382a8ffa6ae5c2c94543a7b3ff72a2c	ukdata	human	","	"\""	""	214819	https://www.gov.uk/government/uploads/system/uploads/attachment_data/file/212526/gpc_transparency_data_1_apr_to_30_apr13.csv
e3cfae422b7786ae9ffec4d2f07302eb	github	normal	","	""	""	3593	https://raw.githubusercontent.com/kcitrenbaum/CSS605/839e84424cac83e2bd13085ffb4d7148e734d147/domination/outputFiles/outputInfluence.csv
e44ae0f3857c5765cb5ccb7e3f4069a9	github	human	","	""	""	255	https://raw.githubusercontent.com/AdamMarshall/Saynt/1785e6d42425872d909205b9f5ca6edf8bf799c5/config/validParams.csv
e4a0faccc4af9c9541ab8271278400d9	ukdata	human	","	"\""	""	1186	https://www.gov.uk/government/uploads/system/uploads/attachment_data/file/486097/Ministers_Hospitality_April_to_June_2015.csv
e4b90d63fc950102daba34ccc0e95701	ukdata	human	","	"\""	""	9296	http://data.defra.gov.uk/env/iwtb31_DWQ_NI_201004.csv
e4ed57373657e53dd69c20ad49187311	github	human	","	""	""	21318	https://raw.githubusercontent.com/brstp/cal3/03cc00d8b3793474ec70ef5d988f8d914584463d/db/data.csv
e4fca6128ed8d92edb7d1a936322dfce	github	human	","	""	""	51075	https://raw.githubusercontent.com/japanrock/prefecture/74ec2992fcff6dd906456ccf44121cb3633c3d10/071001_1.csv
e53895675a28af6b7377d18b81d42891	ukdata	human	","	"\""	""	489	https://www.gov.uk/government/uploads/system/uploads/attachment_data/file/481249/GPC_Transparency_Data_Sept_2015-Travel_and_stationery.csv
e57a0958ccf0d391931ac91da33822da	github	human	","	"\""	""	89569	https://raw.githubusercontent.com/sethwalker/importer/af68b2d3479e6ab5c1cd3cd545afccd0300bc20c/test/fixtures/files/os_commerce/import.csv
e5aabfdf6ea6856c81871c3b26e06fc8	ukdata	human	","	"\""	""	4187	https://www.gov.uk/government/uploads/system/uploads/attachment_data/file/27335/wim_April12.csv
e5d4742751c715f8d33fd82b718801cc	github	normal	","	""	""	2620	https://raw.githubusercontent.com/matthewmccullough/hadoop-intro/8126ef3b65811d8288093e8ff1ad16d7b40d8aea/pig-example/people-small.csv
e5fb8280d0121960f432ab8f060d813f	github	normal	","	"\""	""	16890	https://raw.githubusercontent.com/stucka/Georgia-sex-offender-mapping/69ea42725c0a61269a3d323f797b3ff189edbb36/gaboundingbox.csv
e6a8f0fbf36033a88933d41e8e34053e	ukdata	normal	","	"\""	""	515	http://www.cps.gov.uk/sites/default/files/documents/data/hate_crime/hate_crime_key_findings/CPS_hate_crime_prosecution_outcomes_2009_2010.csv
e6f5284cd72fdf2d0cc054ef4be5cf6d	ukdata	human	","	""	""	114836	https://www.gov.uk/government/uploads/system/uploads/attachment_data/file/666430/dwp-special-advisers-meetings-jul-sep-20_17.csv
e76269921647c1d0445152d4279dc1b0	github	normal	","	""	""	12873	https://raw.githubusercontent.com/armstrtw/pymc_radon/9f3e88118d420c9ad752d846bf1db1e0368997d9/srrs.csv
e7913ae0a832acd01977f7d04f36bf2f	ukdata	human	","	"\""	""	11910	https://www.gov.uk/government/uploads/system/uploads/attachment_data/file/438558/HMRC_Government_Major_Projects_Portfolio_data__September_2014v2.csv
e7c1634f3659f9e894d6696945dfaded	ukdata	human	","	""	""	1366	https://www.southlakeland.gov.uk/media/2641/count-of-senior-salaries-15-16.csv
e7cb2ae75b1ed4a4a27ddc71193b4982	ukdata	human	","	""	""	5745	https://www.gov.uk/government/uploads/system/uploads/attachment_data/file/650528/TPS_Spend_August_2017__25k.csv
e7df0f032b9a8306d5d56956374a1298	ukdata	human	","	"\""	""	23253	https://www.eden.gov.uk/media/2342/period_09.csv
e81de2642aec7ce62969233a028107e0	ukdata	normal	","	""	""	2027	http://data.defra.gov.uk/Wildlife/farmland_bird_species_trends_England_1970_to_2014_rev.csv
e885c7c86712ab2bc474f1d1be70eef6	ukdata	human	","	"\""	""	4090	http://media.vam.ac.uk/media/documents/about-us/2012/transparency/spend-data-april-2012.csv
e8ad04604bea0f7706b49afc6d4bdeba	github	human	","	"\""	""	20292	https://raw.githubusercontent.com/nervetattoo/Bergenbudsjett/3a7c4b9d16913e6f42f751dd4624194e58bb6163/resources/grants.csv
e912c1a2ec3a4c4b5628516a65e8e4c2	ukdata	human	","	"\""	""	6557	https://www.gov.uk/government/uploads/system/uploads/attachment_data/file/289593/DH_WMI_July-13_130314.csv
e91cf49214240031015ff7fa3f7cd008	github	normal	","	"\""	""	33703	https://raw.githubusercontent.com/bengioe/bengioe.github.com/fe09adba643318fd9eedf1ef6aa5342288f66271/files/twitter_emotions/test_set.csv
ea303c085181f197b2f697dd89646213	github	human	","	""	""	705	https://raw.githubusercontent.com/dkobia/geodict/f1b8467fcb85dea71e4823e205278f513a8a8434/data/stopwords.csv
ea5b9020ad4bef5370baf0eedc756368	github	human	","	""	""	133	https://raw.githubusercontent.com/ahamid/veritas-demo/85df66a3c7faab74fcdb97883552dcc8a55f5578/data/owners.csv
ea868fafe62f4180e54059c20f5c9045	github	human	","	""	""	244184	https://raw.githubusercontent.com/teammaru/NxtCommunicator/5352bce109d5f999dde1ec3f98d51359efe27994/sample-log/1lap_s50_30_80.csv
eac5d79977fb54c2f16f7c4aa34fc328	github	normal	","	""	""	20	https://raw.githubusercontent.com/sugarcrm/VooDooDriver/1a5d08b223371f07dbe8ccc20430999124700e74/tests/test-scripts/csvs/table.csv
eb11dbf1de747438ccca25d390bed5fa	ukdata	human	","	"\""	""	1494	http://www.nationalarchives.gov.uk/documents/complaints-dec14.csv
eb53d05a2237309a5e65e17657dd57ba	ukdata	normal	","	""	""	363	https://www.gov.uk/government/uploads/system/uploads/attachment_data/file/358396/GPC_aug14.csv
eb5493561d3dea0666e43cc2dc5efe2b	github	normal	","	""	""	65	https://raw.githubusercontent.com/mharris717/import_everything/acf8b0e8cfaa623f4b6fa49bc798e002dd3a5fa0/spec/data/players.csv
eb75bf550af343fa9d248cc5b3f7bbab	github	normal	","	""	""	36	https://raw.githubusercontent.com/trifork/sdm/2b7b1a63afa062fd8330eb1744d9db6f30d0d83b/nsp/cpr-ws/src/test/resources/getPersonDetailsQueryParameters.csv
eb9211abd973841301de57cbd7572878	ukdata	human	","	"\""	""	144677	http://data.defra.gov.uk/ops/procurement/defra_%C2%A325K%2B-%2BDecember%2B2013.csv
eba9e7ad3c305f9c1ddc56bd83366d39	github	normal	","	"\""	""	37844	https://raw.githubusercontent.com/usrusr/sturmonanny/fe5857913c1b5c9aa2b7ffe908b36b56c4f08080/src/main/resources/mapbase/IL2MultiObjects.csv
ec12966ae30aae4101381d65a94413e5	ukdata	human	","	""	""	312	https://www.gov.uk/government/uploads/system/uploads/attachment_data/file/468575/151014-spads-gifts_received-july-september-2014.csv
ed1abe11d7738bf6ceb0a2ae4c62caee	ukdata	human	","	""	""	143	https://www.gov.uk/government/uploads/system/uploads/attachment_data/file/463913/property-april-june-2015.csv
ed2461fa30b1f07f5639901fb325e43e	ukdata	human	","	"\""	""	412	https://www.gov.uk/government/uploads/system/uploads/attachment_data/file/193863/20130502_spads_meet_external_org.csv
ed37f9f96d57b8e2389c36ee857532b1	github	human	"|"	""	""	27750	https://raw.githubusercontent.com/burto/mkgmap/5b27f71b20f6c4289fa91b2a51c605bf143d1e43/resources/garmin_feature_list.csv
ed6291f8e204e52859df23a9ff02da18	github	normal	","	""	""	213	https://raw.githubusercontent.com/stefanotravelli/seam-2.2/8fec4a5311300bc309bb47f9aafcb85e3e753063/examples/mail/view/numbers.csv
ed90e7933a993bebd2a7a7eb1b8b484b	ukdata	human	","	"\""	""	2276	https://plymouth.thedata.place/dataset/7a170d86-04db-48d5-b312-78619be81c28/resource/e7275542-16bb-4fa7-80c5-fc5cead806be/download/occupation2011.csv
edb28e9406c125b42ad7fd1a92a530cc	github	human	";"	""	""	4653	https://raw.githubusercontent.com/eckes/wandern/31932e18509360fa17f3cf0f7621d2f7b6c1c5e4/csv/fuw1.csv
edd58fbb19b04000a4eb6bf5dcdd59dd	github	normal	","	""	""	95	https://raw.githubusercontent.com/voomify/importer/408ba447a1711f9494c8ec4d1d6a03f82c730431/pkg/importer-0.0.1/spec/files/test_import.csv
ede1c853b641d51b9fb264af43620311	ukdata	human	","	"\""	""	9437	https://www.gov.uk/government/uploads/system/uploads/attachment_data/file/468137/20150902-SS_Chiefs_Transparency_Return_-_Meetings_-_Q4.csv
ee9348173bdf6a493842e81078c29322	ukdata	human	","	"\""	""	15834	https://www.ulh.nhs.uk/content/uploads/2016/02/04_spend_over_25k_2013_april.csv
eec7b69e3956632919be07fd2f468b2c	github	normal	","	"\""	""	25291	https://raw.githubusercontent.com/victordgt/rastreabilidade-plugin/6eaa09f85e57ea8390bb17799cefc5d7cc542a11/.metadata/.plugins/org.eclipse.epp.usagedata.recording/upload0.csv
eed3691d1cb9229b8bdcc109a76990f4	github	normal	"\t"	""	""	524	https://raw.githubusercontent.com/basicthinker/Quatrain-Glickr/ed58c7532dffab1fe5cfa765ff4f0188943657da/log/glickr-indi.csv
ef15de810b3992210112c3f6a0701eeb	github	human	","	""	""	312	https://raw.githubusercontent.com/ekylibre/ekylibre/14d83400c11579b7ed251e4f707a49a9ba1ef5c5/app/exchangers/agro_systemes/soil_natures.csv
ef45828e8cc3d58658b70601f4968910	github	human	","	""	""	294	https://raw.githubusercontent.com/joehara/Clab/507fdf264ad7789a7b24c73143b00813383ce80f/admin/Book1.csv
efb86705ba2bcf33ac83303b38d94622	github	normal	","	"\""	""	1486	https://raw.githubusercontent.com/Bnei-Baruch/megacms/78d42bc2c6f28261458ef7bf709f0fd68baad399/public/ckeditor_assets/attachments/2/users.csv
efeb3ab5ca93fc944bef4d8582b82461	github	normal	","	""	""	195	https://raw.githubusercontent.com/AnthonyNystrom/GenXSource/b68ac516086974f82dc6d341df222e5cedb1c834/Genetibase.MathX/Genetibase.MathX_IMPLEMENT/FPlot_source/FPlot/Backup/data.csv
eff6388a4c89d51680194e36b11d4872	ukdata	human	","	"\""	""	297	https://www.gov.uk/government/uploads/system/uploads/attachment_data/file/194064/pmhospitalityoctdec.csv
f00ba64b9a0f245323ac49fac9eac3c2	github	normal	","	"\""	""	2445	https://raw.githubusercontent.com/lawnjam/megabus-scraper/10a0faa5aa0907734625c96357dbc05e2e6e46b4/megatrain-routes.csv
f021e33539e99d587355abd3ce578e9b	github	normal	","	""	""	3096	https://raw.githubusercontent.com/DerDu/AIO-System/2e3fea51bf134ce4c0061b974033e6db8371632c/Module/Chart/Phplot/phplotdocs/ohlcdata.csv
f0f771d49875ebbf19751745a92aee6a	github	human	";"	""	""	855	https://raw.githubusercontent.com/specht/ptb/0ce5ae97d09f5ff2d1ac10cb649be82af5dfb92b/src/res/AminoAcids.csv
f14cf212231e6491c23c4c01cdb82e18	github	human	","	""	""	30211	https://raw.githubusercontent.com/wsultani/AcidTest/ee4a300b588dc8ac1a294005f048e7bbdfa63524/web/web2.0/upload/1289862356_statistics.csv
f19f48d8143ba37f84ed196d919624b9	github	human	","	"\""	"\\"	73341	https://raw.githubusercontent.com/whiteshark/kunagi/d1287f5f747e2af76a2032344c670288da28ea6f/src/model.csv
f24a64a8c5a7e47b3098367ba4912ac0	github	human	","	""	""	14432	https://raw.githubusercontent.com/scieloorg/PC-Programs/f1aa3630fc1f7276075ca8075ad8766c5415592f/src/scielo/bin/config/subjects_categories_wok.csv
f282270187c7bbf8edfbc404591f792d	ukdata	human	","	"\""	""	2582	http://data.defra.gov.uk/ops/core_tables/CoreTable+3+-+capital+-+2011_12.csv
f29863a5e9bbca875e3853e405f14043	ukdata	human	","	"\""	""	632	https://www.gov.uk/government/uploads/system/uploads/attachment_data/file/202928/permanent-secretary-meetings-jan-mar-2013.csv
f377b1864a5fd4ab17775f4a66ebaf7f	github	human	" "	""	""	2903	https://raw.githubusercontent.com/donghee/firefly/74f51b41c870cd860c9861e8762868a1cbb1bb61/firefly_partlist.csv
f3f12838acdf18cda35d8caf13f4d1d4	github	normal	","	"\""	""	21957	https://raw.githubusercontent.com/SnapFresh/SnapFresh/0d086b8056f6e63e63c458a5fdebe65742dabb3f/db/fixtures/retailers.csv
f40187df229d63aa987ab18526ac4758	ukdata	human	","	"\""	""	3443	http://data.defra.gov.uk/ops/procurement/1202/fera-over-25k-1202.csv
f4cc2641da48d78613e9c8994214b095	ukdata	human	","	"\""	""	137869	http://www.royalgreenwich.gov.uk/download/downloads/id/833/september_2011_payments_over_500_csv.csv
f4fe5805bf6edf00d6524d211f5856c8	github	human	"#"	""	""	2839	https://raw.githubusercontent.com/danilat/eldisparate/ecb608ae4ea3838be5ba854b62cf989784f339f0/web-app/data/DatosINE.csv
f5493128ea1abe1b73dbdc374635f217	github	normal	","	"\""	""	27398	https://raw.githubusercontent.com/perlsaran/rakudo/1c353426c2359d0005653b2221d9d789e2eb8b50/docs/spectest-progress.csv
f55737c3193bb897c42fe817f0bb7130	github	normal	","	"\""	""	90	https://raw.githubusercontent.com/back2arie/Kalkun/a1a6b94cdd31235ec8c429e217b81eef623618d9/media/csv/contact_sample.csv
f5ad528ac2d964aaf67548ec36bacfef	github	human	";"	""	""	636	https://raw.githubusercontent.com/dboissin/s-99/6ab68641bef293f3ee389424807860e76b57d9e5/s99-showcase/modules/s99-problems/src/test/resources/berlin52.csv
f60a4fc4a6db594f933f6bdfa7b126b9	github	human	","	""	""	132016	https://raw.githubusercontent.com/neilkod/canabalt/5ce39e27eddb95a4d24365337f4cd7a187413a55/data/canabalt_scores_with_username_and_timestamp.csv
f636e36ac6a6dce7b61c7473c79ca221	github	human	","	""	""	81963	https://raw.githubusercontent.com/danwold/LBPExtractor/244d59d1bbb0d450b8f5b6d8dec3f1da8dd2f7ee/log.csv
f69acca56f34976a5a1b8f8ee87dc6e1	github	human	","	""	""	40807	https://raw.githubusercontent.com/jlippiner/Good-Ventures/54580370c8cffc4ab57106ddd35e3be65ab124a7/vendor/gems/adwords4r-16.0.0/lib/adwords4r/data/categories.csv
f6bb7b44e4b768d87324719716b631bf	github	normal	","	""	""	61	https://raw.githubusercontent.com/pillowfactory/csv-mapper/97fa18890f891c0c01326b95cf2695965ea43797/spec/test.csv
f6bcc1e07b31e5275adea67d6be7e6f1	github	normal	","	"\""	""	1471	https://raw.githubusercontent.com/baswenneker/bibmix/1b7e586295c13b025058cf159af12a1d0d5aa9ae/evaluation/testset/queries.csv
f6f59985b5c01f4d96803533ed3d4634	github	human	","	"\""	""	2502	https://raw.githubusercontent.com/OyoKooN/mt-AccountCenter/87a27ccc8211d6538a9823b58c001041f4911e69/servdefs.csv
f700d07613ca9bb701a14fc3bb1f1674	ukdata	human	","	"\""	""	10963	https://s3-eu-west-1.amazonaws.com/live-iag-static-assets/pdf/Transparency/grants/gransttovcs2015_16.csv
f717e76c99b161b612977cdae2df4e08	ukdata	human	","	"\""	""	56735	https://www.gov.uk/government/uploads/system/uploads/attachment_data/file/568377/TU_October_2016_Spend_Report.csv
f78e18f8b5f15da4ae8a4c93fea6ac87	ukdata	human	","	"\""	""	84222	https://plymouth.thedata.place/dataset/dfd65e7c-28aa-4fdc-bdee-23f21abd3f92/resource/7f7ed8d3-7da3-400e-9a0a-9aecdfdca874/download/plymouth-city-plaques-2015_clean.csv
f791c8349345f406c1b2f5604e3be521	ukdata	human	","	"\""	""	3572	https://www.gov.uk/government/uploads/system/uploads/attachment_data/file/239370/Statement_of_Cash_Flows_-_Dept_Group_12-13.csv
f7e2c6af75c91169a6fec53cea256dc3	github	human	" "	""	""	1933	https://raw.githubusercontent.com/dodikk/iPalmGraffiti/55fe3f1b27fef7fbaa3a597099a49d0a61a62ac0/lib/GraffitiRecognizers/samples/MseRecognizer/english-letters.csv
f830a7151572b2109e053666bab71054	github	human	","	""	""	209	https://raw.githubusercontent.com/expectedbehavior/doc_raptor_brownbag/2aac9a96fcd928ff1681f953ec014d8b1873862d/excel/01_some_data.csv
f849870418a9473065b8ec58b0bc704b	github	normal	","	"\""	""	27518	https://raw.githubusercontent.com/particle/rakudo/73a3952d0a858cc9e27a2afc402005b5a04bbc95/docs/spectest-progress.csv
f87fecb295d32f62ea1379f85ae8d8f4	github	human	","	"\""	""	242003	https://raw.githubusercontent.com/jujudellago/mfegg/1041ebb23f4162d56865359db12ee5dae45f29d1/mfegg/vendor/plugins/globalize/data/translation_data.csv
f8ba6803b7fa2746f51d25be9332dee7	github	normal	","	"\""	""	218999	https://raw.githubusercontent.com/jeroen/yeroon/a3540cf83a157e079916a1306c569e7098126ba0/ggplot2/myMovies.csv
f8c9745c96849ce164f3210e9e82a972	ukdata	human	","	""	""	4087	https://fsadata.github.io/product-recalls-and-withdrawals/data/product-recalls-and-withdrawals-july-2017-to-september-2017-quarter-2.csv
f8e2a794bc9c73e3f77c54ff1eddf25f	ukdata	human	","	"\""	""	1282	https://www.gov.uk/government/uploads/system/uploads/attachment_data/file/194070/dpmmeetingsoctdec.csv
f94c5ccdbab481bcb4c3c7a79f0507ca	github	human	","	""	""	112	https://raw.githubusercontent.com/frankk00/realtor/edd35e075be8ca235db354e5f0cc015ecc3ef3b7/scripts/batch/data.csv
f9b7cb6d69998b9dd1821d8a3f6fd87c	github	human	";"	""	""	223360	https://raw.githubusercontent.com/acarmisc/webcallcenter/5045dd4c5a6f9df90c6f376d8313ed6962532157/data/db1.csv
f9fd9f4c4f9cbd88dab90e1c625e08ba	ukdata	human	","	"\""	""	40149	https://www.gov.uk/government/uploads/system/uploads/attachment_data/file/98253/ho-survey-results.csv
fa249e52a41cb4e966468899530114bb	github	normal	","	""	""	138	https://raw.githubusercontent.com/fffergal/SuperSim/0fb426e7101ebc9bffccc521898d8dc97e10a69f/customerprobs.csv
fa941011dbf206fee5df11724aabdd72	github	human	"\t"	""	""	655	https://raw.githubusercontent.com/sneumann/de.ipbhalle.msbi/46de5291a7137ad5b305f1ce65c6a6f36057805a/de.ipbhalle.metfrag/src/neutralLoss.csv
fb75d06cdf2679b5434caa94680f457e	ukdata	human	","	"\""	""	2214	https://www.gov.uk/government/uploads/system/uploads/attachment_data/file/412434/20150119-Apr-June_2014_Ministerial_Hospitality_Recieved.csv
fb9807a60b4e9d1e91dfe9e585f228b3	github	normal	","	""	""	20721	https://raw.githubusercontent.com/bver/GERET/4b9720894878ef9f9bf93b06b8975ad2b654cb2f/sample/pid/data.csv
fbe33324f03b64250f345c7bf9a26d73	github	normal	","	""	""	799	https://raw.githubusercontent.com/jroo/bdad/6c1e0fe65b053da16f9b1b84a3122cb065cf6292/lib/fips.csv
fc0d7e8c47bf02c8832b733bb0219ac5	github	normal	","	""	""	1144	https://raw.githubusercontent.com/svs/misfit/7efecec3cda770208441d4e2737b36ff18ac616e/spec/fixtures/pmt.csv
fc41b8a6802052412f1db624b2ccd407	ukdata	human	","	"\""	""	3158	https://www.gov.uk/government/uploads/system/uploads/attachment_data/file/351488/CO_workforce_management_report_July_2014.csv
fd98cf7c830c08e2f0359b51bf51ae05	ukdata	human	","	"\""	""	50147	https://www.gov.uk/government/uploads/system/uploads/attachment_data/file/271837/Jul_2012.csv
fdd451fa6f528ff3089f3afc6466c562	ukdata	human	","	"\""	""	3372	http://data.defra.gov.uk/env/cwtb01b-bathing-survey-201111.csv
fdd8980bf2d7de38bade03e065cc936c	github	human	";"	""	""	90195	https://raw.githubusercontent.com/Bigcheese/l2adena-l2j-datapack/bb9e811f4e8fd1fab6b6fc9841517ec0d7736941/data/door.csv
fe161d7b7aff46ca611a471bab77bb4c	ukdata	human	","	"\""	""	166	http://data.defra.gov.uk/statistics_2015/food/num_hholds_interest_in_bus.csv
fe356a8e9b222ec5b33790818d511542	github	human	";"	""	""	10	https://raw.githubusercontent.com/eminetto/Template-ZF/b710b7e0795791426437cf293a54f771aa9f398a/lang/pt_BR.csv
fe4abfb24688fa0b8e80f88b08a28ead	ukdata	human	","	""	""	689	https://www.gov.uk/government/uploads/system/uploads/attachment_data/file/668790/Prompt_payment_return_P8.csv
fea0085cc5350e829e17e221e1ab6df8	ukdata	human	","	"\""	""	5334	https://www.gov.uk/government/uploads/system/uploads/attachment_data/file/193841/2012_13_Q3_Business_Expenses_FINAL.csv
fee4561d1bb2ec893be9918013e13fd8	github	human	","	""	""	3214	https://raw.githubusercontent.com/gkliska/razvoj/4c5a370554bf62ae49633016c03a133d60c6e1dc/openerp6/client/bin/build/matplotlib/examples/data/intc.csv
ff195747f13e7670481e56666301b7b9	github	human	","	"\""	""	1865	https://raw.githubusercontent.com/marayl/aug/5e6a8c54b86c8f0b064bee23fb784a46d28d1d04/syscall.csv
ff561b512339df36134165fd39d54a9a	ukdata	human	","	"\""	""	556	https://www.gov.uk/government/uploads/system/uploads/attachment_data/file/362413/leaders_travel_jan_mar_14.csv
ff5a27a21aa24120f480c102dcc088c3	github	human	","	""	""	434	https://raw.githubusercontent.com/schlund-deprecated/cm6_android_vendor_htc_photon/a40553910c3f72a32631c19ef9b87e8ca8265c2b/proprietary/AudioFilter.csv
ff5af53567d59ac16f67c3eeed123b7e	github	human	","	""	""	390	https://raw.githubusercontent.com/StephanHoyer/magento-lucene/7ecf04ff8a59ec89c440f9dca3367314c6123ccf/app/locale/de_DE/Mage_Lucene.csv
